startup_id,mentor_id,FIT1,FIT1_confidence,FIT1_explicability,FIT1_evidence_quotes,FIT1_match_drivers,FIT1_missing_info_flags
startup_001,MENTOR_001,0.58,0.7,"Moderate overlap exists between Heatrix's industrial decarbonization mission and Alexandra's deep renewables/energy sector expertise. Her transactional, legal, and policy experience in energy could support Heatrix's scaling ambitions, though her solar/wind focus differs from industrial heat technology. The match is functional (legal, transactions, policy) rather than domain-specific (industrial heat equipment).","[{'from': 'startup', 'quote': 'efficient power-to-heat solution to decarbonize industrial heat up to 1500°C'}, {'from': 'mentor', 'quote': 'General Counsel for EMEA and Global Head of Transactions at Lightsource bp; 17+ years in renewables'}]","['Energy sector decarbonization alignment', 'Legal and transactional expertise for scaling', 'Policy influence relevant to industrial energy transition', 'Renewables experience applicable to power-to-heat context']","[""Mentor's specific experience with industrial clients or manufacturing"", ""Mentor's familiarity with equipment manufacturing business models"", ""Startup's current legal/regulatory challenges or transaction needs""]"
startup_001,MENTOR_002,0.78,0.85,"Strong domain alignment between Heatrix's industrial decarbonization mission and Magali Anderson's extensive experience in industrial transformation, sustainability strategy, and operations at scale. Her board-level perspective at Anglo American (mining/industrial sector) and former Chief Sustainability Officer role at Holcim (cement/construction materials requiring high-temperature processes) directly overlap with Heatrix's goal to decarbonize industrial heat up to 1500°C and scale to multinational operations.","[{'from': 'startup', 'quote': 'efficient power-to-heat solution to decarbonize industrial heat up to 1500°C'}, {'from': 'mentor', 'quote': 'Chief Sustainability & Innovation Officer at Holcim'}]","['Industrial decarbonization expertise', 'Sustainability strategy at industrial scale', 'Operations in heavy industry (cement, mining)', 'Multinational scaling experience']",[]
startup_001,MENTOR_003,0.78,0.72,Strong domain alignment between Heatrix's industrial decarbonization technology and Julien's 20+ years in sustainable innovation and clean/industrial technology. His experience scaling and exiting a 100+ employee startup provides relevant operational context for Heatrix's multinational ambitions. The match is strong but confidence is moderated by limited detail on Julien's specific industrial heat or manufacturing expertise.,"[{'from': 'startup', 'quote': 'efficient power-to-heat solution to decarbonize industrial heat up to 1500°C'}, {'from': 'mentor', 'quote': '20+ years developing sustainable innovation; sold 100+ employee startup to Screen Japan'}]","['Sustainability and clean technology focus', 'Industrial technology domain overlap', 'Scaling experience to 100+ employees', 'Strategic exit and multinational growth context']","['Specific industrial heat or high-temperature process expertise', ""Details on mentor's equipment manufacturing experience"", ""Geographic market overlap (Germany vs mentor's markets)""]"
startup_001,MENTOR_004,0.72,0.75,"Strong domain alignment exists between Heatrix's industrial decarbonization mission and Elizabeth Grier's climate tech and energy transition expertise. Her experience in venture capital, investment banking, and startup scaling directly matches Heatrix's growth trajectory toward becoming a multinational company with €2.6B revenue targets. The BRITE Energy Innovators affiliation specifically indicates relevant clean energy sector networks.","[{'from': 'startup', 'quote': 'efficient power-to-heat solution to decarbonize industrial heat up to 1500°C'}, {'from': 'mentor', 'quote': 'Climate Tech; Energy Transition'}]","['Climate tech and energy transition domain expertise', 'Financial services and venture capital experience for scaling', 'BRITE Energy Innovators network in clean energy sector', 'Investment and startup scaling operational knowledge']","[""Mentor's specific experience with industrial heat or manufacturing sectors"", ""Mentor's geographic focus (Europe vs. global)"", ""Depth of mentor's technical understanding of power-to-heat technologies""]"
startup_001,MENTOR_005,0.68,0.72,"Strong domain alignment exists: Heatrix operates in climate tech (industrial decarbonization), and Jason has explicit climate tech expertise plus policy/government advisory experience valuable for scaling industrial equipment. However, mentor's quantum and systems design engineering tags show limited direct overlap with power-to-heat technology, and no evidence of industrial manufacturing or thermal systems expertise is provided.","[{'from': 'startup', 'quote': 'efficient power-to-heat solution to decarbonize industrial heat up to 1500°C'}, {'from': 'mentor', 'quote': 'Climate Tech; Investment; Policy Influence; Government Advisory'}]","['Climate tech / decarbonization domain alignment', 'Policy & government advisory for industrial scale-up', 'Investment expertise for capital-intensive equipment business']","[""No evidence of mentor's industrial manufacturing experience"", 'No evidence of thermal/heat systems technical expertise', ""Limited detail on mentor's specific climate tech focus areas""]"
startup_001,MENTOR_006,0.72,0.78,"Strong domain alignment exists between Heatrix's industrial decarbonization mission and Arnaud's 20+ years in renewable energy, ESG strategy, and cleantech commercial development. His experience with major energy players like ENGIE directly relates to Heatrix's target market for industrial heat solutions. The match is strong but not exceptional due to limited detail on Arnaud's specific technical depth in high-temperature industrial processes.","[{'from': 'startup', 'quote': 'efficient power-to-heat solution to decarbonize industrial heat up to 1500°C'}, {'from': 'mentor', 'quote': '20+ years global experience; ESG strategy; worked with ENGIE, Michelin, Temasek'}]","['Renewable energy systems expertise matches decarbonization focus', 'Cleantech commercial development aligns with equipment manufacturing scale-up', 'ENGIE experience relevant to industrial energy customers', 'ESG/sustainability strategy fits CO2 reduction mission']","[""Mentor's specific experience with industrial heat or manufacturing sectors unclear"", 'Depth of technical knowledge in power-to-heat technologies not specified']"
startup_001,MENTOR_007,0.72,0.78,Strong domain alignment exists between Heatrix's industrial decarbonization mission and Gaetan's climate tech investment focus at Breakthrough Energy Ventures Europe. His materials science PhD and experience scaling a cleantech hardware company (Kurion) to $350M acquisition provide relevant technical and operational expertise for an equipment manufacturer targeting industrial heat applications.,"[{'from': 'startup', 'quote': 'equipment manufacturer developing an efficient power-to-heat solution to decarbonize industrial heat up to 1500°C'}, {'from': 'mentor', 'quote': 'Co-founder & CTO of Kurion; Fukushima deployment; acquired by Veolia for $350M; PhD Materials Science'}]","['Climate tech/decarbonization domain alignment', 'Materials science expertise for high-temp applications', 'Hardware scaling experience (Kurion exit)', 'Investment perspective for growth-stage cleantech']","[""Heatrix's specific technology approach and current stage"", ""Gaetan's specific involvement areas in materials/thermal systems"", ""Details on Heatrix team's technical background""]"
startup_001,MENTOR_008,0.72,0.75,"Strong domain alignment exists between Heatrix's industrial decarbonization mission and Lisa Aberg's 27-year McKinsey background in sustainability and industrial sectors, plus her climate tech focus and advisory work with European green tech investors. The mentor's M&A and consulting expertise could support Heatrix's multinational scaling ambitions, though specific technical heat technology experience is not evident.","[{'from': 'startup', 'quote': 'efficient power-to-heat solution to decarbonize industrial heat up to 1500°C'}, {'from': 'mentor', 'quote': '27 years McKinsey Senior Partner; sustainability & industrial focus; advises European green tech investors'}]","['Industrial sustainability expertise', 'Climate tech investor advisory experience', 'M&A skills for multinational scaling', 'European green tech ecosystem knowledge']","[""Mentor's specific experience with manufacturing or hardware companies"", ""Mentor's knowledge of power-to-heat or thermal technologies"", ""Details on mentor's board roles in similar sectors""]"
startup_001,MENTOR_009,0.58,0.65,"Moderate overlap exists between Heatrix's industrial heat technology and Céline's deep-tech startup scaling expertise at CEA-Liten. Her semiconductor and materials background (Silicon Carbide operates at high temperatures) provides some technical relevance to high-temperature industrial applications. However, the connection is indirect; her primary value appears operational (startup scaling, IP management) rather than domain-specific to power-to-heat or industrial decarbonization.","[{'from': 'startup', 'quote': 'efficient power-to-heat solution to decarbonize industrial heat up to 1500°C'}, {'from': 'mentor', 'quote': 'Manages deep-tech startup programs at CEA-Liten; Semiconductor Technology; Silicon Carbide'}]","['Deep-tech startup scaling expertise', 'Materials science background (SiC high-temp relevance)', 'Strategic IP management for hardware companies', 'CEA industrial research ecosystem access']","[""Mentor's specific experience with energy/thermal systems"", ""Mentor's track record with hardware manufacturing startups"", ""Startup's current stage and specific operational challenges""]"
startup_001,MENTOR_010,0.58,0.65,"Moderate overlap exists through clean technology focus and scaling expertise. Jason's clean tech investment experience and startup scaling background align with Heatrix's growth ambitions from equipment manufacturer to multinational. However, his data center/infrastructure focus doesn't directly match industrial heat decarbonization, and no evidence of deep domain expertise in industrial processes or power-to-heat technology.","[{'from': 'mentor', 'quote': 'Clean Technology; Applied AI'}, {'from': 'startup', 'quote': 'efficient power-to-heat solution to decarbonize industrial heat up to 1500°C'}]","['Clean technology investment focus', 'Startup scaling operational experience', 'Serial entrepreneur with exit experience', 'Investment perspective for growth stage']","[""Mentor's specific clean tech domain experience unclear"", 'No evidence of industrial manufacturing or thermal systems expertise', ""Limited detail on mentor's operational involvement vs. investment-only role""]"
startup_001,MENTOR_011,0.68,0.72,"Strong domain alignment around decarbonization and climate impact. Mentor's 25+ years in capital markets, climate finance expertise, and policy influence (B20, COP28) match well with Heatrix's capital-intensive industrial decarbonization mission and scale ambitions (€2.6B turnover, 13M tons CO2 reduction). However, no explicit evidence of industrial heat, manufacturing operations, or deep-tech hardware expertise limits the score.","[{'from': 'startup', 'quote': 'efficient power-to-heat solution to decarbonize industrial heat up to 1500°C'}, {'from': 'mentor', 'quote': '25+ years Canadian capital markets; B20 taskforce member; speaker at COP28; climate finance advisor'}]","['Decarbonization domain overlap', 'Climate finance and capital markets expertise', 'Policy influence for scaling climate solutions', 'ESG and risk assessment for industrial impact']","['No evidence of industrial manufacturing or deep-tech hardware experience', 'No explicit mention of European market or Germany-specific expertise', ""Limited detail on mentor's operational or technical advisory background""]"
startup_001,MENTOR_012,0.58,0.65,"Moderate overlap exists through climate tech domain alignment and EU-funded project coordination expertise relevant to a German deep-tech hardware startup. However, mentor's focus on water treatment, SaaS, and policy influence shows limited direct match to industrial heat equipment manufacturing and power-to-heat technology at 1500°C.","[{'from': 'startup', 'quote': 'efficient power-to-heat solution to decarbonize industrial heat up to 1500°C'}, {'from': 'mentor', 'quote': 'Climate Tech; EU-Funded Project Coordination; 20+ years public-private funding expertise'}]","['Climate tech / decarbonization alignment', 'EU funding expertise for German startup', 'B2B sales experience for industrial equipment', 'Public-private funding navigation']","['No evidence of industrial manufacturing or hardware expertise', 'No mention of high-temperature processes or energy systems', ""Limited detail on mentor's actual climate tech experience depth""]"
startup_001,MENTOR_013,0.25,0.65,"Weak domain overlap. Heatrix focuses on industrial heat decarbonization and power-to-heat equipment manufacturing, while Gia specializes in agri-tech, entomology, and crop protection. Some tangential connection exists through sustainability themes and project management operational expertise, but no direct technical or industry alignment.","[{'from': 'startup', 'quote': 'efficient power-to-heat solution to decarbonize industrial heat up to 1500°C'}, {'from': 'mentor', 'quote': 'Agri Tech; Sustainable Agriculture'}]","['Sustainability/decarbonization theme overlap', 'Project management operational skills', 'Board governance experience']","['No mentor experience in industrial manufacturing or energy systems', 'No startup context on agricultural applications or biological systems', 'Limited mentor bio/profile detail to assess transferable expertise']"
startup_001,MENTOR_014,0.28,0.65,"Weak domain overlap. Mentor's expertise is in vertical farming/agri-tech and brand/communications, while startup focuses on industrial heat decarbonization equipment manufacturing. Some transferable scaling and investment experience exists, but no direct technical, operational, or market alignment between agriculture technology and industrial thermal systems.","[{'from': 'startup', 'quote': 'equipment manufacturer developing an efficient power-to-heat solution to decarbonize industrial heat up to 1500°C'}, {'from': 'mentor', 'quote': 'Vertical Farming; Sustainable Agriculture; Agri Tech'}]","['Sustainability/decarbonization mission alignment', 'Startup scaling experience (generic)', 'Investment knowledge (generic)']","[""Mentor's specific investment experience details"", ""Mentor's operational scaling specifics beyond brand/comms"", 'Any cross-industry hardware/manufacturing experience']"
startup_001,MENTOR_015,0.42,0.65,"Moderate overlap exists through Climate Tech alignment and strategic IP management expertise relevant to Heatrix's equipment manufacturing innovation. However, the mentor's specialization in EPO litigation and patent law lacks direct connection to industrial heat decarbonization technology, operations, or scaling manufacturing businesses.","[{'from': 'startup', 'quote': 'equipment manufacturer developing an efficient power-to-heat solution to decarbonize industrial heat up to 1500°C'}, {'from': 'mentor', 'quote': 'Climate Tech; Strategic IP Management; EPO litigation specialist'}]","['Climate Tech domain alignment', 'Strategic IP relevant for equipment patents', 'European legal expertise matches German incorporation']","[""Mentor's operational/technical experience in manufacturing or industrial processes"", ""Mentor's experience with scaling hardware/equipment companies"", ""Startup's specific IP strategy needs or litigation concerns""]"
startup_001,MENTOR_016,0.52,0.65,"Moderate overlap exists through climate tech domain alignment and scaling expertise. Mentor has climate tech investment experience (70+ investments) relevant to Heatrix's decarbonization mission and scale ambitions (€2.6B turnover target). However, mentor's background is primarily in software/SaaS/platform engineering, while Heatrix is hardware-focused industrial equipment manufacturing, creating a domain mismatch on technical depth.","[{'from': 'mentor', 'quote': '70+ climate tech investments'}, {'from': 'startup', 'quote': 'equipment manufacturer developing an efficient power-to-heat solution to decarbonize industrial heat'}]","['Climate tech domain alignment', 'Startup scaling experience', 'Investment/board governance for growth-stage companies', 'Decarbonization mission overlap']","[""Mentor's specific climate tech investment focus areas (hardware vs software)"", ""Mentor's experience with industrial/manufacturing businesses"", ""Depth of mentor's technical knowledge in energy/thermal systems""]"
startup_001,MENTOR_017,0.58,0.65,"Moderate overlap exists between Heatrix's industrial decarbonization mission and Aurélie's sustainability/climate tech expertise. However, the mentor's profile emphasizes ESG strategy, compliance, and corporate innovation rather than deep industrial equipment or power-to-heat technology expertise. The match is functional (sustainability domain) but lacks specific technical or operational alignment with high-temperature industrial heat manufacturing.","[{'from': 'startup', 'quote': 'efficient power-to-heat solution to decarbonize industrial heat up to 1500°C'}, {'from': 'mentor', 'quote': 'Climate Tech; ESG Compliance; Corporate Innovation'}]","['Climate tech and decarbonization alignment', 'Sustainability strategy expertise', 'Corporate ESG and innovation experience']","[""Mentor's specific experience with industrial manufacturing or equipment sectors"", ""Mentor's technical depth in power-to-heat or thermal systems"", ""Startup's current stage-specific challenges and operational needs""]"
startup_001,MENTOR_018,0.58,0.65,"Moderate overlap exists through Climate Tech alignment and startup scaling expertise relevant to Heatrix's growth ambitions. However, mentor's background in fintech, agritech, and SaaS differs from industrial equipment manufacturing and deep industrial decarbonization, limiting domain-specific match depth.","[{'from': 'mentor', 'quote': 'Climate Tech; Agri Tech; SaaS; Digital Transformation'}, {'from': 'startup', 'quote': 'equipment manufacturer developing an efficient power-to-heat solution to decarbonize industrial heat up to 1500°C'}]","['Climate Tech sector alignment', 'Startup scaling experience for growth-stage companies', 'GTM strategy relevant to B2B industrial sales']","[""Mentor's specific experience with hardware/equipment manufacturing unclear"", ""Mentor's knowledge of industrial heat or heavy industry sectors not evident"", ""Startup's current stage and specific operational challenges not detailed""]"
startup_001,MENTOR_019,0.68,0.72,"Strong domain alignment exists: Heatrix operates in industrial decarbonization (Climate Tech/Deep Tech), and Sabrina specializes in Climate Tech, Deep Tech, and sustainability strategy. Her expertise in startup scaling and fundraising matches Heatrix's growth ambitions toward multinational scale. However, limited detail on mentor's industrial heat or hardware manufacturing experience prevents a higher score.","[{'from': 'startup', 'quote': 'efficient power-to-heat solution to decarbonize industrial heat up to 1500°C'}, {'from': 'mentor', 'quote': 'Climate Tech; Deep Tech; Data-Driven Sales; Carbon & Biodiversity'}]","['Climate Tech & decarbonization alignment', 'Deep Tech hardware development overlap', 'Startup scaling for multinational growth', 'Fundraising for capital-intensive equipment manufacturing']","[""Mentor's specific experience with industrial manufacturing or hardware"", ""Mentor's background in B2B sales for equipment/capital goods"", ""Details on mentor's technical depth in thermal/energy systems""]"
startup_001,MENTOR_020,0.78,0.82,Strong domain alignment between Heatrix's industrial decarbonization technology and Magnus's Climate Tech and Industrial Tech expertise. His deep-tech investment background and board governance experience are highly relevant for a hardware manufacturer scaling from incorporation (2022) toward multinational ambitions with €2.6B revenue targets.,"[{'from': 'startup', 'quote': 'efficient power-to-heat solution to decarbonize industrial heat up to 1500°C'}, {'from': 'mentor', 'quote': 'Climate Tech; Nuclear; Semiconductors; Industrial Tech'}]","['Climate Tech + Industrial Tech domain overlap', 'Deep-tech investment experience for hardware scaling', 'Board governance for multinational growth trajectory', 'Industrial decarbonization sector alignment']","[""Mentor's specific experience with thermal/heat technologies unclear"", 'Geographic focus (Sweden vs Germany operations) not specified']"
startup_001,MENTOR_021,0.72,0.75,Strong domain alignment between Heatrix's industrial decarbonization mission and Florent's climate tech leadership and 20+ years in energy/utilities consulting. His expertise in sustainability strategy and corporate innovation directly matches the startup's goal of transforming industrial heat production at scale.,"[{'from': 'startup', 'quote': 'efficient power-to-heat solution to decarbonize industrial heat up to 1500°C'}, {'from': 'mentor', 'quote': 'Global Head Climate Tech; 20+ years energy & utilities consulting'}]","['Climate tech and decarbonization focus', 'Energy sector expertise', 'Sustainability strategy experience', 'Corporate innovation for scaling']","[""Mentor's specific experience with industrial heat or manufacturing"", ""Mentor's track record with hardware/equipment companies"", ""Details on mentor's AI/data analytics application to climate solutions""]"
startup_001,MENTOR_022,0.58,0.65,"Moderate overlap exists between Heatrix's industrial decarbonization mission and Marc Gillmann's energy sector expertise and policy influence capabilities. However, the mentor's focus on biofuels and energy policy may not directly address the specific technical challenges of power-to-heat equipment manufacturing up to 1500°C. The match is strengthened by potential policy navigation needs for a hardware startup targeting industrial transformation at scale.","[{'from': 'startup', 'quote': 'efficient power-to-heat solution to decarbonize industrial heat up to 1500°C'}, {'from': 'mentor', 'quote': 'energy policy expert'}]","['Energy sector domain alignment', 'Policy influence for industrial decarbonization', 'Entrepreneurship & innovation leadership experience']","[""Mentor's specific experience with industrial heat or manufacturing hardware"", ""Mentor's technical depth in power-to-heat or electrification technologies"", ""Startup's current stage-specific challenges and immediate strategic priorities""]"
startup_001,MENTOR_023,0.42,0.65,"Moderate overlap exists primarily through ESG expertise and institutional finance experience relevant to Heatrix's decarbonization mission and scale-up capital needs. However, mentor lacks direct industrial manufacturing, cleantech, or power-to-heat domain expertise, limiting technical and operational alignment.","[{'from': 'mentor', 'quote': '35 years global finance leadership; former Amundi Global Head of Sales'}, {'from': 'startup', 'quote': 'efficient power-to-heat solution to decarbonize industrial heat up to 1500°C'}]","['ESG expertise aligns with decarbonization mission', 'Institutional finance experience for scale-up capital', 'Global sales leadership relevant to multinational ambitions']","['No evidence of industrial equipment or manufacturing expertise', 'No cleantech or energy sector experience mentioned', 'Unclear if mentor has B2B industrial client experience']"
startup_001,MENTOR_024,0.25,0.3,"Insufficient info. The mentor profile provides only a title (PhD Candidate) and affiliation (Carnegie Mellon University) with no domain expertise, technical background, or operational experience detailed. The startup operates in industrial decarbonization and power-to-heat equipment manufacturing, but no evidence exists to assess overlap with the mentor's capabilities.","[{'from': 'startup', 'quote': 'efficient power-to-heat solution to decarbonize industrial heat up to 1500°C'}, {'from': 'mentor', 'quote': 'PhD Candidate'}]","['Academic affiliation at research university', 'No specific domain or functional expertise provided']","[""Mentor's research focus or PhD domain"", ""Mentor's technical expertise or industry experience"", ""Mentor's operational or functional skills"", ""Mentor's relevant background in energy, manufacturing, or decarbonization""]"
startup_001,MENTOR_025,0.22,0.65,"Weak overlap between industrial heat decarbonization equipment and automotive/software-defined vehicle expertise. Mentor's 30+ years automotive leadership and consulting experience could provide generic business scaling and operations guidance, but lacks specific domain relevance to power-to-heat technology or industrial manufacturing processes.","[{'from': 'startup', 'quote': 'equipment manufacturer developing an efficient power-to-heat solution to decarbonize industrial heat up to 1500°C'}, {'from': 'mentor', 'quote': '30+ years automotive leadership; GM Canada & China; SDV transformation expert'}]","['Manufacturing/operations scaling experience', 'International expansion (China, Canada)', 'Management consulting background']","[""Mentor's experience with industrial equipment or energy sectors"", ""Mentor's knowledge of decarbonization or cleantech"", ""Startup's specific operational or go-to-market challenges""]"
startup_001,MENTOR_026,0.25,0.4,"Weak overlap between mentor and startup domains. Heatrix focuses on industrial heat decarbonization hardware (power-to-heat equipment up to 1500°C), while the mentor's expertise centers on SaaS, robotics, and digital transformation. The mentor's operational and investment experience could provide generic business guidance, but lacks specific relevance to industrial heat technology, manufacturing scale-up, or deep decarbonization sectors.","[{'from': 'startup', 'quote': 'efficient power-to-heat solution to decarbonize industrial heat up to 1500°C'}, {'from': 'mentor', 'quote': 'SaaS; Robotics; Digital Transformation'}]","['Operations experience applicable to scaling', 'Investment background for funding strategy', 'Digital transformation for process optimization']","[""Mentor's specific experience in industrial/hardware sectors"", ""Mentor's knowledge of energy/decarbonization markets"", ""Startup's digitalization or automation needs"", 'Detailed mentor bio and profile information']"
startup_001,MENTOR_027,0.68,0.72,"Strong domain overlap exists between Heatrix's industrial equipment manufacturing and the mentor's extensive background in industrial automation and Siemens executive experience. The mentor's M&A expertise and senior leadership at a major industrial conglomerate align well with Heatrix's ambition to scale to €2.6B turnover globally. However, limited specific information about the mentor's experience with thermal systems or decarbonization technologies prevents a higher score.","[{'from': 'startup', 'quote': 'equipment manufacturer developing an efficient power-to-heat solution to decarbonize industrial heat up to 1500°C'}, {'from': 'mentor', 'quote': 'Former Siemens Executive Committee; Industrial Automation; Mergers & Acquisitions'}]","['Industrial equipment/automation domain alignment', 'Executive scaling experience at multinational industrial company', 'M&A expertise relevant to growth ambitions', 'Manufacturing and operations background']","[""Mentor's specific experience with thermal/heat technologies"", ""Mentor's knowledge of decarbonization or cleantech sectors"", ""Details on mentor's operational vs. strategic focus areas""]"
startup_001,MENTOR_028,0.58,0.65,"Moderate overlap exists through climate tech domain alignment and investment/consulting expertise relevant to Heatrix's scaling ambitions. However, mentor's specific technical tags (offshore wind, biotech, sensors) show limited direct connection to industrial heat/power-to-heat technology, and lack of operational manufacturing experience reduces strategic fit depth.","[{'from': 'mentor', 'quote': 'Climate Tech'}, {'from': 'startup', 'quote': 'efficient power-to-heat solution to decarbonize industrial heat up to 1500°C'}]","['Climate tech domain alignment', 'Investment expertise for scaling', 'DeepTech venturing experience', 'Consulting for multinational growth']","[""Mentor's specific experience with industrial manufacturing or thermal systems"", ""Details on mentor's climate tech portfolio companies"", ""Mentor's geographic focus (Europe/Germany relevance)"", ""Startup's current stage and immediate strategic priorities""]"
startup_001,MENTOR_029,0.12,0.75,"Heatrix focuses on industrial decarbonization through power-to-heat technology for high-temperature applications, while Miles Elsden specializes in autonomous systems, safety assurance, EV, and mobility. There is no credible overlap between industrial heat equipment manufacturing and autonomous systems/mobility expertise.","[{'from': 'startup', 'quote': 'efficient power-to-heat solution to decarbonize industrial heat up to 1500°C'}, {'from': 'mentor', 'quote': 'Autonomous Systems; Safety Assurance; EV; Mobility'}]","['No domain overlap', 'Distinct technical focus areas', 'Minimal functional intersection']","[""Mentor's full bio content not provided"", ""Startup's detailed technical approach unclear"", ""No information on mentor's broader industrial experience""]"
startup_001,MENTOR_030,0.42,0.65,"Moderate overlap exists through financial structuring and M&A expertise relevant to Heatrix's scale-up ambitions (€2.6B turnover target). However, mentor's domain focus (Fintech, Data Security) shows no direct alignment with industrial decarbonization or power-to-heat technology. Functional fit in investment and corporate strategy partially compensates for domain mismatch.","[{'from': 'startup', 'quote': 'expects to reach an annual turnover of up to €2.6B EUR worldwide'}, {'from': 'mentor', 'quote': 'Former Lazard & Goldman Sachs banker; M&A; Corporate Restructuring; Investment'}]","['M&A and investment expertise for scaling', 'Corporate restructuring for growth phases', 'Financial advisory for capital-intensive manufacturing']","[""Mentor's experience with industrial/cleantech sectors unclear"", ""Mentor's operational expertise in manufacturing or hardware unclear"", ""Startup's current stage and immediate strategic needs not specified""]"
startup_001,MENTOR_031,0.28,0.55,"Limited domain overlap between industrial heat decarbonization equipment and digital marketing/medical solutions. Mentor's marketing and investment expertise could provide generic commercial guidance, but lacks specific relevance to industrial equipment manufacturing, B2B sales models, or deep-tech hardware scaling. Insufficient info on mentor's experience with hardware, industrial sectors, or climate tech.","[{'from': 'startup', 'quote': 'equipment manufacturer developing an efficient power-to-heat solution to decarbonize industrial heat up to 1500°C'}, {'from': 'mentor', 'quote': '24+ years digital marketing; connected medical solutions specialist'}]","['Marketing expertise for commercial scaling', 'Investment operational tag', 'Generic business development guidance']","[""Mentor's experience with industrial/hardware sectors"", ""Mentor's knowledge of B2B equipment sales"", ""Mentor's exposure to climate tech or energy transition"", ""Startup's specific go-to-market challenges""]"
startup_001,MENTOR_032,0.72,0.65,"Strong domain alignment exists between Heatrix's industrial decarbonization technology and Andrew Beswick's Climate Tech and Energy expertise. His experience raising £2bn+ and scaling startups is highly relevant to Heatrix's ambitious multinational growth vision (€2.6B turnover target). However, limited detail on mentor's specific industrial heat or manufacturing experience prevents a higher confidence score.","[{'from': 'startup', 'quote': 'multinational company transforming industrial heat production. When operating at scale, Heatrix expects to reach an annual turnover of up to €2.6B EUR'}, {'from': 'mentor', 'quote': 'Climate Tech; Space Tech; Energy; Fintech'}]","['Climate Tech and Energy domain overlap', 'Startup scaling expertise for growth-stage ambitions', 'Capital raising experience (£2bn+) for scale-up needs', 'Board governance for multinational expansion']","[""Mentor's specific experience with industrial manufacturing or B2B equipment sales"", ""Details on mentor's Climate Tech portfolio companies or exits"", ""Mentor's familiarity with European industrial markets or German ecosystem""]"
startup_001,MENTOR_033,0.72,0.75,"Strong domain alignment between Heatrix's industrial decarbonization focus and Michael's clean tech expertise, energy policy background, and analytical experience at BNEF. His McKinsey partnership and UK energy policymaking experience are highly relevant to scaling capital-intensive industrial equipment manufacturing with regulatory considerations.","[{'from': 'startup', 'quote': 'efficient power-to-heat solution to decarbonize industrial heat up to 1500°C'}, {'from': 'mentor', 'quote': 'Former Global Head of Analysis at BNEF; ex-McKinsey Partner; UK energy policymaker'}]","['Clean tech and decarbonization domain expertise', 'Energy sector policy and regulatory knowledge', 'Strategic scaling experience from McKinsey', 'BNEF analytical background for market intelligence']","[""Mentor's specific experience with industrial heat or manufacturing sectors"", ""Details on mentor's clean tech investment thesis or portfolio companies""]"
startup_001,MENTOR_034,0.58,0.65,"Moderate domain overlap exists through shared decarbonization focus and materials science relevance to industrial heat equipment. However, mentor's expertise centers on carbon removal (DAC chemistry) rather than power-to-heat or high-temperature industrial processes, limiting direct technical alignment.","[{'from': 'startup', 'quote': 'efficient power-to-heat solution to decarbonize industrial heat up to 1500°C'}, {'from': 'mentor', 'quote': 'Head of Science at CDR-focused VC; former Climeworks DAC chemist'}]","['Decarbonization domain alignment', 'Materials science relevance to equipment', 'Climate tech investment perspective']","[""Mentor's specific materials science expertise areas"", ""Mentor's experience with industrial heat or manufacturing"", ""Startup's specific technical challenges or material requirements""]"
startup_002,MENTOR_001,0.12,0.75,"Minimal domain overlap exists between self-healing polymer materials for tires and renewable energy (solar/wind). The mentor's expertise in legal, transactions, and policy for energy sectors does not align with materials science, polymer chemistry, or mobility/tire markets. Insufficient info on whether the startup requires legal or transactional guidance.","[{'from': 'startup', 'quote': 'self-healing polymer platform that autonomously repairs punctures and damage at the material level, with its first application in tires'}, {'from': 'mentor', 'quote': 'General Counsel for EMEA and Global Head of Transactions at Lightsource bp; 17+ years in renewables'}]","['No technical domain overlap', 'Legal/transactional expertise not evidenced as startup need', 'Energy sector vs. materials/mobility mismatch']","[""Startup's current legal or transactional needs unclear"", 'No evidence of mentor experience in materials, chemicals, or automotive sectors', 'Mentor bio and profile_int fields empty']"
startup_002,MENTOR_002,0.42,0.55,"Moderate overlap exists through materials innovation and sustainability angles. Mentor's deep experience in industrial operations, sustainability strategy, and materials-intensive sectors (mining, construction, oil & gas) provides relevant context for scaling a novel material platform. However, no direct polymer science, tire industry, or mobility sector experience is evident, limiting the strength of the match.","[{'from': 'mentor', 'quote': 'former Chief Sustainability & Innovation Officer at Holcim'}, {'from': 'startup', 'quote': 'self-healing polymer platform that autonomously repairs punctures and damage at the material level'}]","['Sustainability strategy expertise', 'Industrial transformation and scaling experience', 'Materials-intensive sector operations (construction, mining)']","['No evidence of tire/mobility industry experience', 'No polymer or advanced materials R&D background mentioned', ""Startup's specific technical challenges and go-to-market strategy not detailed""]"
startup_002,MENTOR_003,0.68,0.72,"Strong domain alignment exists between Valence's advanced materials platform and Julien's 20+ years in sustainable innovation and industrial technology. His experience scaling and selling a 100+ employee startup provides relevant operational context for a platform company trajectory. However, limited detail on his specific materials science expertise or tire/mobility sector experience prevents a higher score.","[{'from': 'mentor', 'quote': '20+ years developing sustainable innovation; sold 100+ employee startup to Screen Japan'}, {'from': 'startup', 'quote': 'positioning Valence as a true platform company for scalable self-healing solutions'}]","['Sustainable innovation expertise matches materials platform', 'Industrial technology background relevant to manufacturing scale-up', 'Startup exit experience aligns with platform company ambitions', 'Strategic partnerships capability fits ingredient brand strategy']","['No specific materials science or polymer expertise mentioned', 'Unclear if mentor has mobility/automotive sector experience', ""Limited detail on mentor's technical depth vs. business focus""]"
startup_002,MENTOR_004,0.28,0.45,"Weak overlap detected. Mentor has expertise in startup scaling, investment, and board governance which could generically benefit any startup, but lacks specific domain knowledge in materials science, polymer chemistry, or mobility/tire industries that align with Valence's self-healing polymer platform. Insufficient info on mentor's operational experience in deep-tech or manufacturing-intensive ventures.","[{'from': 'mentor', 'quote': 'venture capital, hedge funds, investment banking; Partnerships Development Director at BRITE Energy Innovators'}, {'from': 'startup', 'quote': 'self-healing polymer platform that autonomously repairs punctures and damage at the material level, with its first application in tires'}]","['Startup scaling expertise', 'Investment and fundraising guidance', 'Board governance experience']","['No evidence of materials science or polymer technology expertise', 'No clear connection to mobility, automotive, or tire industries', ""Limited detail on mentor's operational or technical advisory experience"", 'Unclear if climate tech/energy transition tags relate to materials innovation']"
startup_002,MENTOR_005,0.28,0.65,"Weak overlap. Valence is a materials science/polymer chemistry startup focused on self-healing materials for mobility applications. Jason's expertise centers on quantum, systems design engineering, climate tech, policy, and government advisory—domains with minimal direct intersection with polymer chemistry, materials commercialization, or tire/mobility markets. No evidence of materials science, manufacturing scale-up, or B2B ingredient branding experience.","[{'from': 'startup', 'quote': 'self-healing polymer platform that autonomously repairs punctures and damage at the material level, with its first application in tires'}, {'from': 'mentor', 'quote': 'Quantum; Systems Design Engineering; Climate Tech'}]","['Climate tech relevance (mobility sustainability)', 'Systems thinking for platform strategy', 'Policy/government connections for regulatory navigation']","['No materials science or polymer chemistry expertise evident', 'No tire industry or mobility sector experience mentioned', 'No B2B ingredient branding or manufacturing scale-up background']"
startup_002,MENTOR_006,0.68,0.72,"Strong overlap exists through Michelin experience (tire industry) and cleantech commercial development expertise, directly relevant to Valence's self-healing tire polymer platform. ESG and sustainability strategy align with material innovation positioning. Confidence limited by lack of detailed mentor bio text and startup operational specifics.","[{'from': 'mentor', 'quote': 'worked with ENGIE, Michelin, Temasek'}, {'from': 'startup', 'quote': 'self-healing polymer platform that autonomously repairs punctures and damage at the material level, with its first application in tires'}]","['Michelin tire industry experience', 'Cleantech commercial development', 'Sustainability strategy for material innovation', 'Platform company scaling expertise']","['Detailed mentor bio content not provided', ""Startup's current stage and commercialization status unclear"", 'Specific nature of Michelin engagement not detailed']"
startup_002,MENTOR_007,0.68,0.75,"Strong domain overlap exists through materials science expertise (mentor's PhD and Kurion CTO role) matching the startup's polymer platform development. The mentor's experience scaling a materials/cleantech startup (Kurion) to a $350M acquisition provides relevant operational context for Valence's platform ambitions, though the specific application domains (nuclear waste management vs. self-healing polymers for mobility) differ.","[{'from': 'mentor', 'quote': 'PhD Materials Science'}, {'from': 'startup', 'quote': 'self-healing polymer platform that autonomously repairs punctures and damage at the material level'}]","['Materials science technical expertise', 'Scaling materials/platform technology startup', 'Cleantech/industrial commercialization experience', 'High-value exit track record ($350M acquisition)']","[""Mentor's specific materials science focus areas unclear"", ""Mentor's experience with polymer chemistry or automotive/mobility sectors not specified""]"
startup_002,MENTOR_008,0.48,0.55,"Moderate overlap exists: Lisa's 27-year McKinsey background in sustainability and industrial focus aligns with Valence's materials innovation and platform ambitions, and her M&A/consulting expertise could support scaling and strategic positioning. However, no direct evidence of polymer science, materials engineering, or tire/mobility sector experience is provided, limiting the specificity of the match.","[{'from': 'mentor', 'quote': '27 years McKinsey Senior Partner; sustainability & industrial focus; advises European green tech investors'}, {'from': 'startup', 'quote': 'positioning Valence as a true platform company for scalable self-healing solutions'}]","['Industrial sector experience', 'Sustainability/climate tech alignment', 'Strategic consulting and M&A expertise', 'European green tech investor network']","['No evidence of materials science or polymer expertise', 'No explicit tire or mobility sector experience', ""Limited detail on mentor's specific industrial subsectors""]"
startup_002,MENTOR_009,0.42,0.55,"Moderate overlap exists through deep-tech startup scaling expertise and strategic IP management, which are relevant to Valence's platform ambitions and material innovation commercialization. However, mentor's technical domain (semiconductors, silicon carbide) shows no direct connection to polymer chemistry or self-healing materials, limiting technical synergy.","[{'from': 'mentor', 'quote': 'Manages deep-tech startup programs at CEA-Liten'}, {'from': 'startup', 'quote': 'positioning Valence as a true platform company for scalable self-healing solutions'}]","['Deep-tech startup program management experience', 'Strategic IP management relevant to material platform', 'Scaling expertise for platform company ambitions']","['No evidence of materials science or polymer expertise', ""Limited detail on mentor's specific startup scaling methodologies"", ""No information on mentor's mobility/automotive sector experience""]"
startup_002,MENTOR_010,0.42,0.55,"Moderate overlap exists through Jason's clean technology expertise and startup scaling experience, which could benefit Valence's platform ambitions. However, his focus areas (data centers, infrastructure, applied AI) do not directly align with materials science, polymer chemistry, or mobility/tire markets. Insufficient detail on both profiles limits confidence in assessing deeper synergies.","[{'from': 'mentor', 'quote': 'Clean Technology; Applied AI'}, {'from': 'startup', 'quote': 'self-healing polymer platform that autonomously repairs punctures and damage at the material level'}]","['Clean technology domain overlap', 'Startup scaling operational experience', 'Serial entrepreneur background']","[""Mentor's specific clean tech experience details"", ""Mentor's familiarity with materials/chemistry sectors"", ""Startup's current stage and scaling challenges"", ""Mentor's investment thesis and portfolio relevance""]"
startup_002,MENTOR_011,0.28,0.55,"Weak overlap exists primarily through ESG/decarbonization themes relevant to sustainable materials and mobility. However, the mentor's core expertise in capital markets, climate finance, and policy influence shows limited direct alignment with materials science, polymer technology, or tire/mobility product development that defines Valence's core business.","[{'from': 'mentor', 'quote': 'Decarbonization; ESG; Risk Assessment'}, {'from': 'startup', 'quote': 'self-healing polymer platform that autonomously repairs punctures and damage at the material level, with its first application in tires'}]","['ESG/sustainability alignment with materials innovation', 'Decarbonization relevance to mobility sector', 'Capital markets experience for potential fundraising']","['No evidence of materials science or polymer technology expertise', 'No indication of tire industry or mobility product experience', 'Unclear if climate finance extends to deep-tech materials startups']"
startup_002,MENTOR_012,0.42,0.55,"Moderate overlap exists through deep tech commercialization and EU funding expertise relevant to a Belgium-based materials innovation startup. However, mentor's domain focus (water treatment, climate tech, SaaS) shows limited direct alignment with self-healing polymers and tire applications. The B2B sales and policy influence experience offers some operational value for scaling a platform technology.","[{'from': 'mentor', 'quote': '20+ years public-private funding expertise; advisor to EU governments and European Commission'}, {'from': 'startup', 'quote': 'positioning Valence as a true platform company for scalable self-healing solutions'}]","['EU funding and policy navigation for Belgium-based deep tech', 'B2B commercialization experience', 'Platform scaling advisory potential']","['No materials science or polymer expertise evident', 'No automotive/mobility sector experience mentioned', 'Limited startup profile detail on technical challenges or go-to-market strategy']"
startup_002,MENTOR_013,0.25,0.6,"Minimal domain overlap between self-healing polymer materials for mobility/tires and agri-tech/entomology expertise. Mentor's operational tags (board governance, investment, project management) provide generic value but lack specific relevance to materials science, polymer chemistry, or automotive/tire industries. Insufficient info on mentor's materials or manufacturing experience.","[{'from': 'startup', 'quote': 'self-healing polymer platform that autonomously repairs punctures and damage at the material level, with its first application in tires'}, {'from': 'mentor', 'quote': 'Entomologist; Programme Leader at NIAB; PhD Imperial College; crop protection & insect ecology expert'}]","['Generic operational guidance (board governance, project management)', 'No materials science or mobility sector alignment']","[""Mentor's experience in materials science, polymer chemistry, or manufacturing"", ""Mentor's connections to automotive, tire, or mobility industries"", 'Detailed mentor bio or profile text']"
startup_002,MENTOR_014,0.22,0.65,"Weak domain overlap. Valence operates in advanced materials/polymers for mobility (tires), while Osnat's expertise is in vertical farming, sustainable agriculture, and agri-tech. Her operational experience in startup scaling and brand building offers generic value, but lacks specific relevance to materials science, manufacturing, or mobility sectors.","[{'from': 'startup', 'quote': 'self-healing polymer platform that autonomously repairs punctures and damage at the material level, with its first application in tires'}, {'from': 'mentor', 'quote': 'Vertical Farming; Sustainable Agriculture; Agri Tech'}]","['Startup scaling experience', 'Brand building expertise', 'Investment knowledge']","[""Mentor's specific experience with materials or manufacturing"", ""Mentor's involvement in mobility or industrial sectors"", ""Detailed startup operational challenges and mentor's relevant solutions""]"
startup_002,MENTOR_015,0.58,0.65,"Moderate overlap exists: the mentor's strategic IP management expertise and EPO litigation specialization are relevant to a materials innovation startup developing a novel polymer platform that will require robust patent protection in European markets. However, the mentor's domain tags (Climate Tech, Health Tech, Biology) show limited direct alignment with advanced materials/polymers for mobility applications, reducing the strength of fit.","[{'from': 'startup', 'quote': 'self-healing polymer platform that autonomously repairs punctures and damage at the material level'}, {'from': 'mentor', 'quote': 'Strategic IP Management; EPO litigation specialist; Encyclopedia of UK & European Patent Law'}]","['IP strategy for novel material platform', 'European patent protection (startup incorporated Belgium)', 'Platform scalability IP considerations']","[""Mentor's specific experience with materials/polymer IP"", ""Mentor's track record with early-stage deep tech startups"", ""Startup's current IP strategy and challenges""]"
startup_002,MENTOR_016,0.28,0.65,Weak overlap between mentor's software/SaaS/marketplace expertise and startup's materials science/polymer platform. Climate tech investment experience provides minimal relevance to self-healing materials for tires. Mentor's scaling and governance experience could offer generic value but lacks domain specificity for advanced materials commercialization.,"[{'from': 'mentor', 'quote': 'Co-founder & ex-CTO Eventbrite; 70+ climate tech investments'}, {'from': 'startup', 'quote': 'self-healing polymer platform that autonomously repairs punctures and damage at the material level'}]","['Climate tech investment exposure', 'Startup scaling experience', 'Board governance expertise']","['No evidence of materials science or manufacturing expertise', 'No indication of mobility/automotive sector experience', 'Unclear if climate tech investments include materials or hardware companies']"
startup_002,MENTOR_017,0.28,0.45,"Insufficient info to assess strong fit. Mentor's expertise centers on ESG strategy, compliance, and sustainability transformation, which could tangentially support Valence's long-term positioning in sustainable materials. However, no evidence of materials science, polymer chemistry, tire industry, or manufacturing operations expertise that would directly match Valence's core technology and go-to-market challenges.","[{'from': 'mentor', 'quote': 'Global ESG leader; CSRD & ESRS expert; AI-driven sustainability transformation'}, {'from': 'startup', 'quote': 'self-healing polymer platform that autonomously repairs punctures and damage at the material level, with its first application in tires'}]","['Sustainability narrative for materials innovation', 'ESG compliance for scaling operations', 'Corporate innovation engagement strategies']","['No materials science or polymer expertise evident', 'No tire industry or mobility sector experience mentioned', 'No manufacturing or supply chain operations background', 'Insufficient mentor bio/profile detail to assess technical domain overlap']"
startup_002,MENTOR_018,0.42,0.55,"Moderate overlap exists through operational scaling expertise and deep tech experience relevant to Valence's material science platform. However, mentor's domain focus (Climate Tech, Agri Tech, SaaS, Digital Transformation) shows limited direct alignment with advanced materials, polymer chemistry, or mobility/tire industries. The match is primarily functional (scaling, operations, GTM) rather than domain-specific.","[{'from': 'mentor', 'quote': 'scaled fintech, agritech & deep tech startups'}, {'from': 'startup', 'quote': 'positioning Valence as a true platform company for scalable self-healing solutions'}]","['Deep tech startup scaling experience', 'Operations and GTM strategy expertise', 'Platform company growth alignment']","['No evidence of materials science or polymer expertise', 'No mobility, automotive, or tire industry experience mentioned', 'Limited mentor bio/profile detail for deeper assessment']"
startup_002,MENTOR_019,0.42,0.55,"Moderate overlap exists through sustainability/climate tech alignment and startup scaling expertise relevant to Valence's platform ambitions. However, mentor's profile lacks specific materials science, polymer chemistry, or mobility/tire industry experience that would create strong domain fit with HEALANT®'s technical core.","[{'from': 'startup', 'quote': 'positioning Valence as a true platform company for scalable self-healing solutions'}, {'from': 'mentor', 'quote': 'Advises startups on sustainable growth, sales optimization, and investor readiness'}]","['Startup scaling expertise for platform growth', 'Sustainability strategy aligns with materials innovation', 'Fundraising guidance for capital-intensive deep tech']","['No evidence of materials science or polymer expertise', 'No mobility/automotive/tire industry experience mentioned', ""Limited detail on mentor's deep tech domain knowledge depth""]"
startup_002,MENTOR_020,0.48,0.55,"Moderate overlap exists: Magnus has deep-tech investment expertise and industrial tech focus, which aligns with Valence's advanced materials platform. However, his specific domains (climate tech, nuclear, semiconductors) don't directly intersect with self-healing polymers or mobility applications. The match is primarily at the functional level (investment, board governance for a scaling deep-tech company) rather than domain-specific technical expertise.","[{'from': 'mentor', 'quote': 'Deep-tech investor; former Swedish Technical Attaché; ex-Gartner VP'}, {'from': 'startup', 'quote': 'positioning Valence as a true platform company for scalable self-healing solutions'}]","['Deep-tech investment experience', 'Industrial tech sector knowledge', 'Board governance for scaling companies', 'Platform company scaling perspective']","['No evidence of materials science or polymer expertise', 'No clear connection to mobility/automotive sectors', 'Limited mentor bio/profile detail for deeper assessment', 'Unclear if mentor has experience with ingredient/B2B2C brand strategies']"
startup_002,MENTOR_021,0.28,0.45,"Weak overlap detected. Mentor's expertise in climate tech and sustainability strategy could provide generic guidance on ESG positioning for a materials innovation company, but there is no specific evidence of expertise in advanced materials, polymer science, tire manufacturing, or mobility hardware. Insufficient information about mentor's sector-specific experience limits confidence in assessing deeper fit.","[{'from': 'startup', 'quote': 'self-healing polymer platform that autonomously repairs punctures and damage at the material level, with its first application in tires'}, {'from': 'mentor', 'quote': '20+ years energy & utilities consulting'}]","['Climate tech framing for sustainability narrative', 'Corporate innovation experience for B2B partnerships', 'ESG strategy for materials circularity positioning']","['No evidence of materials science or polymer expertise', 'No mobility/automotive sector experience mentioned', 'No manufacturing or supply chain operations background', 'Mentor bio and detailed profile are empty']"
startup_002,MENTOR_022,0.25,0.4,"Insufficient info. The mentor's expertise in biofuels, energy, and policy influence shows minimal direct overlap with Valence's self-healing polymer materials for tires. The mentor's entrepreneurship/innovation leadership role provides generic startup guidance value, but no specific domain match to advanced materials, polymers, or mobility applications is evident from the provided text.","[{'from': 'mentor', 'quote': 'Director of Entrepreneurship & Innovation at École Polytechnique'}, {'from': 'startup', 'quote': 'self-healing polymer platform that autonomously repairs punctures and damage at the material level'}]","['Entrepreneurship/innovation leadership experience', 'Policy influence (potential regulatory navigation)']","[""Mentor's specific experience with materials science or polymers"", ""Mentor's involvement with mobility/automotive sectors"", ""Mentor's track record with B2B ingredient brands or platform companies"", 'Detailed mentor bio and profile text']"
startup_002,MENTOR_023,0.22,0.7,"Weak overlap between mentor's finance/institutional sales expertise and startup's materials science/manufacturing focus. Mentor could provide generic business guidance on fundraising or investor relations, but lacks domain-specific knowledge in polymer chemistry, materials engineering, or mobility/tire industry operations.","[{'from': 'startup', 'quote': 'self-healing polymer platform that autonomously repairs punctures and damage at the material level, with its first application in tires'}, {'from': 'mentor', 'quote': '35 years global finance leadership; former Amundi Global Head of Sales; ex-CEO SGAM Asia'}]","['Generic fundraising/investor relations guidance', 'Institutional client engagement experience', 'Executive leadership perspective']","['No evidence of materials science or manufacturing expertise', 'No mobility/automotive industry experience indicated', 'No technology commercialization background in mentor profile']"
startup_002,MENTOR_024,0.25,0.3,"Insufficient info. The mentor profile provides only academic affiliation (PhD Candidate at Carnegie Mellon) and CDL Fellow status, with no domain expertise, technical background, or operational experience detailed. Cannot assess meaningful overlap with Valence's self-healing polymer platform and tire application without mentor's research focus, industry experience, or relevant skills.","[{'from': 'startup', 'quote': 'develops HEALANT®, a self-healing polymer platform that autonomously repairs punctures and damage at the material level'}, {'from': 'mentor', 'quote': 'PhD Candidate'}]","['Academic background (PhD level)', 'CDL ecosystem familiarity']","[""Mentor's research domain/focus area"", ""Mentor's technical expertise or specialization"", ""Mentor's industry experience or functional skills"", ""Mentor's relevance to materials science, polymers, or mobility sectors""]"
startup_002,MENTOR_025,0.48,0.65,"Moderate overlap exists through automotive/mobility domain alignment. Mentor's 30+ years automotive leadership and GM experience provide relevant industry context for Valence's tire application in mobility markets. However, mentor's focus on software-defined vehicles, EV, and autonomous vehicles represents a different technology layer than materials science and self-healing polymers, limiting direct technical synergy.","[{'from': 'startup', 'quote': 'establish HEALANT® as a recognized ingredient brand in mobility markets'}, {'from': 'mentor', 'quote': '30+ years automotive leadership; GM Canada & China; SDV transformation expert'}]","['Automotive/mobility industry domain overlap', 'OEM relationship experience (GM) relevant for tire partnerships', 'Consulting expertise applicable to market positioning']","[""Mentor's materials science or manufacturing expertise unclear"", ""Mentor's experience with ingredient branding or B2B2C models not specified"", ""Startup's specific go-to-market challenges and technical development stage not detailed""]"
startup_002,MENTOR_026,0.28,0.45,"Insufficient info to assess strong fit. Valence is a materials science/chemistry company developing self-healing polymers for physical products (tires), while Antoine's expertise centers on SaaS, digital transformation, and robotics—domains with minimal direct overlap to polymer chemistry or tire manufacturing. Some weak operational/investment overlap may exist, but no specific evidence of materials, manufacturing, or mobility sector experience is provided.","[{'from': 'startup', 'quote': 'self-healing polymer platform that autonomously repairs punctures and damage at the material level, with its first application in tires'}, {'from': 'mentor', 'quote': 'SaaS; Robotics; Digital Transformation'}]","['Generic operations experience', 'Investment background (unspecified relevance)', 'Circular economy interest (tangential to sustainability)']","['No evidence of materials science or chemistry expertise', 'No tire/automotive/mobility sector experience mentioned', 'No manufacturing or physical product development background', 'Mentor bio and detailed profile are empty']"
startup_002,MENTOR_027,0.28,0.55,"Weak overlap between self-healing polymer materials and mentor's robotics/automation expertise. Potential indirect connection through industrial automation applications or M&A strategy, but no direct materials science, chemistry, or tire/mobility industry experience evident. Insufficient info on mentor's specific domain knowledge beyond high-level tags.","[{'from': 'startup', 'quote': 'self-healing polymer platform that autonomously repairs punctures and damage at the material level, with its first application in tires'}, {'from': 'mentor', 'quote': 'Robotics; Industrial Automation; Space Tech'}]","['Industrial automation may intersect manufacturing scale-up', 'M&A expertise relevant for platform expansion strategy', 'Executive experience at Siemens (industrial conglomerate)']","['No materials science or polymer chemistry expertise indicated', 'No tire industry or mobility sector experience mentioned', 'Mentor bio and detailed profile empty; limited basis for assessment']"
startup_002,MENTOR_028,0.42,0.55,"Moderate overlap exists through climate tech relevance and deep tech investment experience. The mentor's background in digital science and CIO roles shows limited direct connection to materials science, polymer chemistry, or tire/mobility manufacturing. Insufficient detail on mentor's specific portfolio or operational expertise in materials or automotive sectors.","[{'from': 'mentor', 'quote': 'DeepTech & climate venturing leader'}, {'from': 'startup', 'quote': 'self-healing polymer platform that autonomously repairs punctures and damage at the material level'}]","['DeepTech investment experience', 'Climate tech focus alignment', 'Venture leadership background']","['No evidence of materials science or polymer expertise', 'No clear connection to mobility/automotive sectors', ""Limited detail on mentor's operational or technical depth in relevant domains"", 'Unclear if climate tech focus includes materials innovation']"
startup_002,MENTOR_029,0.42,0.55,"Moderate overlap exists through shared mobility domain focus. Mentor's expertise in autonomous systems, EV, and mobility policy intersects with Valence's tire application in mobility markets, though mentor's focus on autonomy/safety assurance is tangential to self-healing materials. Limited specificity in both profiles reduces confidence in deeper technical or operational alignment.","[{'from': 'mentor', 'quote': 'Autonomous Systems; Safety Assurance; EV; Mobility'}, {'from': 'startup', 'quote': 'establish HEALANT® as a recognized ingredient brand in mobility markets'}]","['Shared mobility sector focus', 'EV market relevance for tire applications', 'Policy/advisory experience for market positioning']","[""Mentor's specific materials science or manufacturing expertise unclear"", ""Mentor's experience with ingredient branding or B2B partnerships not evident"", ""Startup's go-to-market strategy and regulatory needs underspecified""]"
startup_002,MENTOR_030,0.28,0.65,"Weak domain overlap. The mentor's expertise centers on fintech, data security, M&A, and investment banking (Lazard, Goldman Sachs, Citadel, Natixis), while the startup develops self-healing polymer materials for physical products like tires. The mentor could provide generic strategic or fundraising guidance, but lacks specific materials science, manufacturing, or mobility sector experience evident in the provided text.","[{'from': 'mentor', 'quote': 'Former Lazard & Goldman Sachs banker; ex-Citadel; Natixis executive'}, {'from': 'startup', 'quote': 'develops HEALANT®, a self-healing polymer platform that autonomously repairs punctures and damage at the material level'}]","['M&A and investment experience for fundraising/exits', 'Corporate restructuring for scaling operations', 'No materials science or mobility sector expertise']","[""Mentor's experience with physical product companies or manufacturing"", ""Mentor's involvement in mobility, automotive, or materials sectors"", ""Startup's current fundraising stage and capital needs""]"
startup_002,MENTOR_031,0.42,0.55,"Moderate overlap exists: the mentor's 24+ years in digital marketing and data-driven marketing could support Valence's goal to establish HEALANT® as a recognized ingredient brand. However, the mentor's domain expertise in connected medical solutions does not directly align with materials science, polymer technology, or mobility/tire markets, limiting the depth of fit.","[{'from': 'startup', 'quote': 'establish HEALANT® as a recognized ingredient brand in mobility markets'}, {'from': 'mentor', 'quote': '24+ years digital marketing'}]","['Brand-building and marketing expertise', 'Data-driven marketing for ingredient branding', 'Digital media experience']","[""No evidence of mentor's experience in materials, polymers, or mobility/tire sectors"", ""Insufficient detail on mentor's strategic marketing in B2B or ingredient branding contexts"", 'Limited startup profile text to assess technical or operational needs']"
startup_002,MENTOR_032,0.28,0.45,"Weak overlap detected. The mentor's expertise in startup scaling, investment, and board governance offers generic value to any early-stage company, but there is no specific alignment with materials science, polymer chemistry, or mobility/tire markets. Insufficient info on mentor's operational depth in relevant domains.","[{'from': 'mentor', 'quote': 'Raised £2bn+; founder of Torvius; serial entrepreneur'}, {'from': 'startup', 'quote': 'self-healing polymer platform that autonomously repairs punctures and damage at the material level, with its first application in tires'}]","['Startup scaling experience', 'Investment and fundraising track record', 'Board governance expertise']","['No evidence of materials science or polymer expertise', 'No mention of mobility, automotive, or tire industry experience', ""Mentor's tech tags (Climate, Space, Energy, Fintech) do not align with advanced materials or manufacturing"", ""Insufficient detail on mentor's operational or technical domain knowledge""]"
startup_002,MENTOR_033,0.58,0.65,"Moderate overlap exists through materials technology expertise and clean tech focus. The mentor's background in materials and clean tech aligns with Valence's advanced materials platform, though the specific domain (self-healing polymers for mobility) differs from the mentor's telecommunications and space tech experience. Strategic scaling insights from McKinsey and BNEF analysis experience could support Valence's platform ambitions.","[{'from': 'mentor', 'quote': 'Space Tech; Telecommunications; Materials; Clean Tech'}, {'from': 'startup', 'quote': 'positioning Valence as a true platform company for scalable self-healing solutions'}]","['Materials technology expertise', 'Clean tech sector alignment', 'Strategic scaling and platform business experience', 'Policy/market analysis background relevant to mobility markets']","['Specific materials expertise depth unclear', 'No explicit mobility/automotive sector experience mentioned', ""Limited detail on mentor's materials work context""]"
startup_002,MENTOR_034,0.52,0.65,"Moderate overlap exists through materials science expertise. The mentor's background as a chemist with materials science focus could provide relevant technical perspective on polymer development, though her primary domain (carbon removal/DAC) differs significantly from self-healing polymers for mobility applications.","[{'from': 'mentor', 'quote': 'Materials Science'}, {'from': 'startup', 'quote': 'self-healing polymer platform that autonomously repairs punctures and damage at the material level'}]","['Materials science technical expertise', 'Chemistry background relevant to polymer development', 'PhD-level scientific rigor']","[""Mentor's specific materials science experience details"", ""Mentor's knowledge of polymer chemistry vs. DAC chemistry"", ""Startup's technical challenges and development stage"", ""Mentor's experience with commercialization in mobility/industrial sectors""]"
startup_003,MENTOR_001,0.48,0.65,"Moderate overlap exists. The mentor has deep renewables and energy sector experience (17+ years, solar/wind focus) and transactional/legal expertise relevant to industrial-scale infrastructure projects. However, the startup's core technology (water treatment, CO2 capture, mineralization chemistry) and industrial feedstock production are outside the mentor's stated domain expertise in solar/wind energy systems.","[{'from': 'startup', 'quote': 'co-locating with existing seawater-cooled thermal power plants, enabling gigaton-scale CO2 capture'}, {'from': 'mentor', 'quote': 'General Counsel for EMEA and Global Head of Transactions at Lightsource bp; 17+ years in renewables'}]","['Energy sector infrastructure experience', 'Large-scale project transactions and structuring', 'Policy and regulatory navigation in energy', 'Board-level strategic perspective']","[""Mentor's exposure to carbon capture or industrial chemistry sectors"", ""Mentor's experience with water treatment or chemical production industries"", ""Startup's specific legal/regulatory challenges or transaction needs""]"
startup_003,MENTOR_002,0.78,0.82,"Strong domain alignment exists between Ceal's carbon-negative mineral production from industrial processes and Magali's deep expertise in industrial transformation, sustainable construction materials, and sustainability strategy. Her board role at Anglo American (mining/materials) and former Chief Sustainability Officer position at Holcim (global cement/construction materials leader) directly overlap with Ceal's vision to shift from traditional limestone mining to sustainable PCC production as an industrial feedstock.","[{'from': 'startup', 'quote': 'global shift from traditional limestone mining to sustainable carbon-negative PCC production as an essential industrial feedstock'}, {'from': 'mentor', 'quote': 'former Chief Sustainability & Innovation Officer at Holcim'}]","['Sustainable construction materials expertise (Holcim background)', 'Industrial transformation and mining sector knowledge (Anglo American)', 'Sustainability strategy at scale', 'Operations in resource-intensive industries']","[""Mentor's specific technical depth in mineralization or carbon capture"", ""Mentor's experience with early-stage vs. established companies"", ""Startup's current stage and specific operational challenges""]"
startup_003,MENTOR_003,0.72,0.65,Strong domain alignment exists between Ceal's water-treatment CO2 capture technology and Julien's 20+ years in sustainable innovation and clean technology. His experience selling a 100+ employee startup and leading strategic partnerships/business development directly matches Ceal's need to scale a capital-intensive industrial technology. Confidence is moderate due to limited detail on Julien's specific technical depth in mineralization or industrial water treatment.,"[{'from': 'mentor', 'quote': '20+ years developing sustainable innovation; sold 100+ employee startup to Screen Japan'}, {'from': 'startup', 'quote': 'water-treatment system that captures and sequesters CO2 and produces precipitated calcium carbonate (PCC) from seawater'}]","['Sustainability and clean technology expertise', 'Startup scaling and exit experience', 'Strategic partnerships and business development', 'Industrial technology domain overlap']","[""Mentor's specific technical knowledge in mineralization or water treatment"", ""Mentor's experience with power plant partnerships or industrial co-location models"", ""Details on mentor's portfolio companies or sector focus within clean tech""]"
startup_003,MENTOR_004,0.68,0.72,"Strong domain alignment exists: the mentor's Climate Tech and Energy Transition expertise directly matches Ceal's CO2 capture technology co-located with thermal power plants. The mentor's experience in startup scaling, investment, and partnerships development is relevant to Ceal's capital-intensive infrastructure model and need for strategic partnerships with power plant operators. However, limited detail on the mentor's specific technical depth in water treatment or mineralization chemistry prevents a higher score.","[{'from': 'startup', 'quote': 'mineralization system co-locating with existing seawater-cooled thermal power plants, enabling gigaton-scale CO2 capture'}, {'from': 'mentor', 'quote': 'Climate Tech; Energy Transition'}]","['Climate tech and energy transition domain expertise', 'Startup scaling and investment experience', 'Partnerships development for infrastructure plays', 'Financial structuring for capital-intensive ventures']","[""Mentor's specific experience with industrial water treatment or chemical processes"", ""Mentor's track record with hardware/infrastructure startups vs. software"", ""Mentor's network connections in power generation or industrial minerals sectors""]"
startup_003,MENTOR_005,0.68,0.72,"Strong domain alignment exists: Ceal operates in climate tech (CO2 capture and mineralization), and Jason has explicit climate tech expertise plus systems design engineering background relevant to complex industrial processes. His policy influence and government advisory experience could support Ceal's gigaton-scale ambitions requiring regulatory engagement. However, no direct evidence of water treatment, chemical engineering, or industrial minerals expertise limits the score.","[{'from': 'startup', 'quote': 'gigaton-scale CO2 capture, and a global shift from traditional limestone mining to sustainable carbon-negative PCC production'}, {'from': 'mentor', 'quote': 'Systems Design Engineering; Climate Tech'}]","['Climate tech domain overlap', 'Systems engineering for complex industrial processes', 'Policy/government advisory for scale deployment', 'Strategic vision for global industrial transformation']","['No evidence of water treatment or chemical process expertise', 'No specific industrial minerals or PCC production experience mentioned', ""Limited detail on mentor's climate tech focus areas""]"
startup_003,MENTOR_006,0.72,0.75,"Strong domain alignment exists between Ceal's carbon capture and sustainable industrial process focus and Arnaud's expertise in cleantech commercial development, sustainability strategy, and renewable energy systems. His 20+ years of global experience with major energy and industrial players (ENGIE, Michelin, Temasek) directly overlaps with Ceal's need to co-locate with power plants and scale gigaton-level CO2 capture technology.","[{'from': 'startup', 'quote': 'co-locating with existing seawater-cooled thermal power plants, enabling gigaton-scale CO2 capture'}, {'from': 'mentor', 'quote': 'Cleantech Commercial Development; Sustainability Strategy; worked with ENGIE, Michelin, Temasek'}]","['Cleantech commercialization expertise', 'Energy sector partnerships (ENGIE)', 'ESG and sustainability strategy alignment', 'Industrial-scale deployment experience']","[""Mentor's specific experience with carbon capture or mineralization technologies"", ""Mentor's depth in water treatment or chemical process industries"", ""Details on mentor's commercial scaling methodologies""]"
startup_003,MENTOR_007,0.72,0.78,"Strong domain overlap exists between Ceal's water-treatment mineralization technology and Gaetan's materials science expertise, climate tech focus, and experience scaling deep-tech startups. His background co-founding Kurion (materials-based environmental remediation) and current role investing in climate tech at Breakthrough Energy Ventures Europe align well with Ceal's carbon capture and sustainable materials production mission.","[{'from': 'mentor', 'quote': 'Co-founder & CTO of Kurion; Fukushima deployment; acquired by Veolia for $350M; PhD Materials Science'}, {'from': 'startup', 'quote': 'water-treatment system that captures and sequesters CO2 and produces precipitated calcium carbonate (PCC) from seawater'}]","['Materials science PhD matches mineralization/PCC production technology', 'Climate tech investment focus aligns with CO2 capture mission', 'Scaled deep-tech startup (Kurion) to $350M exit', 'Water treatment/environmental remediation domain experience']","[""Mentor's specific experience with carbon capture or mineralization technologies"", ""Mentor's knowledge of industrial feedstock markets or power plant partnerships""]"
startup_003,MENTOR_008,0.72,0.75,"Strong domain alignment exists between Ceal's carbon capture and sustainable industrial process focus and Lisa's 27-year McKinsey background in sustainability and industrial sectors, plus her climate tech expertise. Her M&A and consulting experience is relevant for scaling industrial partnerships (power plants, PCC markets). Confidence is moderate due to limited detail on her specific technical depth in mineralization or water treatment.","[{'from': 'startup', 'quote': 'water-treatment system that captures and sequesters CO2 and produces precipitated calcium carbonate (PCC) from seawater'}, {'from': 'mentor', 'quote': '27 years McKinsey Senior Partner; sustainability & industrial focus; advises European green tech investors'}]","['Sustainability and industrial sector expertise', 'Climate tech and ESG focus', 'M&A experience for scaling partnerships', 'Green tech investor advisory background']","[""Mentor's specific experience with water treatment or mineralization technologies"", ""Mentor's geographic focus (Europe vs. Israel/global)"", ""Depth of mentor's technical vs. strategic advisory role""]"
startup_003,MENTOR_009,0.28,0.55,"Weak domain overlap. Ceal Minerals operates in water treatment, CO2 capture, and mineral processing—none of which align with the mentor's semiconductor/silicon carbide/nanographics technical expertise. The mentor's operational strengths in startup scaling and IP management offer generic value but lack sector-specific leverage for climate-tech or chemical process industries.","[{'from': 'startup', 'quote': 'water-treatment system that captures and sequesters CO2 and produces precipitated calcium carbonate (PCC) from seawater'}, {'from': 'mentor', 'quote': 'Semiconductor Technology; Silicon Carbide; Nanographics'}]","['Startup scaling experience', 'Strategic IP management', 'Deep-tech program management']","[""Mentor's experience in climate-tech, water treatment, or chemical industries"", ""Mentor's familiarity with carbon capture or industrial minerals sectors"", 'Specific examples of cross-sector mentorship or operational guidance']"
startup_003,MENTOR_010,0.52,0.65,"Moderate overlap exists: Jason's clean technology tag and infrastructure experience align with Ceal's industrial-scale water treatment and CO2 capture system. His startup scaling and investment expertise are relevant to Ceal's early-stage commercialization needs. However, no specific evidence of domain expertise in water treatment, mineralization chemistry, or thermal power plant operations is provided.","[{'from': 'mentor', 'quote': 'Data Centers; Infrastructure; Clean Technology; Applied AI'}, {'from': 'startup', 'quote': 'water-treatment system that captures and sequesters CO2 and produces precipitated calcium carbonate (PCC) from seawater'}]","['Clean technology sector alignment', 'Infrastructure scaling experience', 'Startup scaling and investment expertise']","['No evidence of water treatment or mineralization domain expertise', 'No evidence of thermal power plant or industrial process knowledge', 'Minimal mentor bio/profile detail provided']"
startup_003,MENTOR_011,0.72,0.75,"Strong overlap exists between Ceal's carbon capture and sustainable industrial process focus and Lida's expertise in decarbonization, ESG, and climate finance. Her 25+ years in capital markets, B20 taskforce membership, and COP28 speaking experience align well with a startup requiring investment, policy navigation, and credibility in the climate/industrial decarbonization space. However, no direct water treatment or chemical engineering expertise is evident.","[{'from': 'startup', 'quote': 'captures and sequesters CO2 and produces precipitated calcium carbonate (PCC) from seawater used for cooling power plants'}, {'from': 'mentor', 'quote': '25+ years Canadian capital markets; B20 taskforce member; speaker at COP28; climate finance advisor'}]","['Decarbonization and CO2 capture alignment', 'Climate finance and investment expertise', 'Policy influence and ESG credibility', 'Industrial-scale sustainability focus']","['No evidence of water treatment or chemical process expertise', ""Limited detail on mentor's sector-specific industrial experience"", 'Unclear if mentor has experience with hardware/physical infrastructure startups']"
startup_003,MENTOR_012,0.72,0.75,"Strong domain overlap exists: mentor has explicit 'Water Treatment' and 'Climate Tech' expertise matching Ceal's core technology. Mentor's EU-funded project coordination and policy influence experience aligns well with a deep-tech hardware startup requiring regulatory navigation and public funding, especially given Ceal's gigaton-scale ambitions and need for industrial partnerships.","[{'from': 'mentor', 'quote': 'Water Treatment; Climate Tech'}, {'from': 'startup', 'quote': 'water-treatment system that captures and sequesters CO2'}]","['Direct water treatment domain expertise', 'Climate tech sector alignment', 'EU public funding and policy navigation', 'B2B sales for industrial partnerships']","[""Mentor's specific technical depth in mineralization or chemical processes unclear"", ""Mentor's experience with hardware/capital-intensive ventures not specified"", 'Geographic focus (EU vs. Israel operations) not detailed']"
startup_003,MENTOR_013,0.22,0.65,"Weak domain overlap. Ceal operates in industrial water treatment, CO2 capture, and mineral processing for power plants, while the mentor's expertise centers on agri-tech, entomology, crop protection, and insect ecology. Some operational tags (project management, investment) provide generic relevance, but no specific technical or domain match exists.","[{'from': 'startup', 'quote': 'water-treatment system that captures and sequesters CO2 and produces precipitated calcium carbonate (PCC) from seawater used for cooling power plants'}, {'from': 'mentor', 'quote': 'Entomologist; Programme Leader at NIAB; PhD Imperial College; crop protection & insect ecology expert'}]","['Project management experience', 'Investment operational tag', 'Board governance skills']","['No mentor background in water treatment, CO2 capture, or industrial minerals', 'No startup connection to agriculture or entomology', 'Mentor bio and detailed profile text absent']"
startup_003,MENTOR_014,0.28,0.55,"Weak overlap between mentor and startup domains. Mentor's expertise is in vertical farming, agri-tech, and brand/communications, while startup focuses on water treatment, CO2 capture, and industrial mineral production. Some transferable skills in startup scaling and sustainability positioning exist, but no direct technical or operational domain match.","[{'from': 'startup', 'quote': 'water-treatment system that captures and sequesters CO2 and produces precipitated calcium carbonate (PCC) from seawater'}, {'from': 'mentor', 'quote': 'Vertical Farming; Sustainable Agriculture; Agri Tech'}]","['Sustainability/climate focus overlap', 'Startup scaling experience', 'Brand building for deep-tech ventures']","[""Mentor's detailed bio unavailable"", ""Mentor's specific investment or advisory experience unclear"", ""Limited detail on mentor's operational expertise beyond brand/communications""]"
startup_003,MENTOR_015,0.42,0.65,"Moderate overlap exists through Climate Tech alignment and strategic IP management expertise relevant to Ceal's novel mineralization technology. However, the mentor's primary expertise in patent law and litigation does not directly address the startup's core operational domains of water treatment, chemical engineering, or industrial-scale CO2 capture systems.","[{'from': 'mentor', 'quote': 'Climate Tech; Health Tech; Biology'}, {'from': 'startup', 'quote': 'water-treatment system that captures and sequesters CO2 and produces precipitated calcium carbonate (PCC) from seawater'}]","['Climate Tech domain alignment', 'Strategic IP management for novel technology', 'Patent protection for mineralization process']","[""Mentor's specific experience with industrial/chemical process patents"", ""Mentor's knowledge of carbon capture or water treatment sectors"", 'Detailed mentor bio unavailable']"
startup_003,MENTOR_016,0.42,0.65,"Moderate overlap exists through the mentor's climate tech investment experience (70+ investments) and startup scaling expertise, which align with Ceal's capital-intensive, gigaton-scale ambitions. However, the mentor's core background in platform engineering, SaaS, and marketplace tech shows limited direct relevance to Ceal's hardware-intensive water treatment and mineralization technology. The match is primarily at the operational/investment level rather than deep technical or domain expertise.","[{'from': 'mentor', 'quote': '70+ climate tech investments'}, {'from': 'startup', 'quote': 'enabling gigaton-scale CO2 capture, and a global shift from traditional limestone mining to sustainable carbon-negative PCC production'}]","['Climate tech investment experience', 'Startup scaling expertise', 'Board governance for growth-stage companies']","['No evidence of industrial/chemical process expertise', 'No water treatment or materials science background mentioned', 'Unclear if climate tech investments include hardware/industrial startups']"
startup_003,MENTOR_017,0.58,0.65,"Moderate overlap exists between Ceal's carbon capture/sustainability mission and Aurélie's ESG and climate tech expertise. However, the mentor's profile emphasizes corporate sustainability strategy, ESG compliance, and AI-driven transformation rather than deep technical knowledge in water treatment, mineralization chemistry, or industrial process engineering that would directly match Ceal's core technology. The fit is functional (sustainability positioning, ESG frameworks) but lacks specific domain expertise in the startup's technical area.","[{'from': 'startup', 'quote': 'water-treatment system that captures and sequesters CO2 and produces precipitated calcium carbonate (PCC) from seawater'}, {'from': 'mentor', 'quote': 'Global ESG leader; CSRD & ESRS expert; AI-driven sustainability transformation'}]","['Climate tech and carbon capture alignment', 'ESG strategy for sustainability positioning', 'Corporate innovation experience']","[""Mentor's technical depth in water treatment or mineralization"", ""Mentor's experience with industrial process scale-up"", ""Mentor's network in power generation or chemical industries""]"
startup_003,MENTOR_018,0.58,0.65,"Moderate overlap exists through Climate Tech alignment and startup scaling expertise. The mentor's deep tech and agritech experience provides some relevant context for industrial/environmental technology, though no direct water treatment, carbon capture, or chemical process industry background is evident in the provided text.","[{'from': 'mentor', 'quote': 'Climate Tech; Agri Tech; SaaS; Digital Transformation'}, {'from': 'mentor', 'quote': '35+ years executive leadership; scaled fintech, agritech & deep tech startups'}]","['Climate Tech domain alignment', 'Deep tech startup scaling experience', 'Operations and GTM strategy expertise']","['No evidence of carbon capture/sequestration expertise', 'No water treatment or chemical process industry background', 'No industrial minerals or B2B commodity market experience', 'Limited mentor bio/profile detail provided']"
startup_003,MENTOR_019,0.68,0.72,"Strong domain alignment exists: the mentor specializes in Climate Tech and sustainability strategy, directly matching Ceal's carbon capture and sustainable water treatment mission. The mentor's expertise in startup scaling and fundraising is relevant for an early-stage company (incorporated 2024) pursuing gigaton-scale ambitions. However, limited technical depth information about the mentor's understanding of mineralization, industrial chemistry, or power plant operations prevents a higher score.","[{'from': 'mentor', 'quote': 'Climate Tech; Deep Tech; Data-Driven Sales; Carbon & Biodiversity'}, {'from': 'startup', 'quote': 'gigaton-scale CO2 capture, and a global shift from traditional limestone mining to sustainable carbon-negative PCC production'}]","['Climate Tech and carbon capture domain alignment', 'Sustainability strategy for carbon-negative solutions', 'Startup scaling expertise for early-stage company', 'Fundraising support for capital-intensive cleantech']","[""Mentor's specific experience with industrial process technologies or chemical engineering"", ""Mentor's track record with B2B industrial clients or power sector partnerships"", ""Depth of mentor's technical understanding of mineralization or water treatment systems""]"
startup_003,MENTOR_020,0.72,0.75,"Strong domain alignment exists between Ceal's climate-focused water treatment and CO2 capture technology and Magnus's Climate Tech investment expertise. His Industrial Tech background is relevant to Ceal's power plant co-location strategy and PCC production for industrial feedstock. The match is strong but not exceptional due to limited detail on Magnus's specific experience with water treatment, mineralization, or chemical processes.","[{'from': 'startup', 'quote': 'water-treatment system that captures and sequesters CO2 and produces precipitated calcium carbonate (PCC) from seawater'}, {'from': 'mentor', 'quote': 'Climate Tech; Nuclear; Semiconductors; Industrial Tech'}]","['Climate Tech investment expertise aligns with CO2 capture mission', 'Industrial Tech relevant to power plant integration and PCC production', 'Deep-tech investor experience matches hardware-intensive solution', 'Board governance skills applicable to early-stage scaling']","['No specific mentor experience in water treatment or chemical processes mentioned', 'Unclear if mentor has portfolio companies in carbon capture or mineralization', ""Limited detail on mentor's operational expertise beyond investment/governance""]"
startup_003,MENTOR_021,0.68,0.72,"Strong domain alignment exists between Ceal's carbon capture and sustainable industrial process focus and Florent's climate tech expertise and 20+ years in energy/utilities consulting. The mentor's corporate innovation and sustainability strategy experience is relevant to Ceal's vision of co-locating with power plants and scaling gigaton-level CO2 capture. However, limited detail on mentor's specific technical depth in mineralization, water treatment, or chemical processes prevents a higher score.","[{'from': 'startup', 'quote': 'co-locating with existing seawater-cooled thermal power plants, enabling gigaton-scale CO2 capture'}, {'from': 'mentor', 'quote': '20+ years energy & utilities consulting'}]","['Climate tech and carbon capture domain overlap', 'Energy/utilities sector experience matches power plant integration', 'Sustainability strategy relevant to industrial decarbonization', 'Corporate innovation experience for scaling partnerships']","[""Mentor's specific technical knowledge in water treatment or mineralization chemistry"", ""Mentor's experience with industrial feedstock supply chains or PCC markets"", ""Details on mentor's track record with early-stage climate tech startups""]"
startup_003,MENTOR_022,0.42,0.55,"Moderate overlap exists through energy sector experience and policy expertise relevant to industrial-scale carbon capture deployment. However, mentor's focus on biofuels and entrepreneurship/innovation infrastructure does not directly align with Ceal's water treatment, mineralization chemistry, or PCC production technology. Insufficient detail on mentor's specific energy sector experience limits confidence.","[{'from': 'startup', 'quote': 'co-locating with existing seawater-cooled thermal power plants, enabling gigaton-scale CO2 capture'}, {'from': 'mentor', 'quote': 'energy policy expert'}]","['Energy sector context overlap', 'Policy expertise for industrial deployment', 'Entrepreneurship/innovation infrastructure experience']","[""Mentor's specific energy sector experience details"", ""Mentor's knowledge of carbon capture or industrial minerals"", ""Mentor's experience with chemical/water treatment industries"", ""Depth of mentor's policy work related to climate tech""]"
startup_003,MENTOR_023,0.28,0.65,"Weak overlap. The mentor's expertise is in finance, institutional sales, and ESG, which could provide generic fundraising or ESG-framing guidance. However, there is no evidence of domain knowledge in water treatment, carbon capture, mineralization chemistry, industrial feedstock markets, or power plant operations—all central to Ceal's technology and business model.","[{'from': 'mentor', 'quote': '35 years global finance leadership; former Amundi Global Head of Sales'}, {'from': 'startup', 'quote': 'water-treatment system that captures and sequesters CO2 and produces precipitated calcium carbonate (PCC) from seawater'}]","['ESG framing and investor positioning', 'Institutional client engagement experience', 'Finance and fundraising strategy']","['No evidence of cleantech, carbon capture, or industrial chemistry expertise', 'No indication of experience with hardware/capital-intensive startups', 'No operational or technical domain overlap with water treatment or power plants']"
startup_003,MENTOR_024,0.25,0.3,"Insufficient info. The mentor profile provides only a title (PhD Candidate) and affiliation (Carnegie Mellon University) with no domain expertise, research focus, or operational experience detailed. The startup operates in water treatment, CO2 capture, and industrial minerals—highly specialized domains requiring specific technical or commercial expertise that cannot be assessed from the provided mentor text.","[{'from': 'startup', 'quote': 'water-treatment system that captures and sequesters CO2 and produces precipitated calcium carbonate (PCC) from seawater'}, {'from': 'mentor', 'quote': 'PhD Candidate'}]","['Academic affiliation suggests research orientation', 'No specific domain overlap identifiable']","[""Mentor's research area or PhD focus"", ""Mentor's technical expertise or domain knowledge"", ""Mentor's operational or commercial experience"", ""Mentor's relevant industry background""]"
startup_003,MENTOR_025,0.12,0.85,"Minimal domain overlap exists between Ceal's water-treatment/CO2 sequestration/industrial minerals focus and the mentor's automotive/software-defined vehicles expertise. The mentor's consulting and joint venture management experience offers only generic operational value, not sector-specific leverage for climate tech or chemical process industries.","[{'from': 'startup', 'quote': 'water-treatment system that captures and sequesters CO2 and produces precipitated calcium carbonate (PCC) from seawater'}, {'from': 'mentor', 'quote': 'Software Defined Vehicles; EV; Autonomous Vehicles'}]","['Generic consulting/JV management experience', 'No climate tech or industrial chemistry domain overlap']","[""Mentor's detailed bio and profile text are empty"", 'No evidence of mentor experience in water treatment, carbon capture, or industrial minerals']"
startup_003,MENTOR_026,0.28,0.45,"Weak overlap between mentor's digital transformation/SaaS/robotics expertise and startup's water-treatment/CO2 capture hardware focus. Mentor's operations and investment experience provides generic value, but no specific domain match in chemical engineering, industrial minerals, carbon capture technology, or power plant operations. Insufficient info on both sides limits confidence.","[{'from': 'startup', 'quote': 'water-treatment system that captures and sequesters CO2 and produces precipitated calcium carbonate (PCC) from seawater'}, {'from': 'mentor', 'quote': 'Digital transformation leader; SaaS; Robotics; Digital Transformation'}]","['Operations experience applicable broadly', 'Investment background may help fundraising', 'Circular economy interest tangentially relevant']","['No mentor expertise in chemical/industrial processes or carbon capture', 'No mentor background in water treatment or minerals', 'Minimal startup profile detail on technology or business model', 'No mentor bio or detailed profile provided']"
startup_003,MENTOR_027,0.28,0.65,"Weak overlap between Ceal's water-treatment/CO2 capture technology and the mentor's robotics/automation expertise. The mentor's M&A and executive experience at Siemens could provide generic strategic guidance, but there is no clear domain match in cleantech, chemical processes, or carbon capture. Insufficient info on mentor's industrial process or energy sector experience.","[{'from': 'startup', 'quote': 'water-treatment system that captures and sequesters CO2 and produces precipitated calcium carbonate (PCC) from seawater'}, {'from': 'mentor', 'quote': 'Robotics; Industrial Automation; Space Tech'}]","['Industrial automation may tangentially apply to process optimization', 'M&A and executive experience for scaling strategy', 'Siemens background in large industrial systems']","['No evidence of mentor expertise in cleantech, carbon capture, or chemical engineering', 'No mention of energy sector or water treatment experience', 'Mentor bio and detailed profile are empty']"
startup_003,MENTOR_028,0.72,0.65,"Strong domain alignment exists between Ceal's carbon capture and water treatment technology and Julian's climate tech expertise and deep tech venturing background. His experience as bp CIO/VP Digital Science suggests familiarity with industrial-scale energy infrastructure, directly relevant to Ceal's power plant co-location strategy. However, limited detail in mentor profile prevents assessment of specific mineralization, chemical process, or seawater treatment expertise.","[{'from': 'mentor', 'quote': 'Former bp CIO & VP Digital Science; DeepTech & climate venturing leader'}, {'from': 'startup', 'quote': 'mineralization system co-locating with existing seawater-cooled thermal power plants, enabling gigaton-scale CO2 capture'}]","['Climate tech and deep tech expertise alignment', 'Energy sector infrastructure experience (bp background)', 'Investment and venturing relevant to scaling industrial solutions']","[""Mentor's specific knowledge of carbon capture technologies"", ""Mentor's familiarity with chemical processing or mineralization"", ""Mentor's experience with water treatment or industrial feedstock markets""]"
startup_003,MENTOR_029,0.08,0.85,"No credible overlap exists between the mentor's expertise in autonomous systems, AI safety, and mobility and the startup's focus on water treatment, CO2 sequestration, and industrial mineral production. The domains are fundamentally misaligned with no identifiable intersection points.","[{'from': 'mentor', 'quote': 'Autonomous Systems; Safety Assurance; EV; Mobility'}, {'from': 'startup', 'quote': 'water-treatment system that captures and sequesters CO2 and produces precipitated calcium carbonate'}]","['No domain overlap', 'Unrelated technical expertise', 'Divergent industry focus']",[]
startup_003,MENTOR_030,0.28,0.65,"Weak domain overlap. The mentor's expertise centers on fintech, data security, M&A, and investment banking (Lazard, Goldman Sachs, Citadel, Natixis), while the startup operates in water treatment, CO2 capture, and industrial minerals. Generic financial/M&A skills may offer limited strategic value, but no specific cleantech, industrial process, or climate tech experience is evident.","[{'from': 'startup', 'quote': 'water-treatment system that captures and sequesters CO2 and produces precipitated calcium carbonate (PCC) from seawater'}, {'from': 'mentor', 'quote': 'Fintech; Data Security'}]","['M&A and investment experience', 'Corporate restructuring skills', 'No cleantech or industrial process expertise']","[""Mentor's exposure to climate tech or industrial sectors"", ""Mentor's experience with capital-intensive infrastructure projects"", ""Startup's current fundraising or M&A needs""]"
startup_003,MENTOR_031,0.28,0.65,"Weak domain overlap. Ceal operates in industrial water treatment, CO2 capture, and materials production (PCC), while André specializes in digital marketing and connected medical solutions. His marketing and investment expertise could provide generic commercial guidance, but lacks specific relevance to industrial cleantech, chemical processes, or B2B industrial sales.","[{'from': 'startup', 'quote': 'water-treatment system that captures and sequesters CO2 and produces precipitated calcium carbonate (PCC) from seawater'}, {'from': 'mentor', 'quote': '24+ years digital marketing; connected medical solutions specialist'}]","['Generic marketing expertise applicable across sectors', 'Investment experience may support fundraising discussions']","['No evidence of cleantech, industrial, or materials sector experience', 'No indication of B2B industrial sales or regulatory knowledge', 'Mentor bio and detailed profile are empty']"
startup_003,MENTOR_032,0.68,0.72,"Strong domain overlap exists: the mentor has Climate Tech and Energy expertise, directly relevant to Ceal's CO2 capture and power plant water-treatment system. The mentor's track record in raising £2bn+ and startup scaling aligns well with Ceal's need to achieve gigaton-scale deployment and shift industrial markets. However, no evidence of specific expertise in water treatment, mineralization chemistry, or industrial feedstock markets limits the score.","[{'from': 'mentor', 'quote': 'Climate Tech; Space Tech; Energy; Fintech'}, {'from': 'startup', 'quote': 'water-treatment system that captures and sequesters CO2 and produces precipitated calcium carbonate (PCC) from seawater used for cooling power plants'}]","['Climate Tech and Energy domain alignment', 'Startup scaling and capital raising experience', 'CO2 capture sector relevance']","['No evidence of water treatment or mineralization expertise', 'No mention of industrial chemicals or feedstock market knowledge', ""Limited detail on mentor's specific Climate Tech sub-domains""]"
startup_003,MENTOR_033,0.72,0.75,"Strong domain overlap exists between Ceal's clean tech water treatment/CO2 capture system and Michael's expertise in Clean Tech, Materials, and energy policy. His background as former Global Head of Analysis at BNEF and ex-McKinsey Partner provides relevant strategic and analytical capabilities for a capital-intensive industrial decarbonization venture. His UK energy policymaker experience aligns with Ceal's need to navigate regulatory frameworks for power plant co-location and carbon markets.","[{'from': 'mentor', 'quote': 'Former Global Head of Analysis at BNEF; ex-McKinsey Partner; UK energy policymaker'}, {'from': 'startup', 'quote': 'mineralization system co-locating with existing seawater-cooled thermal power plants, enabling gigaton-scale CO2 capture'}]","['Clean Tech and Materials domain expertise', 'Energy sector policy and regulatory experience', 'Strategic analysis for capital-intensive ventures', 'Government advisory relevant to power plant partnerships']","[""Mentor's specific experience with water treatment or mineralization technologies"", ""Mentor's familiarity with Israeli or Middle Eastern markets"", ""Depth of mentor's carbon markets or CDR expertise""]"
startup_003,MENTOR_034,0.78,0.85,"Strong domain alignment between Ceal's CO2 capture and mineralization technology and Karen's expertise in decarbonization, materials science, and carbon dioxide removal (CDR). Her background as a DAC chemist at Climeworks and current role leading science at a CDR-focused VC provides highly relevant technical and strategic perspective for a startup developing carbon capture systems.","[{'from': 'startup', 'quote': 'captures and sequesters CO2 and produces precipitated calcium carbonate (PCC) from seawater'}, {'from': 'mentor', 'quote': 'Head of Science at CDR-focused VC; former Climeworks DAC chemist'}]","['CO2 capture/sequestration technology overlap', 'Materials science expertise (PCC production)', 'CDR sector specialization', 'Chemistry background for mineralization processes']","[""Mentor's specific materials science focus areas"", ""Mentor's experience with ocean-based or mineralization CDR methods"", ""Startup's current technical challenges or development stage""]"
startup_004,MENTOR_001,0.22,0.7,"Weak overlap between BioHalo's synthetic biology/fermentation platform for fluorinated biomolecules and Alexandra's expertise in solar/wind energy and renewables law. Generic operational skills (legal, transactions, policy) provide minimal relevance without domain-specific chemistry, materials science, or biotech experience.","[{'from': 'startup', 'quote': 'synthetic biology company developing a fermentation-driven platform that produces biodegradable and bio-based fluorinated monomers and polymers'}, {'from': 'mentor', 'quote': 'General Counsel for EMEA and Global Head of Transactions at Lightsource bp; 17+ years in renewables'}]","['Sustainability/environmental mission alignment', 'Legal and transactional expertise (generic)', 'Policy influence experience (generic)']","['No evidence of chemistry, materials science, or biotech domain knowledge', 'No indication of experience with manufacturing, fermentation, or chemical commercialization', 'Unclear if mentor has worked with early-stage deep tech or synthetic biology startups']"
startup_004,MENTOR_002,0.58,0.65,"Moderate overlap exists through sustainability strategy and industrial transformation expertise relevant to BioHalo's mission of replacing toxic fluorochemicals with biodegradable alternatives. However, mentor's background is primarily in mining, oil & gas, and construction materials rather than synthetic biology or fermentation platforms, limiting direct technical domain alignment.","[{'from': 'startup', 'quote': 'commercialize sustainable fluorinated biomolecules that replace toxic fluorochemicals'}, {'from': 'mentor', 'quote': 'former Chief Sustainability & Innovation Officer at Holcim'}]","['Sustainability strategy expertise', 'Industrial transformation experience', 'Innovation leadership in materials sector', 'Board-level strategic guidance capability']","['No evidence of synthetic biology or fermentation expertise', ""Limited detail on mentor's specific innovation domains at Holcim"", 'Unclear if mentor has experience with early-stage biotech commercialization']"
startup_004,MENTOR_003,0.72,0.75,Strong domain alignment exists between BioHalo's sustainable fluorinated biomolecules platform and Julien's 20+ years developing sustainable innovation and clean technology expertise. His experience selling a 100+ employee startup and leading strategic partnerships/business development directly matches BioHalo's commercialization trajectory toward $350M revenue and 200+ customers. The industrial technology and investment focus further supports scaling a fermentation-driven manufacturing platform.,"[{'from': 'startup', 'quote': 'commercialize sustainable fluorinated biomolecules that replace toxic fluorochemicals'}, {'from': 'mentor', 'quote': '20+ years developing sustainable innovation; sold 100+ employee startup'}]","['Sustainability and clean technology domain overlap', 'Startup scaling and exit experience', 'Industrial commercialization expertise', 'Strategic partnerships for market expansion']","[""Mentor's specific technical depth in synthetic biology or chemistry"", ""Geographic market focus alignment (Denmark vs mentor's regions)"", ""Mentor's experience with fermentation or bioprocessing platforms""]"
startup_004,MENTOR_004,0.42,0.55,"Moderate overlap exists: BioHalo is a climate-relevant synthetic biology startup needing scaling and investment expertise, which aligns with Elizabeth's climate tech focus, startup scaling operations experience, and financial/investment background. However, insufficient detail on Elizabeth's specific domain knowledge in synthetic biology, materials science, or fermentation platforms limits confidence in a stronger match.","[{'from': 'startup', 'quote': 'fermentation-driven platform that produces biodegradable and bio-based fluorinated monomers and polymers'}, {'from': 'mentor', 'quote': 'Climate Tech; Energy Transition; Board Governance; Investment; Startup Scaling'}]","['Climate tech alignment with sustainable materials', 'Investment and venture capital expertise', 'Startup scaling operational experience', 'Financial services and partnerships development']","[""Mentor's specific experience with synthetic biology or materials science"", ""Mentor's track record with B2B chemical/materials startups"", ""Depth of mentor's climate tech portfolio or sector focus"", ""Mentor's bio and detailed profile text absent""]"
startup_004,MENTOR_005,0.42,0.55,"Moderate overlap exists through climate tech and policy influence, which align with BioHalo's sustainability mission and potential need for regulatory navigation in fluorochemical replacement. However, the mentor's core expertise in quantum, systems design engineering, and government advisory does not directly intersect with synthetic biology, fermentation platforms, or fluorinated polymer chemistry. Insufficient detail on mentor's climate tech work limits confidence.","[{'from': 'startup', 'quote': 'commercialize sustainable fluorinated biomolecules that replace toxic fluorochemicals'}, {'from': 'mentor', 'quote': 'Climate Tech'}]","['Climate tech / sustainability alignment', 'Policy influence for regulatory strategy', 'Systems thinking for platform commercialization']","[""Mentor's specific climate tech experience and relevance to synthetic biology or materials"", ""Mentor's knowledge of chemical/biotech commercialization or fermentation"", ""Details on mentor's investment focus areas""]"
startup_004,MENTOR_006,0.52,0.65,"Moderate overlap exists: BioHalo's sustainable fluorochemicals align with Arnaud's ESG strategy and cleantech commercial development expertise. However, the mentor's focus on renewable energy systems and energy sectors does not directly match synthetic biology or fermentation platforms, limiting the depth of technical and domain-specific fit.","[{'from': 'startup', 'quote': 'commercialize sustainable fluorinated biomolecules that replace toxic fluorochemicals'}, {'from': 'mentor', 'quote': 'ESG strategy; Sustainability Strategy; Cleantech Commercial Development'}]","['ESG and sustainability strategy alignment', 'Cleantech commercialization experience', 'Responsible innovation focus']","[""Mentor's specific experience with synthetic biology or biochemistry"", ""Mentor's track record in materials science or polymer markets"", ""Details on mentor's cleantech portfolio relevance to bio-based chemicals""]"
startup_004,MENTOR_007,0.58,0.72,"Moderate overlap exists through materials science expertise and climate tech focus. Mentor's background in scaling a materials/cleantech startup (Kurion) to $350M exit aligns with BioHalo's commercialization ambitions and revenue targets. However, mentor's specific domain (nuclear waste management, aerospace) differs substantially from synthetic biology and fermentation platforms, limiting direct technical synergy.","[{'from': 'mentor', 'quote': 'Co-founder & CTO of Kurion; Fukushima deployment; acquired by Veolia for $350M; PhD Materials Science'}, {'from': 'startup', 'quote': 'aiming for $350 M USD in revenue, 200+ customers, and the launch of 25 product units'}]","['Materials science PhD and commercialization experience', 'Scaling cleantech/climate startup to significant exit', 'Investment perspective via Breakthrough Energy Ventures', 'Shared focus on sustainable materials and environmental impact']","[""Mentor's familiarity with synthetic biology or fermentation technologies"", ""Mentor's experience with bio-based materials or polymer chemistry"", ""Depth of mentor's operational involvement in materials commercialization vs. technical R&D""]"
startup_004,MENTOR_008,0.68,0.72,"Strong domain alignment exists between BioHalo's sustainable fluorochemical platform and Lisa Aberg's 27-year focus on sustainability and industrial sectors at McKinsey, plus her climate tech expertise. Her M&A and consulting background could support BioHalo's commercialization strategy toward $350M revenue and 200+ customers, though specific synthetic biology or fermentation expertise is not evident.","[{'from': 'startup', 'quote': 'commercialize sustainable fluorinated biomolecules that replace toxic fluorochemicals'}, {'from': 'mentor', 'quote': '27 years McKinsey Senior Partner; sustainability & industrial focus; advises European green tech investors'}]","['Sustainability and climate tech alignment', 'Industrial sector experience relevant to bio-based materials', 'M&A expertise for commercialization scaling', 'European green tech investor advisory matches startup geography']","['No evidence of synthetic biology or fermentation domain knowledge', 'Unclear depth in materials science or polymer chemistry', ""Limited detail on mentor's operational scaling experience""]"
startup_004,MENTOR_009,0.28,0.55,"Weak overlap between BioHalo's synthetic biology/fermentation platform and Céline's semiconductor/nanographics technical expertise. Some potential value in her deep-tech startup scaling and IP management experience, but no clear domain or functional alignment with bio-based materials or fermentation technology. Insufficient info on mentor's broader operational or commercialization expertise beyond semiconductors.","[{'from': 'startup', 'quote': 'fermentation-driven platform that produces biodegradable and bio-based fluorinated monomers and polymers'}, {'from': 'mentor', 'quote': 'Semiconductor Technology; Silicon Carbide; Nanographics'}]","['Deep-tech startup scaling experience', 'Strategic IP management relevant to materials', 'No synthetic biology or fermentation expertise evident']","[""Mentor's experience with bio-based or chemical materials startups"", ""Mentor's broader operational expertise beyond semiconductors"", ""Mentor's familiarity with fermentation or biotech commercialization""]"
startup_004,MENTOR_010,0.28,0.55,"Weak overlap between BioHalo's synthetic biology/fermentation platform and Jason Van Gaal's expertise in data centers, infrastructure, and applied AI. Generic startup scaling and investment experience may provide some value, but no specific domain match in biotechnology, materials science, or chemical manufacturing is evident from the provided text.","[{'from': 'startup', 'quote': 'fermentation-driven platform that produces biodegradable and bio-based fluorinated monomers and polymers'}, {'from': 'mentor', 'quote': 'Data Centers; Infrastructure; Clean Technology; Applied AI'}]","['Clean technology tangential overlap', 'Startup scaling operational experience', 'Investment perspective from family office']","['No biotech or synthetic biology expertise evident', 'No materials science or chemical industry background', ""Limited detail on mentor's clean tech focus areas""]"
startup_004,MENTOR_011,0.48,0.65,"Moderate overlap exists: BioHalo's sustainable fluorochemicals align with Lida's decarbonization and ESG expertise, and her capital markets experience is relevant for a commercialization-stage biotech. However, no direct synthetic biology, fermentation platform, or materials science expertise is evident in the mentor profile, limiting technical depth of fit.","[{'from': 'startup', 'quote': 'commercialize sustainable fluorinated biomolecules that replace toxic fluorochemicals'}, {'from': 'mentor', 'quote': 'Decarbonization; ESG; Risk Assessment'}]","['ESG and sustainability alignment', 'Capital markets expertise for commercialization', 'Climate finance relevant to green chemistry scale-up']","['No synthetic biology or fermentation expertise evident', 'No materials science or polymer chemistry background mentioned', ""Limited detail on mentor's sector-specific investment experience""]"
startup_004,MENTOR_012,0.42,0.55,"Moderate overlap exists through climate tech and potential EU funding expertise relevant to a Denmark-based synthetic biology startup. However, the mentor's core expertise in water treatment, SaaS, and B2B sales does not directly align with fermentation-driven fluorinated polymer production. Insufficient detail on mentor's deep tech domain knowledge limits confidence.","[{'from': 'startup', 'quote': 'synthetic biology company developing a fermentation-driven platform that produces biodegradable and bio-based fluorinated monomers and polymers'}, {'from': 'mentor', 'quote': '20+ years public-private funding expertise; advisor to EU governments and European Commission'}]","['EU funding navigation for Denmark-based deep tech', 'Climate tech alignment with sustainable materials', 'Policy influence for regulatory-heavy chemical sector']","[""Mentor's specific experience with synthetic biology or advanced materials"", ""Mentor's track record with B2B chemical/polymer commercialization"", ""Depth of mentor's climate tech involvement beyond water treatment""]"
startup_004,MENTOR_013,0.28,0.55,Weak overlap exists primarily through sustainability and bio-based innovation themes. The mentor's expertise in sustainable agriculture and agri-tech has limited direct relevance to synthetic biology fermentation platforms for fluorinated polymers. Board governance and project management skills offer generic value but lack specific alignment with BioHalo's core technology or market.,"[{'from': 'startup', 'quote': 'fermentation-driven platform that produces biodegradable and bio-based fluorinated monomers and polymers'}, {'from': 'mentor', 'quote': 'Agri Tech; Sustainable Agriculture'}]","['Sustainability focus alignment', 'Bio-based innovation theme', 'Board governance experience']","[""Mentor's detailed bio unavailable"", 'No evidence of synthetic biology or polymer chemistry expertise', 'Unclear if mentor has fermentation or chemical manufacturing experience']"
startup_004,MENTOR_014,0.28,0.55,"Weak overlap exists primarily through shared sustainability themes and startup scaling experience. However, the mentor's expertise in vertical farming and agri-tech does not directly align with BioHalo's synthetic biology and fluorinated polymer platform. The mentor's brand/communications background and startup scaling experience offer generic value but lack specific relevance to fermentation technology or chemical manufacturing.","[{'from': 'startup', 'quote': 'fermentation-driven platform that produces biodegradable and bio-based fluorinated monomers and polymers'}, {'from': 'mentor', 'quote': 'Vertical Farming; Sustainable Agriculture; Agri Tech'}]","['Shared sustainability mission', 'Startup scaling experience', 'Bio-based production systems (tangential)']","[""Mentor's specific experience with fermentation or bioprocessing"", ""Mentor's knowledge of chemical/materials markets"", 'Detailed mentor bio unavailable']"
startup_004,MENTOR_015,0.58,0.65,"Moderate overlap exists between BioHalo's synthetic biology platform for biodegradable fluorinated polymers and Alexander Robinson's expertise in strategic IP management and patent law, particularly given his specialization in EPO litigation and biology-related tech tags. However, the match is primarily functional (IP/legal) rather than deep domain expertise in synthetic biology, fermentation, or materials science, limiting the score to the moderate range.","[{'from': 'startup', 'quote': 'synthetic biology company developing a fermentation-driven platform that produces biodegradable and bio-based fluorinated monomers and polymers'}, {'from': 'mentor', 'quote': 'Strategic IP Management; Law; EPO litigation specialist; Biology'}]","['IP strategy critical for novel biomolecules', 'Biology tech tag alignment', 'EPO litigation relevant for EU-based startup', 'Patent protection for platform technology']","[""Mentor's specific experience with synthetic biology or materials science startups"", ""Mentor's track record with fermentation or polymer IP"", ""Depth of mentor's biology expertise beyond general tag""]"
startup_004,MENTOR_016,0.28,0.65,"Weak overlap exists primarily through the mentor's climate tech investment experience, which aligns with BioHalo's environmental sustainability mission. However, the mentor's core expertise in platform engineering, SaaS, and marketplace tech does not match BioHalo's synthetic biology, fermentation, and materials science focus. The mentor's operational background is in software/events (Eventbrite), not biotech or chemical manufacturing.","[{'from': 'mentor', 'quote': '70+ climate tech investments'}, {'from': 'startup', 'quote': 'fermentation-driven platform that produces biodegradable and bio-based fluorinated monomers and polymers'}]","['Climate tech investment experience', 'Startup scaling expertise', 'Board governance knowledge']","['No evidence of biotech or synthetic biology domain expertise', 'No evidence of materials science or chemical manufacturing experience', 'Limited mentor bio/profile detail to assess deeper technical alignment']"
startup_004,MENTOR_017,0.52,0.65,"Moderate overlap exists: BioHalo's sustainable fluorochemical replacement mission aligns with Aurélie's ESG and sustainability strategy expertise. However, her profile emphasizes corporate ESG compliance, reporting frameworks (CSRD/ESRS), and AI-driven transformation rather than synthetic biology, fermentation platforms, or materials science. The match is functional (sustainability positioning, corporate partnerships) but lacks deep technical or operational domain overlap with biotech/chemical manufacturing.","[{'from': 'startup', 'quote': 'commercialize sustainable fluorinated biomolecules that replace toxic fluorochemicals'}, {'from': 'mentor', 'quote': 'Global ESG leader; CSRD & ESRS expert; AI-driven sustainability transformation'}]","['Sustainability strategy alignment', 'ESG positioning for green chemistry', 'Corporate innovation partnerships', 'Climate tech sector relevance']","[""Mentor's experience with biotech or chemical manufacturing startups"", ""Mentor's knowledge of materials science or fermentation technology"", ""Mentor's track record with early-stage deep tech ventures"", ""Startup's specific ESG compliance or corporate partnership needs""]"
startup_004,MENTOR_018,0.42,0.55,"Moderate overlap exists through Climate Tech alignment and startup scaling expertise relevant to BioHalo's commercialization goals. However, mentor's background in fintech, agritech, SaaS, and digital transformation shows limited direct overlap with synthetic biology, fermentation platforms, or fluorinated chemistry. Insufficient detailed information about mentor's deep tech experience specifics and startup's current stage needs.","[{'from': 'mentor', 'quote': 'Climate Tech; Agri Tech; SaaS; Digital Transformation'}, {'from': 'startup', 'quote': 'commercialize sustainable fluorinated biomolecules that replace toxic fluorochemicals'}]","['Climate Tech sector alignment', 'Startup scaling and GTM expertise', 'Deep tech startup experience', 'Operations and commercialization focus']","[""Mentor's specific deep tech domain expertise unclear"", ""No details on mentor's materials/chemistry sector experience"", ""Startup's current development stage not specified"", ""Mentor's fermentation/biotech platform experience unknown""]"
startup_004,MENTOR_019,0.52,0.55,"Moderate overlap exists: BioHalo operates in sustainable materials (climate/deep tech domain), and the mentor has expertise in climate tech, deep tech, and sustainability strategy. However, the mentor's profile lacks specific synthetic biology, fermentation, or chemical manufacturing experience, limiting the depth of domain-specific match. Insufficient detail in mentor bio reduces confidence.","[{'from': 'startup', 'quote': 'produces biodegradable and bio-based fluorinated monomers and polymers'}, {'from': 'mentor', 'quote': 'Climate Tech; Deep Tech; Data-Driven Sales; Carbon & Biodiversity'}]","['Climate tech and sustainability alignment', 'Deep tech startup experience', 'Scaling and fundraising expertise relevant to commercialization goals']","['No evidence of synthetic biology or fermentation domain expertise', 'Mentor bio empty; cannot assess depth of technical or industry experience', 'Unclear if mentor has materials science or chemical industry background']"
startup_004,MENTOR_020,0.48,0.55,"Moderate overlap exists through climate tech alignment and deep-tech investment experience relevant to BioHalo's synthetic biology platform. However, mentor's specific expertise in nuclear, semiconductors, and industrial tech shows limited direct connection to fermentation-driven synthetic biology or fluorinated chemistry. Insufficient detailed information about mentor's bio-based materials or chemical industry experience.","[{'from': 'startup', 'quote': 'fermentation-driven platform that produces biodegradable and bio-based fluorinated monomers and polymers'}, {'from': 'mentor', 'quote': 'Climate Tech; Nuclear; Semiconductors; Industrial Tech'}]","['Climate tech investor alignment with sustainable materials mission', 'Deep-tech investment experience relevant to synthetic biology', 'Board governance expertise for scaling commercialization']","['No evidence of bio-based materials or chemical industry expertise', 'Limited mentor bio details on relevant sector experience', 'Unclear if industrial tech includes chemical manufacturing or materials science']"
startup_004,MENTOR_021,0.42,0.55,"Moderate overlap exists through sustainability and climate tech themes. BioHalo's biodegradable fluorinated materials align with environmental goals that intersect with the mentor's climate tech and sustainability strategy expertise. However, the mentor's background in energy/utilities consulting and corporate innovation lacks specific relevance to synthetic biology, fermentation platforms, or specialty chemicals commercialization.","[{'from': 'startup', 'quote': 'produces biodegradable and bio-based fluorinated monomers and polymers'}, {'from': 'mentor', 'quote': 'Global Head Climate Tech; ESG; Climate Tech; AI for Sustainability; Sustainability Strategy'}]","['Sustainability and environmental impact alignment', 'Climate tech thematic overlap', 'ESG and green innovation focus']","['No synthetic biology or biotech expertise evident in mentor profile', 'No specialty chemicals or materials science background mentioned', ""Limited detail on mentor's specific climate tech domains beyond energy/utilities""]"
startup_004,MENTOR_022,0.42,0.55,"Moderate overlap exists through shared biotech/fermentation commercialization context and entrepreneurship expertise. However, mentor's focus on biofuels/energy policy diverges from BioHalo's fluorinated biomaterials/polymers specialty. Insufficient detailed mentor bio limits confidence in assessing deeper technical or operational alignment.","[{'from': 'startup', 'quote': 'fermentation-driven platform that produces biodegradable and bio-based fluorinated monomers and polymers'}, {'from': 'mentor', 'quote': 'Director of Entrepreneurship & Innovation at École Polytechnique'}]","['Biotech commercialization experience', 'Entrepreneurship/innovation leadership', 'Policy influence relevant to regulatory-heavy sectors']","['Detailed mentor bio unavailable', ""Unclear depth of mentor's materials science or synthetic biology expertise"", ""No evidence of mentor's experience with fluorochemicals or specialty polymers""]"
startup_004,MENTOR_023,0.28,0.75,"Weak overlap between BioHalo's synthetic biology/materials science focus and Laurent Bertiau's finance/institutional sales expertise. While ESG experience may tangentially relate to sustainability claims, there is no evidence of domain knowledge in biotech, chemicals, or fermentation platforms. The mentor's background is primarily in financial services rather than deep tech or materials commercialization.","[{'from': 'startup', 'quote': 'synthetic biology company developing a fermentation-driven platform that produces biodegradable and bio-based fluorinated monomers and polymers'}, {'from': 'mentor', 'quote': '35 years global finance leadership; former Amundi Global Head of Sales; ex-CEO SGAM Asia'}]","['ESG experience may relate to sustainability positioning', 'Finance expertise for fundraising/investor relations', 'No biotech or materials science domain overlap']","[""No evidence of mentor's experience in synthetic biology, chemicals, or materials sectors"", 'Unclear if mentor has worked with deep tech or hardware startups', ""No information on mentor's ESG work scope or sustainability focus areas""]"
startup_004,MENTOR_024,0.12,0.25,"Insufficient info. The mentor profile provides only a title (PhD Candidate) and affiliation (Carnegie Mellon University) with no domain expertise, technical background, or operational experience detailed. The startup operates in synthetic biology, fermentation platforms, and fluorinated biomolecules—highly specialized areas requiring specific domain knowledge that cannot be assessed from the provided mentor text.","[{'from': 'startup', 'quote': 'synthetic biology company developing a fermentation-driven platform that produces biodegradable and bio-based fluorinated monomers and polymers'}, {'from': 'mentor', 'quote': 'PhD Candidate'}]","['Academic affiliation (Carnegie Mellon)', 'CDL program participation']","[""Mentor's research area or PhD focus"", ""Mentor's technical expertise or domain knowledge"", ""Mentor's operational or industry experience"", ""Mentor's bio, key accomplishments, or relevant background""]"
startup_004,MENTOR_025,0.12,0.85,"No credible overlap exists between BioHalo's synthetic biology/fermentation platform for biodegradable fluorinated materials and Tobias Suenner's 30+ years in automotive leadership focused on software-defined vehicles, EVs, and autonomous vehicles. The domains (biotech/materials vs. automotive/software) and functional expertise (fermentation/chemistry vs. joint venture management/consulting in automotive) are fundamentally misaligned.","[{'from': 'startup', 'quote': 'fermentation-driven platform that produces biodegradable and bio-based fluorinated monomers and polymers'}, {'from': 'mentor', 'quote': '30+ years automotive leadership; GM Canada & China; SDV transformation expert'}]","['No domain overlap: synthetic biology vs. automotive', 'No functional overlap: fermentation/chemistry vs. SDV/EV consulting']",[]
startup_004,MENTOR_026,0.22,0.45,"Weak overlap between BioHalo's synthetic biology/fermentation platform and Antoine's expertise in SaaS, robotics, and digital transformation. Circular economy connection provides minimal relevance to biodegradable materials, but lacks specificity in biotech, chemistry, or materials science domains critical to BioHalo's core business.","[{'from': 'startup', 'quote': 'fermentation-driven platform that produces biodegradable and bio-based fluorinated monomers and polymers'}, {'from': 'mentor', 'quote': 'Blockchain & Circular Economy Committee President'}]","['Circular economy interest aligns with sustainability mission', 'Operations experience potentially relevant to scaling', 'Digital transformation may support process optimization']","['No biotech or synthetic biology expertise evident', 'No materials science or chemistry domain knowledge', 'No fermentation or manufacturing scale-up experience mentioned', ""Insufficient detail on mentor's operational scope and industry focus""]"
startup_004,MENTOR_027,0.22,0.65,"Weak overlap between BioHalo's synthetic biology/fermentation platform and the mentor's robotics/industrial automation expertise. The mentor's M&A and executive experience could provide generic strategic value, but there is no specific domain match in biotechnology, chemistry, or materials science that would directly support BioHalo's core technology or market.","[{'from': 'startup', 'quote': 'fermentation-driven platform that produces biodegradable and bio-based fluorinated monomers and polymers'}, {'from': 'mentor', 'quote': 'Robotics; Industrial Automation; Space Tech'}]","['Industrial automation may tangentially relate to fermentation scale-up', 'M&A experience relevant for commercialization strategy', 'Executive leadership background applicable to growth stage']","['No mentor expertise in synthetic biology, chemistry, or materials science', 'No evidence of mentor experience in biotech or chemical manufacturing', ""Insufficient detail on mentor's specific industrial automation applications""]"
startup_004,MENTOR_028,0.68,0.72,"Strong domain overlap exists: Julian Gray has explicit biotechnology expertise and climate tech focus, directly relevant to BioHalo's synthetic biology platform for sustainable fluorochemicals. His deeptech venturing leadership and investment background align well with a 2023-incorporated startup targeting commercialization and market expansion. However, limited detail on his specific biotechnology sub-domains and operational experience in fermentation/materials science prevents a higher score.","[{'from': 'mentor', 'quote': 'Biotechnology; Climate Tech'}, {'from': 'startup', 'quote': 'synthetic biology company developing a fermentation-driven platform that produces biodegradable and bio-based fluorinated monomers and polymers'}]","['Biotechnology domain expertise', 'Climate tech focus aligns with sustainability mission', 'DeepTech venturing experience relevant to early-stage synthetic biology', 'Investment background fits commercialization goals']","[""Mentor's specific biotechnology sub-domain experience unclear"", 'No detail on fermentation or polymer chemistry knowledge', 'Mentor bio and profile_int fields empty, limiting depth assessment']"
startup_004,MENTOR_029,0.08,0.85,"No credible overlap exists between BioHalo's synthetic biology and fermentation-driven platform for biodegradable fluorinated materials and Miles Elsden's expertise in autonomous systems, AI, and mobility safety assurance. The domains (biotech/materials vs. autonomy/AI) and operational contexts (chemical manufacturing vs. policy/government advisory) are fundamentally misaligned.","[{'from': 'startup', 'quote': 'fermentation-driven platform that produces biodegradable and bio-based fluorinated monomers and polymers'}, {'from': 'mentor', 'quote': 'Autonomous Systems; Safety Assurance; EV; Mobility'}]","['No domain overlap: synthetic biology vs. autonomous systems', 'No functional overlap: materials chemistry vs. AI safety policy']",[]
startup_004,MENTOR_030,0.22,0.65,"Weak domain overlap. BioHalo operates in synthetic biology and sustainable materials, while the mentor's expertise centers on fintech, data security, M&A, and investment banking. The mentor's M&A and investment experience could provide generic strategic or fundraising guidance, but there is no specific match to biotech, fermentation platforms, or fluorinated chemistry.","[{'from': 'startup', 'quote': 'synthetic biology company developing a fermentation-driven platform that produces biodegradable and bio-based fluorinated monomers and polymers'}, {'from': 'mentor', 'quote': 'Fintech; Data Security'}]","['M&A and investment banking experience', 'Corporate restructuring knowledge']","['No biotech or materials science expertise evident', 'No operational experience in manufacturing or fermentation', 'Limited mentor bio/profile detail provided']"
startup_004,MENTOR_031,0.28,0.45,"Weak overlap exists primarily through the mentor's marketing expertise, which could generically support BioHalo's commercialization goals. However, the mentor's specialization in digital media, data-driven marketing, and connected medical solutions shows minimal alignment with synthetic biology, fermentation platforms, or fluorinated biomolecules. Insufficient info on mentor's experience with B2B industrial/chemical markets or deep tech commercialization.","[{'from': 'startup', 'quote': 'commercialize sustainable fluorinated biomolecules that replace toxic fluorochemicals'}, {'from': 'mentor', 'quote': '24+ years digital marketing; connected medical solutions specialist'}]","['Marketing expertise for commercialization', 'Digital/data-driven marketing capabilities']","[""Mentor's experience with B2B industrial/chemical markets"", ""Mentor's familiarity with deep tech or materials science commercialization"", ""Mentor's track record in synthetic biology or biotech sectors"", ""Startup's specific marketing/GTM needs""]"
startup_004,MENTOR_032,0.42,0.55,"Moderate overlap exists through Climate Tech alignment (sustainable fluorochemicals fit climate/environmental goals) and startup scaling expertise relevant to BioHalo's commercialization ambitions. However, mentor's domain focus (Climate Tech, Space Tech, Energy, Fintech) lacks specific synthetic biology, fermentation, or specialty chemicals experience, limiting depth of technical/market fit.","[{'from': 'startup', 'quote': 'commercialize sustainable fluorinated biomolecules that replace toxic fluorochemicals'}, {'from': 'mentor', 'quote': 'Climate Tech; Startup Scaling; Raised £2bn+'}]","['Climate Tech / sustainability alignment', 'Startup scaling and commercialization expertise', 'Capital raising experience (£2bn+)']","['No synthetic biology or fermentation platform experience evident', 'No specialty chemicals or materials science background mentioned', 'Unclear if Climate Tech experience includes bio-based materials or industrial biotech']"
startup_004,MENTOR_033,0.48,0.55,"Moderate overlap exists through the mentor's Materials and Clean Tech expertise, which aligns with BioHalo's sustainable biomaterials focus. However, the mentor's background in energy policy, telecommunications, and space tech shows limited direct relevance to synthetic biology fermentation platforms. Insufficient detail in mentor profile limits confidence in assessing deeper domain fit.","[{'from': 'startup', 'quote': 'fermentation-driven platform that produces biodegradable and bio-based fluorinated monomers and polymers'}, {'from': 'mentor', 'quote': 'Materials; Clean Tech'}]","['Materials expertise relevant to polymer development', 'Clean Tech alignment with sustainability mission', 'Policy experience useful for regulatory navigation']","[""No detail on mentor's specific materials or clean tech experience"", 'Unclear if mentor has biotech or chemical industry background', ""Limited information on mentor's commercialization experience in relevant sectors""]"
startup_004,MENTOR_034,0.42,0.55,"Moderate overlap exists through materials science expertise and sustainability focus. The mentor's background in decarbonization and materials chemistry provides relevant technical perspective for a bio-based materials company, though the specific domain (fluorinated polymers via synthetic biology) differs from the mentor's direct experience in direct air capture chemistry. Limited detailed information about both profiles constrains confidence in assessing deeper alignment.","[{'from': 'startup', 'quote': 'fermentation-driven platform that produces biodegradable and bio-based fluorinated monomers and polymers'}, {'from': 'mentor', 'quote': 'Decarbonization; Materials Science'}]","['Materials science technical expertise', 'Sustainability/environmental impact focus', 'Chemistry background relevant to novel materials']","[""Mentor's specific materials science experience details"", ""Mentor's familiarity with synthetic biology or fermentation"", ""Mentor's experience with commercialization vs. pure R&D"", ""Startup's specific technical challenges or development stage""]"
startup_005,MENTOR_001,0.28,0.65,"The mentor has deep expertise in renewable energy (solar/wind), policy, law, and investment, but ZENI operates in wastewater treatment and microalgae biotechnology—a different domain. Some generic overlap exists in sustainability, regulatory navigation, and scaling industrial projects in Europe, but no specific domain or technical match to wastewater, algae, or water reuse.","[{'from': 'startup', 'quote': 'microalgae-based photobioreactor to remove excess N and P from wastewater'}, {'from': 'mentor', 'quote': 'General Counsel for EMEA and Global Head of Transactions at Lightsource bp'}]","['European industrial scaling experience', 'Policy and regulatory navigation', 'Investment and transaction structuring']","['No mentor experience in water/wastewater sector', 'No mentor background in biotechnology or algae', 'Limited startup operational detail provided']"
startup_005,MENTOR_002,0.68,0.75,"Strong overlap exists between ZENI's industrial wastewater treatment focus and Magali Anderson's extensive experience in sustainability strategy, industrial transformation, and operations management across resource-intensive industries. Her board roles at Anglo American and Capitals Coalition, plus her former Chief Sustainability & Innovation Officer position at Holcim, align well with ZENI's industrial wastewater reuse ambitions and European expansion goals.","[{'from': 'mentor', 'quote': 'Chief Sustainability & Innovation Officer at Holcim; 27+ years at Schlumberger including Angola CEO'}, {'from': 'startup', 'quote': 'leading provider of industrial wastewater treatment and reuse solutions in Europe within ten years'}]","['Sustainability strategy expertise for industrial applications', 'Operations management in resource-intensive sectors', 'Board-level experience relevant to scaling industrial solutions', 'Industrial transformation background matches wastewater treatment sector']","['Specific water/wastewater sector experience not explicitly mentioned', 'Direct microalgae or biotechnology expertise unclear']"
startup_005,MENTOR_003,0.72,0.65,Strong domain alignment exists between ZENI's industrial wastewater treatment technology and Julien's 20+ years in sustainable innovation and clean technology. His experience selling a 100+ employee startup and leading strategic partnerships directly matches ZENI's growth ambitions toward becoming a leading European provider. Confidence is moderate due to limited detail on Julien's specific sector experience within water/wastewater treatment.,"[{'from': 'mentor', 'quote': '20+ years developing sustainable innovation; sold 100+ employee startup to Screen Japan'}, {'from': 'startup', 'quote': 'ZENI aims to become the leading provider of industrial wastewater treatment and reuse solutions in Europe within ten years'}]","['Sustainability and clean technology expertise', 'Industrial technology scaling experience', 'Strategic partnerships and business development', 'Successful startup exit track record']","['Specific experience in water/wastewater treatment sector', 'Geographic focus alignment (Europe vs. other regions)', 'Details on industrial customer acquisition experience']"
startup_005,MENTOR_004,0.58,0.65,"Moderate overlap exists: ZENI operates in wastewater treatment with environmental impact (water reuse, algal biomass valorization), which aligns with Elizabeth's Climate Tech focus and energy transition expertise. Her background in financial services, venture capital, and startup scaling (via BRITE Energy Innovators) is relevant for ZENI's growth ambitions (€10M revenue by 2030, scaling to twenty industrial projects). However, there is no explicit evidence of domain-specific expertise in water treatment, industrial biotech, or microalgae technology, limiting the depth of technical fit.","[{'from': 'mentor', 'quote': 'Climate Tech; Energy Transition'}, {'from': 'startup', 'quote': 'achieve €10M EUR in revenue by 2030 through twenty industrial projects'}]","['Climate Tech alignment with wastewater sustainability', 'Venture capital and investment experience for scaling', 'Startup scaling expertise via BRITE Energy Innovators', 'Board governance for growth-stage company needs']","['No evidence of water treatment or industrial biotech domain expertise', 'Unclear if mentor has experience with B2B industrial sales or European markets', ""Limited detail on mentor's specific climate tech subsectors or portfolio companies""]"
startup_005,MENTOR_005,0.48,0.55,"Moderate overlap exists through climate tech and systems-level thinking. The mentor's climate tech expertise and policy influence background could support ZENI's industrial wastewater treatment scaling ambitions, particularly for navigating regulatory environments and strategic positioning. However, there is no direct evidence of water treatment, microalgae, or industrial wastewater domain expertise in the mentor's profile.","[{'from': 'mentor', 'quote': 'Climate Tech'}, {'from': 'startup', 'quote': 'leading provider of industrial wastewater treatment and reuse solutions in Europe within ten years'}]","['Climate tech domain alignment', 'Policy influence for regulatory navigation', 'Systems-level strategic thinking']","['No evidence of water treatment or wastewater expertise', 'No evidence of microalgae or photobioreactor technology knowledge', ""Limited detail on mentor's specific climate tech focus areas"", 'Unclear if mentor has industrial B2B scaling experience']"
startup_005,MENTOR_006,0.68,0.72,"Strong domain overlap exists: ZENI operates in industrial wastewater treatment with sustainability goals, while Arnaud has 20+ years in cleantech, ESG strategy, and renewable energy systems. His experience with major industrial players (ENGIE, Michelin) and cleantech commercial development aligns well with ZENI's ambition to scale industrial projects and achieve €10M revenue by 2030. However, no direct evidence of water treatment or microalgae expertise is provided.","[{'from': 'mentor', 'quote': '20+ years global experience; ESG strategy; worked with ENGIE, Michelin, Temasek'}, {'from': 'startup', 'quote': 'achieve €10M EUR in revenue by 2030 through twenty industrial projects'}]","['Cleantech commercial development expertise', 'ESG and sustainability strategy alignment', 'Industrial client experience (ENGIE, Michelin)', 'Scaling cleantech ventures']","['No evidence of water treatment domain knowledge', 'No mention of microalgae or photobioreactor technology', ""Limited detail on mentor's specific cleantech sectors""]"
startup_005,MENTOR_007,0.58,0.72,"Moderate overlap exists through climate tech focus and industrial scaling experience. Gaetan's background in materials science, industrial deployment (Fukushima), and successful exit (Kurion acquired for $350M) provides relevant operational and investment perspectives for ZENI's industrial wastewater treatment ambitions. However, his core expertise in nuclear waste management and aerospace has limited direct technical overlap with microalgae photobioreactors and wastewater nutrient removal.","[{'from': 'startup', 'quote': 'leading provider of industrial wastewater treatment and reuse solutions in Europe within ten years'}, {'from': 'mentor', 'quote': 'Co-founder & CTO of Kurion; Fukushima deployment; acquired by Veolia for $350M'}]","['Climate tech alignment', 'Industrial scaling and deployment experience', 'Materials science background applicable to bioreactor systems', 'Successful exit to industrial player (Veolia)']","[""Mentor's specific experience with biological systems or water treatment"", ""Mentor's knowledge of European industrial markets"", ""Details on mentor's investment thesis at Breakthrough Energy Ventures Europe""]"
startup_005,MENTOR_008,0.72,0.65,"Strong domain alignment exists between ZENI's industrial wastewater treatment technology and Lisa's 27-year McKinsey background with sustainability and industrial focus, plus her advisory role to European green tech investors. The match is particularly relevant given ZENI's European market ambitions and industrial client targeting, though limited detail on Lisa's specific water/circular economy expertise prevents a higher confidence score.","[{'from': 'mentor', 'quote': '27 years McKinsey Senior Partner; sustainability & industrial focus; advises European green tech investors'}, {'from': 'startup', 'quote': 'ZENI aims to become the leading provider of industrial wastewater treatment and reuse solutions in Europe within ten years'}]","['Sustainability and industrial sector expertise', 'European green tech investor advisory experience', 'M&A and consulting background for scale-up phase', 'Climate tech focus aligns with water reuse mission']","['No specific water technology or circular economy experience mentioned in mentor profile', ""Limited detail on mentor's operational vs. strategic advisory depth"", 'Unclear if mentor has direct industrial client relationship experience']"
startup_005,MENTOR_009,0.42,0.55,"Moderate functional overlap exists: the mentor's expertise in managing deep-tech startup programs and strategic IP management is relevant to ZENI's scaling ambitions as an early-stage cleantech venture. However, there is minimal domain-specific overlap—the mentor's technical background (semiconductors, silicon carbide, nanographics) does not intersect with microalgae-based wastewater treatment. The match is primarily operational rather than technical or sector-specific.","[{'from': 'mentor', 'quote': 'Manages deep-tech startup programs at CEA-Liten'}, {'from': 'startup', 'quote': 'ZENI aims to become the leading provider of industrial wastewater treatment and reuse solutions in Europe within ten years'}]","['Deep-tech startup program management experience', 'Strategic IP management relevant to scaling', 'Early-stage venture support alignment']","[""Mentor's experience with cleantech or environmental sectors unclear"", ""Mentor's knowledge of industrial wastewater or biotech domains not evident"", ""Startup's specific operational or IP challenges not detailed""]"
startup_005,MENTOR_010,0.42,0.55,"Moderate overlap exists through clean technology domain alignment and startup scaling expertise. However, mentor's focus on data centers, infrastructure, and applied AI does not directly intersect with microalgae-based wastewater treatment technology. The mentor's investment and scaling experience is relevant but lacks specific environmental or water treatment domain expertise.","[{'from': 'mentor', 'quote': 'Clean Technology'}, {'from': 'mentor', 'quote': 'Startup Scaling; Investment'}]","['Clean technology domain overlap', 'Startup scaling operational expertise', 'Investment experience for growth stage', 'Serial entrepreneur background']","[""Mentor's specific clean tech focus areas unclear"", 'No evidence of water/environmental sector experience', ""Limited detail on mentor's scaling methodologies"", ""Startup's current stage and specific needs not provided""]"
startup_005,MENTOR_011,0.48,0.55,"Moderate overlap exists through ESG/decarbonization alignment with ZENI's wastewater treatment sustainability mission and the mentor's capital markets expertise relevant to scaling industrial projects. However, the mentor's profile emphasizes climate finance, policy, and investment rather than operational or technical expertise in water treatment, algae cultivation, or industrial wastewater systems, limiting direct domain match.","[{'from': 'startup', 'quote': 'achieve €10M EUR in revenue by 2030 through twenty industrial projects'}, {'from': 'mentor', 'quote': '25+ years Canadian capital markets; climate finance advisor'}]","['ESG/sustainability alignment', 'Capital markets and scaling expertise', 'Industrial project financing relevance']","[""Mentor's specific experience with water/wastewater sector"", ""Mentor's operational or technical depth in industrial systems"", ""Mentor's European market knowledge (startup based in France)""]"
startup_005,MENTOR_012,0.72,0.75,Strong domain match: mentor has explicit 'Water Treatment' and 'Climate Tech' expertise directly aligned with ZENI's microalgae wastewater treatment technology. Mentor's EU-funded project coordination and policy influence experience is highly relevant for a France-based startup targeting industrial wastewater projects across Europe. B2B sales expertise matches ZENI's industrial client focus.,"[{'from': 'mentor', 'quote': 'Water Treatment; Climate Tech'}, {'from': 'mentor', 'quote': 'EU-Funded Project Coordination; Policy Influence; B2B Sales'}]","['Water treatment domain expertise', 'EU funding and policy navigation', 'B2B industrial sales experience', 'Climate tech sector alignment']","[""Mentor's specific technical depth in wastewater/algae technologies unclear"", ""Mentor's track record with early-stage vs. growth-stage companies not specified""]"
startup_005,MENTOR_013,0.42,0.55,"Moderate overlap exists through sustainability and biological systems expertise. The mentor's background in agri-tech, sustainable agriculture, and insect ecology provides some relevant domain knowledge for a microalgae-based wastewater treatment startup, particularly around biological production systems and environmental applications. However, the mentor's specific expertise in entomology and crop protection does not directly align with wastewater treatment technology or industrial water reuse.","[{'from': 'startup', 'quote': 'microalgae-based photobioreactor to remove excess N and P from wastewater'}, {'from': 'mentor', 'quote': 'Agri Tech; Sustainable Agriculture'}]","['Sustainable agriculture and environmental focus', 'Biological systems expertise', 'Project management for industrial applications']","[""Mentor's specific experience with wastewater treatment or water reuse"", ""Mentor's knowledge of photobioreactor technology or microalgae cultivation"", ""Mentor's experience with industrial B2B sales or European market expansion""]"
startup_005,MENTOR_014,0.58,0.65,"Moderate overlap exists between ZENI's microalgae-based wastewater treatment technology and Osnat's experience in sustainable agriculture and agri-tech through Infarm. Her startup scaling expertise is relevant to ZENI's growth ambitions, though the specific domain (vertical farming vs. wastewater treatment) differs. Insufficient detailed information about mentor's technical depth in water/algae systems limits confidence.","[{'from': 'startup', 'quote': 'microalgae-based photobioreactor to remove excess N and P from wastewater'}, {'from': 'mentor', 'quote': 'Vertical Farming; Sustainable Agriculture; Agri Tech'}]","['Sustainable agriculture/agri-tech domain overlap', 'Startup scaling operational experience', 'European market context (Infarm/ZENI)', 'Brand building for B2B industrial solutions']","[""Mentor's specific technical knowledge in water treatment or algae cultivation"", ""Mentor's experience with B2B industrial sales vs. B2C/retail"", ""Details on mentor's involvement in fundraising or investment strategy""]"
startup_005,MENTOR_015,0.48,0.65,"Moderate overlap exists through Climate Tech alignment and biological/environmental technology focus. The mentor's IP litigation and patent law expertise could be relevant for protecting ZENI's microalgae photobioreactor innovations, though there's no direct evidence of wastewater treatment, industrial scaling, or water reuse domain experience.","[{'from': 'startup', 'quote': 'microalgae-based photobioreactor to remove excess N and P from wastewater'}, {'from': 'mentor', 'quote': 'Climate Tech; Health Tech; Biology'}]","['Climate Tech sector alignment', 'Biology/biotech domain overlap', 'Strategic IP protection for cleantech innovation', 'European patent law expertise for EU-based startup']","['No evidence of wastewater treatment or water reuse domain knowledge', 'No indication of industrial scaling or B2B operations experience', 'Limited mentor bio/profile detail to assess depth of climate tech engagement']"
startup_005,MENTOR_016,0.42,0.65,"Moderate overlap exists through the mentor's climate tech investment expertise and startup scaling experience, which align with ZENI's cleantech focus and growth ambitions. However, the mentor's background is heavily software/platform-oriented (SaaS, marketplace tech, ex-CTO Eventbrite), with limited apparent expertise in industrial wastewater treatment, biotech, or hardware-intensive operations that characterize ZENI's microalgae photobioreactor business.","[{'from': 'mentor', 'quote': '70+ climate tech investments'}, {'from': 'startup', 'quote': 'microalgae-based photobioreactor to remove excess N and P from wastewater'}]","['Climate tech investment experience', 'Startup scaling expertise', 'Board governance for growth-stage companies']","[""Mentor's specific climate tech sub-sectors (software vs. hardware/biotech)"", ""Mentor's experience with industrial/B2B hardware businesses"", ""Details on ZENI's technology maturity and current operational challenges""]"
startup_005,MENTOR_017,0.58,0.65,"Moderate overlap exists between ZENI's wastewater treatment technology and Aurélie's sustainability/climate tech expertise. Her ESG and corporate innovation background could help ZENI position its solution within industrial sustainability frameworks and navigate compliance requirements. However, the match lacks deep technical specificity in water treatment, algae cultivation, or industrial process engineering that would constitute a strong domain fit.","[{'from': 'startup', 'quote': 'microalgae-based photobioreactor to remove excess N and P from wastewater'}, {'from': 'mentor', 'quote': 'Climate Tech; ESG Compliance; Corporate Innovation'}]","['Climate tech and sustainability alignment', 'Industrial/corporate innovation experience', 'ESG compliance for water reuse markets']","[""Mentor's specific experience with water/wastewater sector"", ""Mentor's technical depth in biotech or industrial processes"", ""Startup's current ESG/compliance challenges or strategic priorities""]"
startup_005,MENTOR_018,0.58,0.65,"Moderate overlap exists between ZENI's wastewater treatment technology and Daniel Dib's expertise in Climate Tech and Agri Tech, as microalgae-based solutions intersect both domains. His experience scaling deep tech startups and GTM strategy aligns with ZENI's growth ambitions to reach €10M revenue by 2030. However, the match lacks specific evidence of wastewater treatment, industrial B2B sales, or circular economy expertise that would create stronger alignment.","[{'from': 'mentor', 'quote': 'Climate Tech; Agri Tech; SaaS; Digital Transformation'}, {'from': 'mentor', 'quote': 'scaled fintech, agritech & deep tech startups'}]","['Climate Tech and Agri Tech domain overlap', 'Deep tech startup scaling experience', 'GTM strategy for growth targets', 'Operations expertise for industrial deployment']","['No evidence of wastewater treatment or water tech experience', 'Unclear if industrial B2B sales experience exists', 'No mention of circular economy or biomass valorization knowledge', 'Limited detail on specific agritech or climate tech subsectors']"
startup_005,MENTOR_019,0.68,0.72,"Strong domain alignment exists: ZENI operates in climate tech (wastewater treatment, water reuse, carbon/resource recovery) matching Sabrina's climate tech and sustainability strategy expertise. Her startup scaling and fundraising experience directly supports ZENI's growth ambitions (€10M revenue by 2030, 20 industrial projects). However, limited detail on her specific technical depth in water/biotech or industrial sales reduces confidence slightly.","[{'from': 'mentor', 'quote': 'Climate Tech; Deep Tech; Data-Driven Sales; Carbon & Biodiversity'}, {'from': 'startup', 'quote': 'achieve €10M EUR in revenue by 2030 through twenty industrial projects'}]","['Climate tech & sustainability alignment', 'Startup scaling for revenue growth', 'Fundraising for industrial expansion', 'Data-driven sales for B2B industrial clients']","[""Mentor's specific experience in water/wastewater or biotech sectors"", ""Mentor's track record with industrial B2B sales cycles"", ""Depth of mentor's technical advisory capabilities in deep tech""]"
startup_005,MENTOR_020,0.58,0.65,"Moderate overlap exists through Climate Tech alignment and industrial technology focus. Magnus's deep-tech investment experience and industrial tech expertise are relevant to ZENI's wastewater treatment innovation, though his specific domains (Nuclear, Semiconductors) don't directly match microalgae/water treatment. His board governance and investment skills could support ZENI's growth trajectory toward €10M revenue.","[{'from': 'mentor', 'quote': 'Climate Tech; Nuclear; Semiconductors; Industrial Tech'}, {'from': 'startup', 'quote': 'microalgae-based photobioreactor to remove excess N and P from wastewater'}]","['Climate Tech and industrial technology alignment', 'Deep-tech investment experience for scaling', 'Board governance for growth phase', 'European industrial market knowledge']","[""Mentor's specific experience with water/environmental technologies unclear"", ""Mentor's knowledge of circular economy or biomass valorization not specified"", 'Limited mentor bio reduces ability to assess depth of industrial tech expertise']"
startup_005,MENTOR_021,0.58,0.65,"Moderate overlap exists between ZENI's wastewater treatment technology and Florent's climate tech and sustainability strategy expertise. His 20+ years in energy & utilities consulting provides relevant sector knowledge for industrial water solutions, though specific wastewater treatment or algae technology experience is not evident in the provided text.","[{'from': 'mentor', 'quote': '20+ years energy & utilities consulting'}, {'from': 'startup', 'quote': 'leading provider of industrial wastewater treatment and reuse solutions in Europe'}]","['Climate tech and sustainability alignment', 'Energy & utilities sector experience', 'Corporate innovation expertise for industrial clients']","[""Mentor's specific experience with water/wastewater sector"", ""Mentor's knowledge of circular economy or resource recovery"", ""Details on mentor's work with industrial process technologies""]"
startup_005,MENTOR_022,0.58,0.65,"Moderate overlap exists between ZENI's microalgae wastewater treatment technology and Marc Gillmann's biofuels/energy expertise, as algal biomass valorization often intersects with bioenergy applications. His entrepreneurship leadership at École Polytechnique and policy influence experience could support ZENI's European market expansion goals. However, limited specific information about wastewater treatment, circular economy, or industrial water reuse expertise reduces confidence in a stronger match.","[{'from': 'startup', 'quote': 'valorisation of the grown algal biomass'}, {'from': 'mentor', 'quote': 'Biofuels; Energy'}]","['Algal biomass-biofuels intersection', 'Entrepreneurship/innovation leadership', 'Energy sector expertise', 'Policy influence for market expansion']","[""Mentor's specific experience with wastewater treatment or water reuse"", ""Mentor's knowledge of industrial process integration"", ""Mentor's familiarity with circular economy business models"", ""Details on mentor's European industrial network""]"
startup_005,MENTOR_023,0.28,0.65,"Weak overlap between ZENI's microalgae wastewater treatment technology and Laurent Bertiau's finance/institutional sales expertise. Mentor's ESG tag provides minimal connection to environmental tech, but his core experience in global finance leadership and institutional clients does not directly align with industrial wastewater treatment operations, technology development, or water reuse markets.","[{'from': 'mentor', 'quote': '35 years global finance leadership; former Amundi Global Head of Sales; ex-CEO SGAM Asia'}, {'from': 'startup', 'quote': 'microalgae-based photobioreactor to remove excess N and P from wastewater in only one step'}]","['ESG tag suggests environmental awareness', 'Finance expertise for fundraising/scaling', 'Institutional client experience']","['No evidence of cleantech or water industry experience', 'No operational or technical domain overlap', 'Unclear if ESG tag includes environmental tech investing']"
startup_005,MENTOR_024,0.25,0.3,"Insufficient info. The mentor profile provides only a title (PhD Candidate) and affiliation (Carnegie Mellon University) with no domain expertise, technical background, or operational experience detailed. The startup operates in industrial wastewater treatment using microalgae photobioreactors, but no evidence exists in the mentor text to assess domain or functional overlap.","[{'from': 'startup', 'quote': 'microalgae-based photobioreactor to remove excess N and P from wastewater'}, {'from': 'mentor', 'quote': 'PhD Candidate'}]","['Academic research background (PhD level)', 'No specific domain or technical overlap identified']","[""Mentor's research focus or PhD domain"", ""Mentor's technical expertise or industry experience"", ""Mentor's operational or functional skills"", ""Mentor's relevant sector knowledge (water, environment, biotech, industrial)""]"
startup_005,MENTOR_025,0.12,0.75,"The mentor's expertise is concentrated in automotive (Software Defined Vehicles, EV, Autonomous Vehicles) and joint venture management, with no evident overlap with wastewater treatment, microalgae biotechnology, or industrial water reuse. The startup operates in environmental technology and bioprocessing, domains entirely distinct from the mentor's automotive and consulting background.","[{'from': 'startup', 'quote': 'microalgae-based photobioreactor to remove excess N and P from wastewater'}, {'from': 'mentor', 'quote': 'Software Defined Vehicles; EV; Autonomous Vehicles'}]","['No domain overlap (automotive vs. wastewater/biotech)', 'No functional overlap in core technical areas']","[""Mentor's bio and detailed profile are empty, limiting full assessment"", 'No evidence of cross-sector experience or environmental/industrial process expertise']"
startup_005,MENTOR_026,0.28,0.45,"Insufficient info. The mentor's expertise in SaaS, robotics, and digital transformation shows weak overlap with ZENI's microalgae-based wastewater treatment technology. The mentor's blockchain and circular economy background could provide generic strategic value, but no specific evidence of water treatment, biotech, or industrial process expertise is present.","[{'from': 'mentor', 'quote': 'Blockchain & Circular Economy Committee President'}, {'from': 'startup', 'quote': 'microalgae-based photobioreactor to remove excess N and P from wastewater'}]","['Circular economy alignment with biomass valorisation', 'Digital transformation for industrial operations', 'Generic operations experience']","['No evidence of water treatment or environmental tech expertise', 'No biotech or industrial process background mentioned', ""Insufficient detail on mentor's specific domain experience"", 'Limited mentor bio and profile information']"
startup_005,MENTOR_027,0.28,0.65,"Weak overlap between ZENI's microalgae wastewater treatment technology and the mentor's robotics/automation expertise. The mentor's M&A and executive experience at Siemens could provide generic strategic guidance for industrial scaling, but there is no specific domain match in water treatment, environmental technology, or bioprocessing.","[{'from': 'startup', 'quote': 'microalgae-based photobioreactor to remove excess N and P from wastewater'}, {'from': 'mentor', 'quote': 'Robotics; Industrial Automation; Space Tech'}]","['Industrial scaling experience (Siemens)', 'M&A expertise for growth strategy', 'Executive-level operational guidance']","['No evidence of mentor expertise in water treatment, environmental tech, or bioprocessing', 'No clear connection between robotics/space tech and algae-based wastewater systems', 'Limited startup profile text to assess deeper technical or operational needs']"
startup_005,MENTOR_028,0.72,0.65,Strong domain alignment exists between ZENI's microalgae biotechnology for wastewater treatment and Julian Gray's expertise in biotechnology and climate tech. His background in DeepTech venturing and investment consulting is highly relevant to ZENI's growth trajectory toward €10M revenue by 2030. Confidence is moderate due to limited detail in mentor bio and startup team backgrounds.,"[{'from': 'startup', 'quote': 'microalgae-based photobioreactor to remove excess N and P from wastewater'}, {'from': 'mentor', 'quote': 'Biotechnology; Climate Tech; DeepTech & climate venturing leader'}]","['Biotechnology domain overlap (microalgae)', 'Climate tech / sustainability focus', 'DeepTech venturing experience', 'Investment & scaling expertise for revenue targets']","[""Mentor's specific biotechnology sub-domains unclear"", ""Mentor's experience with water/wastewater sector not specified"", ""Limited detail on mentor's operational vs. investment focus balance""]"
startup_005,MENTOR_029,0.12,0.85,"No credible overlap between ZENI's microalgae-based wastewater treatment technology and Miles Elsden's expertise in autonomous systems, safety assurance, EV, and mobility. The mentor's domain (AI, autonomy, government advisory on mobility) does not intersect with the startup's domain (industrial wastewater treatment, algal biomass valorization, water reuse).","[{'from': 'startup', 'quote': 'microalgae-based photobioreactor to remove excess N and P from wastewater'}, {'from': 'mentor', 'quote': 'Autonomous Systems; Safety Assurance; EV; Mobility'}]","['No domain overlap', 'Mentor expertise irrelevant to wastewater treatment', 'No functional or technical intersection']",[]
startup_005,MENTOR_030,0.25,0.65,"Weak domain overlap. The mentor's expertise is in fintech, data security, M&A, and investment banking, while the startup operates in industrial wastewater treatment using microalgae biotechnology. The mentor could provide generic financial structuring or M&A guidance, but lacks specific domain knowledge in water treatment, environmental technology, or industrial operations.","[{'from': 'startup', 'quote': 'microalgae-based photobioreactor to remove excess N and P from wastewater'}, {'from': 'mentor', 'quote': 'Fintech; Data Security'}]","['M&A experience for potential acquisitions', 'Investment structuring for scaling', 'Corporate finance expertise']","['No evidence of environmental/cleantech sector experience', 'No industrial operations or manufacturing background', 'No water treatment or biotechnology domain knowledge']"
startup_005,MENTOR_031,0.28,0.55,"Weak overlap between mentor's digital marketing expertise and ZENI's industrial wastewater treatment business. While marketing skills are universally applicable, there is no specific domain match in cleantech, water treatment, industrial B2B sales, or algae/biotech operations. Insufficient info on mentor's experience with industrial or environmental sectors.","[{'from': 'mentor', 'quote': '24+ years digital marketing; connected medical solutions specialist'}, {'from': 'startup', 'quote': 'microalgae-based photobioreactor to remove excess N and P from wastewater'}]","['Generic marketing/communications skills', 'B2B go-to-market experience (assumed)', 'No cleantech or industrial wastewater domain match']","[""Mentor's experience with industrial/environmental sectors unclear"", 'No evidence of B2B industrial sales or cleantech background', ""Startup's current marketing/commercialization challenges not specified""]"
startup_005,MENTOR_032,0.52,0.65,"Moderate overlap exists through Climate Tech alignment and startup scaling expertise relevant to ZENI's industrial expansion goals. However, mentor's specific domains (Space Tech, Energy, Fintech) do not directly intersect with wastewater treatment or microalgae biotechnology, limiting deeper technical or sector-specific synergy.","[{'from': 'mentor', 'quote': 'Climate Tech; Space Tech; Energy; Fintech'}, {'from': 'startup', 'quote': 'achieve €10M EUR in revenue by 2030 through twenty industrial projects'}]","['Climate Tech domain alignment', 'Startup scaling and investment expertise', 'Industrial project expansion experience']","[""Mentor's specific Climate Tech subsector experience unclear"", 'No evidence of water/wastewater or biotech domain knowledge', ""Limited detail on mentor's operational expertise in industrial sectors""]"
startup_005,MENTOR_033,0.68,0.72,"Strong domain overlap exists: ZENI operates in wastewater treatment (Clean Tech), and Michael has Clean Tech expertise plus deep experience in energy/environmental policy and analysis from BNEF and UK government roles. His McKinsey background and policy influence are relevant for scaling industrial infrastructure solutions in Europe. However, no specific evidence of water treatment, algae technology, or circular economy expertise limits the score from reaching exceptional levels.","[{'from': 'mentor', 'quote': 'Clean Tech'}, {'from': 'mentor', 'quote': 'Former Global Head of Analysis at BNEF; ex-McKinsey Partner; UK energy policymaker'}]","['Clean Tech domain alignment', 'Policy and government advisory experience for industrial scaling', 'Strategic consulting background (McKinsey) for growth planning', 'European energy/environmental policy expertise']","['No specific water treatment or wastewater expertise mentioned', 'No evidence of algae/biotech or circular economy experience', ""Limited detail on mentor's Clean Tech sub-domains""]"
startup_005,MENTOR_034,0.42,0.65,"Moderate overlap exists through environmental technology and materials science domains. The mentor's background in decarbonization, materials science, and cleantech venture experience (Carbon Removal Partners) provides relevant context for industrial environmental solutions, though the specific focus areas differ—wastewater treatment versus carbon removal. The mentor's PhD-level technical expertise and VC perspective could offer value to ZENI's industrial scaling ambitions.","[{'from': 'startup', 'quote': 'microalgae-based photobioreactor to remove excess N and P from wastewater'}, {'from': 'mentor', 'quote': 'Head of Science at CDR-focused VC; former Climeworks DAC chemist; PhD EPFL'}]","['Environmental technology domain overlap', 'Materials science expertise applicable to bioreactor systems', 'VC experience relevant to industrial scaling strategy', 'Technical PhD background for science-based solutions']","[""Mentor's specific experience with biological systems or wastewater treatment"", ""Mentor's knowledge of circular economy or water reuse markets"", ""Details on mentor's operational or commercialization experience beyond VC role""]"
startup_006,MENTOR_001,0.28,0.65,"Weak overlap. The mentor's expertise is in renewable energy (solar/wind), legal/transactional work, and policy, while the startup focuses on biobased materials for hygiene and agriculture. Both operate in sustainability, but domain-specific knowledge (materials science, SAP chemistry, hygiene/agriculture markets) does not align with the mentor's solar energy and legal background. Generic business/legal advice possible, but no clear technical or market fit.","[{'from': 'startup', 'quote': 'biobased, biodegradable Super Absorbent Polymers (SAPs) that soak up hundreds of times their weight in water, used in diapers, pads, and as soil enhancers'}, {'from': 'mentor', 'quote': 'General Counsel for EMEA and Global Head of Transactions at Lightsource bp; 17+ years in renewables; former Linklaters, SunPower, SunEdison'}]","['Both in sustainability/climate space', 'Mentor has legal/transactional expertise', 'No domain overlap (energy vs. materials)']","[""Mentor's bio and detailed profile text are empty"", ""Startup's full profile text is empty"", ""No information on mentor's experience with materials, chemicals, or agriculture sectors""]"
startup_006,MENTOR_002,0.68,0.75,Strong domain overlap exists between the startup's sustainable materials focus and the mentor's deep expertise in sustainability strategy and industrial transformation. The mentor's board-level experience at Anglo American (mining/materials) and former Chief Sustainability Officer role at Holcim (construction materials) provides relevant sector knowledge for scaling biobased polymers in industrial applications.,"[{'from': 'mentor', 'quote': 'former Chief Sustainability & Innovation Officer at Holcim'}, {'from': 'startup', 'quote': 'sustainable, biobased, biodegradable Super Absorbent Polymers (SAPs)'}]","[""Sustainability strategy expertise matches startup's sustainable materials mission"", 'Industrial transformation experience relevant to SAP market disruption', 'Materials sector knowledge (Anglo American, Holcim)', 'Board-level scaling perspective for market capture goals']","['No specific polymer or chemical industry experience mentioned', 'Limited detail on agriculture or hygiene product sectors', 'Unclear if mentor has experience with B2B materials commercialization']"
startup_006,MENTOR_003,0.72,0.75,Strong domain alignment between mentor's 20+ years in sustainable innovation and clean/industrial technology with startup's biobased SAP materials for hygiene and agriculture. Mentor's experience scaling and selling a 100+ employee startup provides relevant operational context for A&B's ambitious 20% market capture goal. Business development and strategic partnership expertise directly supports market penetration strategy.,"[{'from': 'mentor', 'quote': '20+ years developing sustainable innovation; sold 100+ employee startup to Screen Japan'}, {'from': 'startup', 'quote': 'targets capturing 20% of the $9B USD global SAP market, equivalent to around 900,000 tonnes annually'}]","['Sustainability and clean technology expertise', 'Industrial materials domain experience', 'Startup scaling and exit experience', 'Business development for market penetration']","[""Mentor's specific technical depth in materials science or polymers"", ""Mentor's experience in hygiene or agriculture sectors"", ""Details on mentor's startup's technology domain""]"
startup_006,MENTOR_004,0.52,0.6,"Moderate overlap exists: the mentor's climate tech focus and startup scaling expertise align with A&B Smart Materials' sustainable materials mission and growth ambitions. However, the mentor's background is primarily in financial services, energy transition, and investment rather than materials science, chemical manufacturing, or agriculture/hygiene sectors, limiting domain-specific leverage.","[{'from': 'mentor', 'quote': 'Climate Tech; Energy Transition'}, {'from': 'startup', 'quote': 'sustainable, biobased, biodegradable Super Absorbent Polymers'}]","['Climate tech and sustainability alignment', 'Startup scaling and investment expertise', 'Board governance for growth-stage company']","[""Mentor's specific experience in materials/chemicals sector unclear"", ""Mentor's knowledge of hygiene or agriculture markets not evident"", ""Startup's current stage and specific operational challenges not detailed""]"
startup_006,MENTOR_005,0.42,0.55,"Moderate overlap exists through climate tech and policy influence domains relevant to sustainable materials scaling. However, mentor's core expertise in quantum, systems design engineering, and government advisory does not directly align with biobased polymer chemistry, manufacturing scale-up, or hygiene/agriculture market penetration. Insufficient detail on mentor's climate tech specifics limits confidence.","[{'from': 'startup', 'quote': 'sustainable, biobased, biodegradable Super Absorbent Polymers (SAPs)'}, {'from': 'mentor', 'quote': 'Climate Tech'}]","['Climate tech / sustainability alignment', 'Policy influence for market adoption', 'Systems thinking for scaling strategy']","[""Mentor's specific climate tech experience and relevance to materials/chemicals"", ""Mentor's operational or commercialization experience in physical products"", ""Details on mentor's investment focus areas""]"
startup_006,MENTOR_006,0.68,0.72,"Strong domain overlap exists: the mentor has 20+ years in sustainability strategy and cleantech commercial development, directly relevant to A&B Smart Materials' mission to replace synthetic SAPs with biodegradable alternatives in a $9B market. The mentor's ESG expertise and experience with major corporates (ENGIE, Michelin, Temasek) align well with scaling sustainable materials. However, no specific evidence of polymer chemistry, materials science, or agriculture/hygiene sector experience limits the score from reaching exceptional levels.","[{'from': 'mentor', 'quote': '20+ years global experience; ESG strategy; worked with ENGIE, Michelin, Temasek'}, {'from': 'startup', 'quote': 'sustainable, biobased, biodegradable Super Absorbent Polymers (SAPs)'}]","['Sustainability strategy expertise', 'Cleantech commercial development experience', 'ESG and responsible innovation focus', 'Experience scaling with major corporates']","['No evidence of materials science or polymer expertise', 'No specific agriculture or hygiene sector experience mentioned', ""Limited detail on mentor's actual commercial scaling achievements""]"
startup_006,MENTOR_007,0.72,0.8,"Strong domain match: mentor has deep materials science expertise (PhD) and climate tech investment focus, directly relevant to A&B's sustainable biobased polymers. Mentor's experience scaling a materials/cleantech startup (Kurion) to $350M acquisition and current role investing in climate tech at Breakthrough Energy Ventures Europe align well with A&B's ambitious market capture goals and need for strategic scaling guidance.","[{'from': 'mentor', 'quote': 'Co-founder & CTO of Kurion; Fukushima deployment; acquired by Veolia for $350M; PhD Materials Science'}, {'from': 'startup', 'quote': 'targets capturing 20% of the $9B USD global SAP market, equivalent to around 900,000 tonnes annually'}]","['Materials science PhD matches biobased polymer development', 'Climate tech investment focus aligns with sustainability mission', 'Proven scaling experience (Kurion $350M exit)', 'European cleantech ecosystem knowledge']","[""Mentor's specific experience with polymers or agricultural applications unclear"", ""Details on mentor's involvement in consumer products or hygiene sectors not provided""]"
startup_006,MENTOR_008,0.72,0.65,"Strong domain alignment exists: the mentor has 27 years as a McKinsey Senior Partner with sustainability and industrial focus, directly relevant to A&B Smart Materials' sustainable biobased SAP production and industrial scaling ambitions. The mentor's ESG and Climate Tech expertise, plus experience advising European green tech investors, matches the startup's biodegradable materials mission and likely fundraising/growth needs. However, limited detail on mentor's specific materials science, agriculture, or hygiene product experience reduces confidence.","[{'from': 'mentor', 'quote': '27 years McKinsey Senior Partner; sustainability & industrial focus; advises European green tech investors'}, {'from': 'startup', 'quote': 'sustainable, biobased, biodegradable Super Absorbent Polymers (SAPs)'}]","['Sustainability and industrial operations expertise', 'Climate Tech and ESG alignment with biodegradable materials', 'European green tech investor advisory experience', 'M&A and consulting background for scaling strategy']","[""Mentor's specific experience in materials science or chemical manufacturing"", ""Mentor's familiarity with hygiene or agriculture sectors"", ""Depth of mentor's operational vs. advisory role history""]"
startup_006,MENTOR_009,0.42,0.55,"Moderate overlap exists through deep-tech startup scaling expertise, which is relevant to A&B Smart Materials' ambitious market capture goals. However, the mentor's technical domain (semiconductors, silicon carbide, nanographics) shows no direct connection to biobased polymers or sustainable materials chemistry. The strategic IP management and startup program experience provides functional value, but lacks material science or agriculture/hygiene sector specificity.","[{'from': 'mentor', 'quote': 'Manages deep-tech startup programs at CEA-Liten'}, {'from': 'startup', 'quote': 'targets capturing 20% of the $9B USD global SAP market'}]","['Deep-tech startup scaling experience', 'Strategic IP management expertise', 'Startup program coordination skills']","['No evidence of materials science or polymer chemistry expertise', 'No demonstrated experience in agriculture, hygiene, or sustainability sectors', 'Limited mentor bio/profile detail to assess deeper domain overlap']"
startup_006,MENTOR_010,0.28,0.45,"Weak overlap. Mentor's expertise centers on data centers, infrastructure, applied AI, and investment, with no evident background in materials science, chemicals, or agriculture/hygiene sectors. Startup scaling and investment experience offer generic value but lack domain-specific relevance to biobased polymers or SAP markets. Insufficient info on mentor's clean technology depth.","[{'from': 'mentor', 'quote': 'Data Centers; Infrastructure; Clean Technology; Applied AI'}, {'from': 'startup', 'quote': 'biobased, biodegradable Super Absorbent Polymers (SAPs) that soak up hundreds of times their weight in water'}]","['Clean technology tag (vague overlap)', 'Startup scaling experience (generic)', 'Investment background (generic capital access)']","[""Mentor's specific clean tech experience or portfolio companies"", ""Mentor's knowledge of materials science, chemicals, or agriculture sectors"", ""Details on mentor's operational expertise beyond data centers/infrastructure""]"
startup_006,MENTOR_011,0.58,0.65,"Moderate overlap exists between the mentor's expertise in decarbonization, ESG, and climate finance and the startup's sustainable materials focus. However, the mentor's profile emphasizes capital markets, investment, and policy influence rather than materials science, manufacturing scale-up, or agricultural/hygiene product commercialization, which limits direct operational or technical alignment.","[{'from': 'startup', 'quote': 'sustainable, biobased, biodegradable Super Absorbent Polymers (SAPs)'}, {'from': 'mentor', 'quote': 'Decarbonization; ESG; Risk Assessment'}]","['Sustainability and decarbonization alignment', 'ESG expertise relevant to biobased materials', 'Climate finance and capital markets experience', 'Policy influence for regulatory navigation']","[""Mentor's specific experience with materials or chemical industries"", ""Mentor's involvement in early-stage operational scaling"", ""Details on mentor's investment thesis or sector focus""]"
startup_006,MENTOR_012,0.68,0.72,"Strong domain overlap exists: the mentor's expertise in Water Treatment and Climate Tech aligns well with A&B's sustainable SAPs for water retention in agriculture and hygiene. Her 20+ years in public-private funding, EU project coordination, and policy influence are highly relevant for a UK-based deep tech materials startup targeting large-scale market penetration and likely needing grants, partnerships, and regulatory navigation. However, the mentor profile lacks detail on materials science or manufacturing scale-up experience, which limits the score.","[{'from': 'startup', 'quote': 'sustainable, biobased, biodegradable Super Absorbent Polymers (SAPs) that soak up hundreds of times their weight in water'}, {'from': 'mentor', 'quote': 'Water Treatment; Climate Tech; 20+ years public-private funding expertise; advisor to EU governments and European Commission'}]","['Water/climate tech domain alignment', 'EU funding and policy expertise for UK deep tech', 'B2B sales experience relevant to hygiene/agriculture markets', 'Public-private partnership navigation']","['No evidence of materials science or polymer expertise', 'No detail on manufacturing scale-up or supply chain experience', ""Limited information on mentor's specific sector experience in hygiene or agriculture""]"
startup_006,MENTOR_013,0.68,0.72,"Strong domain overlap exists between the mentor's sustainable agriculture and agri-tech expertise and the startup's soil enhancement/water-saving SAP applications in agriculture. The mentor's background in crop protection and ecology aligns well with agricultural use cases, though the core polymer chemistry/materials science aspect of the startup falls outside the mentor's stated expertise.","[{'from': 'startup', 'quote': 'used in diapers, pads, and as soil enhancers to save water'}, {'from': 'mentor', 'quote': 'Agri Tech; Sustainable Agriculture'}]","['Sustainable agriculture domain alignment', 'Soil enhancement/water conservation applications', 'Agri-tech sector expertise']","[""Mentor's specific experience with materials science or polymer chemistry"", ""Mentor's knowledge of hygiene product markets"", ""Details on mentor's commercialization experience in materials/chemicals""]"
startup_006,MENTOR_014,0.52,0.65,"Moderate overlap exists through agriculture and sustainability domains. Mentor's experience in sustainable agriculture (Infarm vertical farming) and startup scaling aligns with A&B's agricultural water-saving applications and growth ambitions. However, mentor's expertise is in agri-tech operations and branding rather than materials science or chemical manufacturing, limiting technical domain match.","[{'from': 'mentor', 'quote': 'Vertical Farming; Sustainable Agriculture; Agri Tech'}, {'from': 'startup', 'quote': 'soil enhancers to save water'}]","['Sustainable agriculture domain overlap', 'Startup scaling experience relevant to growth targets', 'Water conservation alignment (vertical farming/soil enhancement)']","[""Mentor's specific expertise depth in materials or chemical products unclear"", ""Mentor's experience with B2B industrial scaling vs consumer products unclear"", ""Limited detail on mentor's investment or fundraising track record""]"
startup_006,MENTOR_015,0.58,0.65,"Moderate overlap exists: the mentor's expertise in strategic IP management and patent law is relevant to a materials science startup developing novel biopolymers, where IP protection is critical. The mentor's climate tech and biology tags align with the startup's sustainable materials focus. However, no evidence of direct materials science, manufacturing scale-up, or go-to-market expertise that would address the startup's ambitious market capture goals.","[{'from': 'mentor', 'quote': 'Strategic IP Management; Law'}, {'from': 'startup', 'quote': 'sustainable, biobased, biodegradable Super Absorbent Polymers (SAPs)'}]","['IP strategy for novel materials', 'Climate tech domain alignment', 'Biology/biotech tag overlap', 'Patent protection for biopolymer innovation']","['No evidence of materials science or manufacturing expertise', 'No evidence of commercialization or market entry experience', ""Limited detail on mentor's specific climate tech or biology work""]"
startup_006,MENTOR_016,0.42,0.65,"Moderate overlap exists through the mentor's climate tech investment experience (70+ investments) and startup scaling expertise, which align with A&B Smart Materials' sustainable materials focus and growth ambitions. However, the mentor's core background is in platform engineering, SaaS, and marketplace tech (ex-CTO Eventbrite), which has limited direct relevance to biobased materials, chemical manufacturing, or agriculture/hygiene product markets.","[{'from': 'mentor', 'quote': '70+ climate tech investments'}, {'from': 'startup', 'quote': 'sustainable, biobased, biodegradable Super Absorbent Polymers (SAPs)'}]","['Climate tech investment experience', 'Startup scaling expertise', 'Board governance for growth-stage companies']","[""Mentor's specific climate tech sub-sectors (materials, chemicals, agriculture)"", ""Mentor's experience with physical product or manufacturing businesses"", ""Details on mentor's operational expertise beyond software/platform companies""]"
startup_006,MENTOR_017,0.52,0.65,"Moderate overlap exists through sustainability focus: the startup produces biodegradable materials addressing environmental impact, while the mentor specializes in ESG strategy and climate tech. However, the mentor's expertise centers on corporate ESG compliance, reporting frameworks (CSRD/ESRS), and AI-driven transformation rather than materials science, manufacturing scale-up, or agricultural/hygiene product commercialization. The match is functional (sustainability positioning) but lacks specific domain alignment with biopolymer development or SAP market dynamics.","[{'from': 'startup', 'quote': 'sustainable, biobased, biodegradable Super Absorbent Polymers (SAPs)'}, {'from': 'mentor', 'quote': 'Global ESG leader; CSRD & ESRS expert; AI-driven sustainability transformation'}]","['Sustainability/climate tech alignment', 'ESG strategy for green products', 'Corporate innovation experience']","[""Mentor's experience with materials/chemicals sector unclear"", 'No evidence of B2B product commercialization expertise', ""Startup's specific ESG/compliance needs not detailed""]"
startup_006,MENTOR_018,0.68,0.72,"Strong domain overlap exists: the mentor has agritech and climate tech expertise, directly relevant to A&B's biodegradable SAPs for agriculture and sustainability. The mentor's 35+ years scaling startups and GTM strategy align well with A&B's ambitious 20% market capture goal. However, limited detail on the mentor's specific materials science or chemical manufacturing experience prevents a higher score.","[{'from': 'mentor', 'quote': 'Agri Tech; Climate Tech'}, {'from': 'startup', 'quote': 'capturing 20% of the $9B USD global SAP market'}]","['Agritech domain expertise matches soil enhancer application', 'Climate tech focus aligns with sustainable materials mission', 'Startup scaling experience relevant to aggressive market capture goals', 'GTM strategy expertise applicable to entering established SAP market']","['No explicit materials science or chemical manufacturing background mentioned', 'Unclear if mentor has experience with B2B industrial sales or hygiene product markets', ""Limited detail on mentor's specific agritech portfolio companies or outcomes""]"
startup_006,MENTOR_019,0.58,0.65,"Moderate overlap exists between the mentor's climate tech and sustainability strategy expertise and the startup's sustainable materials mission. The mentor's focus on startup scaling and fundraising aligns with A&B's growth ambitions to capture 20% market share. However, there is no evidence of specific domain expertise in materials science, chemical manufacturing, or the SAP/hygiene/agriculture sectors, limiting the depth of technical fit.","[{'from': 'mentor', 'quote': 'Climate Tech; Deep Tech; Sustainability Strategy'}, {'from': 'startup', 'quote': 'sustainable, biobased, biodegradable Super Absorbent Polymers'}]","['Climate tech and sustainability alignment', 'Startup scaling expertise for growth targets', 'Fundraising support for market expansion']","['No evidence of materials science or chemical manufacturing expertise', 'No specific experience in SAP, hygiene, or agriculture sectors', ""Limited detail on mentor's actual advisory track record or outcomes""]"
startup_006,MENTOR_020,0.42,0.55,"Moderate overlap exists through Climate Tech alignment and deep-tech investment experience relevant to sustainable materials. However, mentor's specific expertise in Nuclear, Semiconductors, and Industrial Tech does not directly intersect with biobased polymers or the hygiene/agriculture sectors. Limited profile detail reduces confidence in assessing deeper domain fit.","[{'from': 'startup', 'quote': 'sustainable, biobased, biodegradable Super Absorbent Polymers (SAPs)'}, {'from': 'mentor', 'quote': 'Climate Tech; Nuclear; Semiconductors; Industrial Tech'}]","['Climate Tech / sustainability alignment', 'Deep-tech investment experience', 'Board governance for scaling companies']","[""Mentor's specific experience with materials science or chemical engineering"", ""Mentor's familiarity with hygiene or agriculture markets"", ""Details on mentor's portfolio companies or sector depth beyond listed tags""]"
startup_006,MENTOR_021,0.48,0.55,"Moderate overlap exists through sustainability and climate tech focus. Mentor's ESG and climate tech expertise aligns with startup's sustainable materials mission, but mentor's background in energy/utilities consulting and corporate innovation doesn't directly match materials science, chemical manufacturing, or agricultural/hygiene product markets. Insufficient detail on mentor's specific experience with materials, manufacturing scale-up, or relevant market channels.","[{'from': 'startup', 'quote': 'sustainable, biobased, biodegradable Super Absorbent Polymers (SAPs)'}, {'from': 'mentor', 'quote': 'Global Head Climate Tech; ESG; Climate Tech; AI for Sustainability'}]","['Sustainability/climate tech alignment', 'ESG strategy relevance', 'Corporate innovation experience']","[""Mentor's experience with materials science or chemical products"", ""Mentor's knowledge of hygiene or agriculture markets"", ""Mentor's experience with manufacturing scale-up or B2B sales in relevant sectors""]"
startup_006,MENTOR_022,0.42,0.55,"Moderate overlap exists through shared sustainability/bio-based materials focus and commercialization experience. Mentor's biofuels and energy background provides adjacent domain knowledge to biobased polymers, and his entrepreneurship/innovation leadership at École Polytechnique offers relevant commercialization guidance. However, no direct SAP, hygiene products, or agriculture sector expertise is evident, limiting specificity of match.","[{'from': 'startup', 'quote': 'produces sustainable, biobased, biodegradable Super Absorbent Polymers (SAPs)'}, {'from': 'mentor', 'quote': 'Biofuels; Energy'}]","['Bio-based materials domain adjacency', 'Entrepreneurship & innovation leadership', 'Commercialization experience (SATT President)', 'Policy influence relevant to sustainability markets']","['No evidence of SAP or polymer-specific expertise', 'No agriculture or hygiene product sector experience mentioned', ""Limited detail on mentor's specific technical or operational achievements""]"
startup_006,MENTOR_023,0.28,0.65,"Weak overlap between mentor's finance/institutional sales expertise and startup's materials science/manufacturing focus. Mentor's ESG tag provides minimal connection to sustainability themes, but lacks domain-specific knowledge in chemicals, polymers, agriculture, or hygiene products. No evidence of relevant operational or technical experience for a biobased materials company.","[{'from': 'mentor', 'quote': '35 years global finance leadership; former Amundi Global Head of Sales; ex-CEO SGAM Asia'}, {'from': 'startup', 'quote': 'produces sustainable, biobased, biodegradable Super Absorbent Polymers (SAPs) that soak up hundreds of times their weight in water'}]","['ESG awareness (weak relevance)', 'Finance/fundraising experience (generic)', 'Institutional client relationships (tangential)']","['No materials science or chemical industry experience', 'No agriculture or hygiene product sector knowledge', 'No manufacturing or supply chain expertise', 'Unclear if ESG experience extends to sustainable materials']"
startup_006,MENTOR_024,0.25,0.3,"Insufficient info. The mentor profile provides only a title (PhD Candidate) and affiliation (Carnegie Mellon University) with no details on research focus, domain expertise, or operational experience. Without knowledge of the mentor's specific area of study or relevant background, it is impossible to assess meaningful overlap with A&B Smart Materials' biobased polymer technology, market strategy, or agricultural/hygiene applications.","[{'from': 'startup', 'quote': 'produces sustainable, biobased, biodegradable Super Absorbent Polymers (SAPs)'}, {'from': 'mentor', 'quote': 'PhD Candidate'}]","['Academic affiliation at research university', 'No disclosed domain or functional expertise']","[""Mentor's research area or PhD focus"", ""Mentor's domain expertise (materials science, chemistry, sustainability, etc.)"", ""Mentor's operational or commercialization experience"", ""Mentor's industry background or relevant technical skills""]"
startup_006,MENTOR_025,0.12,0.75,"The mentor's expertise is concentrated in automotive (Software Defined Vehicles, EV, Autonomous Vehicles) and joint venture management, with 30+ years in automotive leadership at GM. The startup develops biobased Super Absorbent Polymers for hygiene and agriculture markets. There is no credible domain, technology, or market overlap between automotive/mobility and sustainable materials for diapers/agriculture.","[{'from': 'mentor', 'quote': '30+ years automotive leadership; GM Canada & China; SDV transformation expert'}, {'from': 'startup', 'quote': 'biobased, biodegradable Super Absorbent Polymers (SAPs) that soak up hundreds of times their weight in water, used in diapers, pads, and as soil enhancers'}]","['General business/consulting experience', 'No domain overlap (automotive vs. materials/agriculture)']","[""Mentor's detailed bio unavailable"", 'No evidence of materials science, chemicals, or agriculture experience']"
startup_006,MENTOR_026,0.28,0.45,"Weak overlap detected. The mentor's expertise in digital transformation, SaaS, and robotics does not directly align with the startup's core focus on biobased materials chemistry and sustainable polymer production. The mentor's operations and investment experience could provide generic business guidance, but lacks specific relevance to materials science, chemical manufacturing, or agricultural/hygiene product markets.","[{'from': 'startup', 'quote': 'produces sustainable, biobased, biodegradable Super Absorbent Polymers (SAPs)'}, {'from': 'mentor', 'quote': 'SaaS; Robotics; Digital Transformation'}]","['Operations experience applicable to scaling', 'Investment background relevant to fundraising', 'Circular economy interest tangentially related to sustainability']","['No evidence of materials science or chemical engineering expertise', 'No demonstrated experience in hygiene or agriculture sectors', ""Insufficient detail on mentor's circular economy work to assess relevance"", 'Limited mentor bio/profile text to evaluate depth of expertise']"
startup_006,MENTOR_027,0.22,0.65,"The mentor's expertise in robotics, industrial automation, and M&A strategy offers weak overlap with a biobased materials startup. While M&A experience and executive leadership at Siemens could provide generic strategic guidance, there is no clear domain match in materials science, chemistry, sustainability, or agriculture/hygiene sectors. Insufficient info on mentor's materials or chemical industry experience.","[{'from': 'startup', 'quote': 'produces sustainable, biobased, biodegradable Super Absorbent Polymers (SAPs)'}, {'from': 'mentor', 'quote': 'Robotics; Industrial Automation; Space Tech'}]","['M&A experience for market expansion', 'Executive leadership at large industrial firm', 'Generic strategic guidance potential']","['No evidence of materials science or chemistry expertise', 'No clear connection to sustainability, agriculture, or hygiene sectors', 'Mentor bio and detailed profile are empty']"
startup_006,MENTOR_028,0.58,0.65,"Moderate overlap exists through biotechnology and climate tech alignment with A&B's sustainable biobased materials mission. Julian's deep tech venturing and investment experience is relevant to scaling a materials innovation startup targeting a $9B market. However, no direct SAP, polymer chemistry, or agriculture/hygiene sector expertise is evident in the provided mentor profile.","[{'from': 'startup', 'quote': 'sustainable, biobased, biodegradable Super Absorbent Polymers (SAPs)'}, {'from': 'mentor', 'quote': 'Biotechnology; Climate Tech'}]","['Biotechnology and climate tech domain overlap', 'DeepTech venturing experience', 'Investment and scaling expertise']","['No evidence of materials science or polymer expertise', 'No agriculture or hygiene sector experience mentioned', ""Limited detail on mentor's specific biotech focus areas""]"
startup_006,MENTOR_029,0.08,0.85,"No credible overlap exists between the mentor's expertise in autonomous systems, AI, safety assurance, and EV/mobility and the startup's focus on biobased, biodegradable super absorbent polymers for hygiene and agriculture. The domains (autonomy/AI vs. sustainable materials/chemistry) and target markets (mobility vs. hygiene/agriculture) are fundamentally misaligned.","[{'from': 'mentor', 'quote': 'Autonomous Systems; Safety Assurance; EV; Mobility'}, {'from': 'startup', 'quote': 'biobased, biodegradable Super Absorbent Polymers (SAPs) that soak up hundreds of times their weight in water'}]","['No domain overlap', 'Unrelated technical expertise', 'Divergent market sectors']",[]
startup_006,MENTOR_030,0.28,0.65,"Weak domain overlap. The mentor's expertise in M&A, corporate restructuring, and investment banking could provide generic strategic and fundraising guidance, but there is no evidence of materials science, sustainability, chemicals, or agriculture sector experience. The mentor's tech focus (fintech, data security) is unrelated to biobased polymers.","[{'from': 'mentor', 'quote': 'M&A; Corporate Restructuring; Investment'}, {'from': 'startup', 'quote': 'biobased, biodegradable Super Absorbent Polymers (SAPs)'}]","['M&A and investment structuring experience', 'Financial advisory for scaling companies', 'No materials/chemicals/agriculture domain expertise']","[""Mentor's sector experience beyond fintech unclear"", 'No evidence of sustainability or materials industry knowledge', ""Startup's current stage and capital needs not specified""]"
startup_006,MENTOR_031,0.42,0.55,"Moderate overlap exists primarily through marketing expertise relevant to commercializing a B2B materials product targeting a $9B market. The mentor's digital marketing and data-driven marketing background could support market penetration strategy, though his specialization in connected medical solutions and digital media does not directly align with biobased materials, agriculture, or hygiene product manufacturing. Insufficient detail on both profiles limits confidence.","[{'from': 'mentor', 'quote': '24+ years digital marketing; connected medical solutions specialist'}, {'from': 'startup', 'quote': 'capturing 20% of the $9B USD global SAP market'}]","['Marketing expertise for market penetration', 'Experience scaling commercial strategies', 'Data-driven approach applicable to B2B']","[""Mentor's experience with materials/chemicals sector unclear"", ""Mentor's knowledge of agriculture or hygiene markets not specified"", ""Startup's current go-to-market challenges not detailed"", 'Limited mentor bio and startup profile text']"
startup_006,MENTOR_032,0.42,0.55,"Moderate overlap exists through Climate Tech alignment (sustainable materials fit climate tech domain) and startup scaling expertise relevant to A&B's ambitious market capture goals. However, mentor's specific expertise areas (Space Tech, Energy, Fintech) do not directly intersect with biobased polymers, hygiene products, or agriculture applications. Limited profile detail reduces confidence in assessing deeper technical or operational fit.","[{'from': 'mentor', 'quote': 'Climate Tech; Space Tech; Energy; Fintech'}, {'from': 'startup', 'quote': 'sustainable, biobased, biodegradable Super Absorbent Polymers (SAPs)'}]","['Climate Tech / sustainability alignment', 'Startup scaling experience for growth targets', 'Fundraising expertise (£2bn+ raised)']","['No mentor detail on materials science or chemical manufacturing', 'No evidence of agriculture or hygiene sector experience', 'Minimal mentor bio/profile text for deeper assessment']"
startup_006,MENTOR_033,0.68,0.72,"Strong domain overlap exists: the mentor has Materials and Clean Tech expertise matching the startup's sustainable materials focus, plus government/policy experience relevant to navigating regulatory landscapes for biodegradable alternatives. His BNEF and McKinsey background suggests strategic market analysis skills applicable to capturing market share in a $9B industry. However, limited detail on mentor's specific materials science depth or agriculture/hygiene sector experience prevents a higher score.","[{'from': 'mentor', 'quote': 'Materials; Clean Tech'}, {'from': 'startup', 'quote': 'sustainable, biobased, biodegradable Super Absorbent Polymers'}]","['Materials and Clean Tech domain alignment', 'Policy/government advisory for regulatory navigation', 'Strategic market analysis (BNEF, McKinsey) for market capture', 'Sustainability focus overlap']","[""Mentor's specific materials science or polymer expertise depth"", 'Direct experience in hygiene or agriculture sectors', ""Mentor's track record with early-stage material science startups""]"
startup_006,MENTOR_034,0.68,0.75,"Strong domain overlap in materials science and sustainability/decarbonization. Mentor's chemistry PhD and materials science expertise align well with startup's biobased polymer development. However, mentor's focus on carbon removal/DAC differs from SAP applications in hygiene and agriculture, creating moderate rather than exceptional alignment.","[{'from': 'startup', 'quote': 'biobased, biodegradable Super Absorbent Polymers (SAPs)'}, {'from': 'mentor', 'quote': 'Materials Science; former Climeworks DAC chemist; PhD EPFL'}]","['Materials science expertise matches polymer development', 'Chemistry background relevant to SAP formulation', 'Sustainability/decarbonization focus aligns with biobased mission', 'VC experience useful for scaling strategy']","[""Mentor's specific materials science sub-domains unclear"", ""Depth of mentor's polymer chemistry experience unknown"", ""Mentor's agriculture or hygiene sector exposure not specified""]"
startup_007,MENTOR_001,0.58,0.65,"Moderate overlap exists: the mentor has 17+ years in renewables and leads transactions at a major renewable energy company, which aligns with the startup's green hydrogen production for decarbonization. However, the mentor's expertise is in solar/wind energy and legal/transactional work, not electrolyzer technology or hydrogen-specific operations, limiting direct technical or operational fit.","[{'from': 'mentor', 'quote': 'General Counsel for EMEA and Global Head of Transactions at Lightsource bp; 17+ years in renewables'}, {'from': 'startup', 'quote': 'green hydrogen production a reality, transforming heavy industry operations and contributing meaningfully to global net-zero targets'}]","['Renewables sector experience (17+ years)', 'Transactions and deal structuring expertise', 'Policy and regulatory navigation (Board member Solar Energy UK)', 'Scaling renewable energy companies']","['No hydrogen-specific experience mentioned', 'No electrolyzer or electrochemical technology background', ""Startup's specific legal/regulatory challenges not detailed""]"
startup_007,MENTOR_002,0.72,0.78,"Strong domain alignment exists between Caplyzer's green hydrogen electrolyzer technology for heavy industry decarbonization and Magali Anderson's extensive experience in industrial transformation, sustainability strategy, and operations management across energy-intensive sectors. Her board-level perspective at Anglo American (mining/heavy industry) and former Chief Sustainability & Innovation Officer role at Holcim directly relate to Caplyzer's target market and net-zero ambitions.","[{'from': 'startup', 'quote': 'transforming heavy industry operations and contributing meaningfully to global net-zero targets'}, {'from': 'mentor', 'quote': 'former Chief Sustainability & Innovation Officer at Holcim; 27+ years at Schlumberger'}]","['Heavy industry decarbonization expertise', 'Sustainability strategy at industrial scale', 'Operations management in energy sectors', 'Board-level strategic perspective']","[""Mentor's specific hydrogen or electrochemical technology experience unclear"", ""Depth of mentor's technical vs. strategic focus not specified""]"
startup_007,MENTOR_003,0.72,0.75,Strong domain alignment between Caplyzer's green hydrogen electrolyzer technology and Julien's 20+ years in sustainable innovation and clean technology. His experience scaling and exiting a 100+ employee industrial startup to a major corporation (Screen Japan) directly matches Caplyzer's ambitions for manufacturing scale-up and potential licensing partnerships in Asia. The operational expertise in business development and strategic partnerships aligns well with Caplyzer's 10-year vision of deploying 5 GW capacity and establishing international operations.,"[{'from': 'mentor', 'quote': '20+ years developing sustainable innovation; sold 100+ employee startup to Screen Japan'}, {'from': 'startup', 'quote': 'Establishing manufacturing operations in Sweden and a licensing partnership in Asia'}]","['Clean technology and sustainability domain expertise', 'Industrial startup scale-up and exit experience', 'Strategic partnerships and Asia market access', 'Manufacturing operations and licensing models']","[""Mentor's specific technical depth in electrochemistry or hydrogen systems"", ""Details on mentor's network in hydrogen/energy sector"", ""Mentor's experience with capital-intensive hardware businesses""]"
startup_007,MENTOR_004,0.72,0.65,"Strong domain alignment exists between Caplyzer's green hydrogen electrolyzer technology and Elizabeth Grier's climate tech/energy transition expertise, particularly through her role at BRITE Energy Innovators. Her financial services background (venture capital, investment banking) and startup scaling experience are highly relevant to Caplyzer's ambitious 10-year scaling goals (5 GW capacity, manufacturing expansion, licensing partnerships). Confidence is moderate due to limited detail in mentor bio and profile text.","[{'from': 'startup', 'quote': 'Deploying over 5 GW of electrolyzer capacity worldwide; Establishing manufacturing operations in Sweden and a licensing partnership in Asia'}, {'from': 'mentor', 'quote': 'Partnerships Development Director at BRITE Energy Innovators'}]","['Climate tech and energy transition domain expertise', 'Financial services and venture capital experience for scaling', 'Startup scaling and partnerships development', 'Energy innovation sector positioning']","[""Mentor's specific experience with hydrogen or electrolyzer technologies"", ""Detailed track record of mentor's startup advisory outcomes"", ""Mentor's geographic focus (Sweden/Asia relevance unclear)""]"
startup_007,MENTOR_005,0.68,0.72,"Strong domain overlap exists: the startup develops green hydrogen electrolyzer technology for climate impact, while the mentor has climate tech expertise, policy influence capabilities, and systems engineering background. The mentor's government advisory and policy influence experience aligns well with the startup's goal of deploying GW-scale capacity and navigating regulatory environments for industrial decarbonization.","[{'from': 'startup', 'quote': 'produces green hydrogen safely, efficiently, and at scale'}, {'from': 'mentor', 'quote': 'Climate Tech; Investment; Policy Influence; Government Advisory'}]","['Climate tech domain alignment', 'Policy/regulatory navigation for scale deployment', 'Systems engineering perspective for electrolyzer technology', 'Government advisory for industrial transformation']","[""Mentor's specific hydrogen sector experience unclear"", ""Depth of mentor's electrochemistry or materials knowledge unknown"", ""Mentor's manufacturing/scaling expertise not detailed""]"
startup_007,MENTOR_006,0.72,0.75,"Strong domain alignment between Caplyzer's green hydrogen electrolyzer technology and Arnaud's 20+ years in renewable energy systems, cleantech commercial development, and sustainability strategy. His experience with major energy players (ENGIE) and cleantech commercialization directly matches the startup's scale-up ambitions for deploying 5 GW capacity and establishing manufacturing operations.","[{'from': 'mentor', 'quote': '20+ years global experience; ESG strategy; worked with ENGIE, Michelin, Temasek'}, {'from': 'startup', 'quote': 'Deploying over 5 GW of electrolyzer capacity worldwide; Establishing manufacturing operations in Sweden and a licensing partnership in Asia'}]","['Renewable energy systems expertise matches green hydrogen technology', 'Cleantech commercial development aligns with scale-up goals', 'ENGIE experience relevant to energy sector deployment', 'Sustainability strategy fits net-zero transformation mission']","[""Mentor's specific hydrogen sector experience unclear"", ""Details on mentor's manufacturing/licensing expertise limited""]"
startup_007,MENTOR_007,0.72,0.78,Strong domain fit: mentor has deep climate tech investment expertise and operational experience scaling a cleantech hardware company (Kurion) to a $350M exit. Materials science PhD and startup scaling experience align well with Caplyzer's patented electrolyzer technology and ambitious 5 GW deployment goals. Some uncertainty remains due to limited mentor bio details.,"[{'from': 'mentor', 'quote': 'Co-founder & CTO of Kurion; Fukushima deployment; acquired by Veolia for $350M'}, {'from': 'startup', 'quote': 'Deploying over 5 GW of electrolyzer capacity worldwide; Establishing manufacturing operations in Sweden and a licensing partnership in Asia'}]","['Climate tech investment expertise at Breakthrough Energy', 'Hardware cleantech scaling experience (Kurion exit)', 'Materials science background relevant to electrolyzer membranes', 'Startup-to-exit operational knowledge']","['Limited mentor bio text reduces confidence in assessing depth of hydrogen/electrochemistry expertise', 'Unclear if mentor has specific experience in hydrogen value chain or electrolyzer technologies']"
startup_007,MENTOR_008,0.72,0.65,"Strong domain alignment exists: Lisa Aberg's 27-year McKinsey Senior Partner background with sustainability and industrial focus directly matches Caplyzer's green hydrogen technology for heavy industry. Her Climate Tech expertise and advisory role to European green tech investors align well with a Swedish cleantech startup targeting large-scale deployment. However, limited detail on her specific hydrogen/electrolyzer experience and Caplyzer's operational stage prevents a higher confidence score.","[{'from': 'mentor', 'quote': '27 years McKinsey Senior Partner; sustainability & industrial focus; advises European green tech investors'}, {'from': 'startup', 'quote': 'transforming heavy industry operations and contributing meaningfully to global net-zero targets'}]","['Sustainability and industrial operations expertise', 'Climate Tech and green tech investment advisory', 'European cleantech ecosystem alignment', 'Strategic scaling and M&A experience for growth-stage ventures']","[""Mentor's specific hydrogen sector experience unclear"", ""Startup's current stage and immediate challenges not detailed"", ""Mentor's technical depth in electrochemical systems unknown""]"
startup_007,MENTOR_009,0.58,0.65,"Moderate overlap exists through deep-tech startup scaling expertise and strategic IP management, which align with Caplyzer's patent portfolio ambitions and scaling goals. However, the mentor's technical domain (semiconductors, silicon carbide) does not directly intersect with electrolyzer/hydrogen technology, limiting technical synergy.","[{'from': 'startup', 'quote': 'Securing a portfolio of 10+ patent families'}, {'from': 'mentor', 'quote': 'Manages deep-tech startup programs at CEA-Liten'}]","['Deep-tech startup scaling experience', 'Strategic IP management expertise', 'Manufacturing and licensing pathway knowledge']","[""Mentor's specific experience with electrochemical or hydrogen technologies"", ""Mentor's track record with GW-scale industrial deployments"", ""Details on mentor's Asia licensing or manufacturing experience""]"
startup_007,MENTOR_010,0.58,0.55,"Moderate overlap exists: the mentor has clean technology expertise and startup scaling experience, which align with Caplyzer's green hydrogen electrolyzer venture and growth ambitions. However, the mentor's focus on data centers, infrastructure, and applied AI does not directly intersect with electrochemistry, hydrogen production, or heavy industry applications. Insufficient detail on the mentor's clean tech depth limits confidence.","[{'from': 'mentor', 'quote': 'Clean Technology'}, {'from': 'startup', 'quote': 'make large-scale, safe, and economically viable green hydrogen production a reality'}]","['Clean technology domain overlap', 'Startup scaling and investment experience', 'Serial entrepreneur background']","[""Mentor's specific clean tech experience (depth, subsectors)"", ""Mentor's familiarity with hydrogen, electrochemistry, or heavy industry"", ""Details on mentor's operational expertise in hardware/manufacturing startups""]"
startup_007,MENTOR_011,0.68,0.72,"Strong domain alignment exists between Caplyzer's green hydrogen electrolyzer technology targeting net-zero goals and Lida Preyma's 25+ years in capital markets with focus on decarbonization, ESG, and climate finance. The mentor's policy influence experience (B20, COP28) and investment expertise align well with a capital-intensive cleantech startup seeking to scale manufacturing and deploy GW-scale capacity. However, limited technical detail in mentor profile prevents assessment of electrochemical/hydrogen-specific expertise.","[{'from': 'startup', 'quote': 'green hydrogen safely, efficiently, and at scale by separating hydrogen and oxygen generation temporally'}, {'from': 'mentor', 'quote': '25+ years Canadian capital markets; B20 taskforce member; speaker at COP28; climate finance advisor'}]","['Decarbonization/climate finance expertise matches green hydrogen mission', 'Capital markets experience relevant for scaling 5 GW deployment', 'Policy influence (COP28, B20) aligns with industry transformation goals', 'Investment focus fits capital-intensive cleantech scaling needs']","['No evidence of hydrogen sector-specific experience', 'Unclear if mentor has deep-tech or electrochemical technology background', ""Limited detail on mentor's specific investment thesis or portfolio companies""]"
startup_007,MENTOR_012,0.58,0.65,"Moderate overlap exists through climate tech domain alignment and potential EU funding expertise relevant to a Swedish cleantech startup. However, the mentor's specific expertise in water treatment, SaaS, and B2B sales shows limited direct connection to electrolyzer technology, hydrogen production, or heavy industry applications. The match is primarily at the sector level (climate tech) rather than deep technical or operational alignment.","[{'from': 'mentor', 'quote': '20+ years public-private funding expertise; advisor to EU governments and European Commission'}, {'from': 'startup', 'quote': 'green hydrogen safely, efficiently, and at scale'}]","['Climate tech sector alignment', 'EU funding expertise for Swedish startup', 'Deep tech investment experience', 'Policy influence relevant to hydrogen economy']","['No evidence of hydrogen/electrolyzer domain knowledge', ""Limited detail on mentor's technical depth in cleantech"", 'Unclear if B2B sales experience applies to heavy industry customers', ""No information on mentor's manufacturing or scaling expertise""]"
startup_007,MENTOR_013,0.22,0.65,"Weak domain overlap. The startup focuses on green hydrogen electrolyzer technology for heavy industry, while the mentor's expertise centers on agri-tech, entomology, and sustainable agriculture. Some tangential connection exists through sustainability themes and project management operational skills, but no specific technical or domain alignment with hydrogen production, electrochemistry, or industrial decarbonization.","[{'from': 'startup', 'quote': 'membrane-less electrolyzer that produces green hydrogen safely, efficiently, and at scale'}, {'from': 'mentor', 'quote': 'Agri Tech; Sustainable Agriculture'}]","['Sustainability focus (both green tech)', 'Project management operational skills', 'Board governance experience']","['No mentor expertise in hydrogen, electrochemistry, or energy systems', 'No startup connection to agriculture or entomology', 'Limited mentor bio/profile detail to assess transferable skills']"
startup_007,MENTOR_014,0.28,0.65,"Weak domain overlap between green hydrogen electrolyzer technology and vertical farming/agri-tech. The mentor's operational expertise in startup scaling could provide generic value, but there is no specific technical, market, or functional alignment between sustainable agriculture and industrial hydrogen production. Insufficient info on mentor's broader cleantech or industrial experience.","[{'from': 'startup', 'quote': 'produces green hydrogen safely, efficiently, and at scale'}, {'from': 'mentor', 'quote': 'Vertical Farming; Sustainable Agriculture; Agri Tech'}]","['Both operate in sustainability/cleantech space', 'Startup scaling operational experience', 'Brand-building for deep-tech ventures']","[""Mentor's experience with industrial hardware or energy sectors"", ""Mentor's involvement in capital-intensive scaling beyond agri-tech"", ""Specific examples of mentor's investment or advisory work outside agriculture""]"
startup_007,MENTOR_015,0.58,0.65,"Moderate overlap exists: the mentor's Climate Tech expertise and Strategic IP Management align with the startup's green hydrogen technology and explicit goal of 'Securing a portfolio of 10+ patent families.' However, the mentor's EPO litigation and patent law specialization is more reactive/protective than directly relevant to electrolyzer R&D or manufacturing scale-up.","[{'from': 'startup', 'quote': 'Securing a portfolio of 10+ patent families'}, {'from': 'mentor', 'quote': 'Strategic IP Management; EPO litigation specialist; Climate Tech'}]","['Climate Tech domain alignment', 'Strategic IP management for patent portfolio', 'European patent expertise (Sweden-based startup)']","[""Mentor's operational or technical depth in hydrogen/electrolyzer technology unclear"", ""Mentor's experience with manufacturing scale-up or licensing partnerships not specified""]"
startup_007,MENTOR_016,0.58,0.65,"Moderate overlap exists through mentor's climate tech investment expertise and startup scaling experience, which align with Caplyzer's green hydrogen mission and growth ambitions (5 GW deployment, 50+ team). However, mentor's background is primarily in platform/SaaS/marketplace tech and CTO experience at Eventbrite, which has limited direct relevance to electrolyzer hardware, chemical engineering, or industrial manufacturing operations that define Caplyzer's core technology and go-to-market.","[{'from': 'mentor', 'quote': '70+ climate tech investments'}, {'from': 'startup', 'quote': 'patented membrane-less electrolyzer that produces green hydrogen safely, efficiently, and at scale'}]","['Climate tech investment experience', 'Startup scaling expertise', 'Board governance for growth-stage companies']","[""Mentor's specific climate tech investment focus areas (software vs. hardware vs. industrial)"", ""Mentor's experience with deep-tech hardware or manufacturing businesses"", ""Details on mentor's technical depth in electrochemistry, hydrogen, or industrial processes""]"
startup_007,MENTOR_017,0.52,0.65,"Moderate overlap exists between Caplyzer's green hydrogen technology for heavy industry decarbonization and Aurélie's expertise in climate tech, sustainability strategy, and ESG. However, the mentor's profile emphasizes ESG compliance, corporate sustainability transformation, and AI-driven approaches rather than deep technical expertise in electrochemical systems, hydrogen production, or industrial-scale cleantech deployment that would directly match Caplyzer's core technology and scaling challenges.","[{'from': 'startup', 'quote': 'green hydrogen production a reality, transforming heavy industry operations and contributing meaningfully to global net-zero targets'}, {'from': 'mentor', 'quote': 'Climate Tech; ESG; Sustainability Strategy; Corporate Innovation'}]","['Climate tech and decarbonization alignment', 'Sustainability strategy for industrial transformation', 'ESG frameworks for green hydrogen market positioning']","[""Mentor's specific experience with hydrogen economy or electrochemical technologies"", ""Mentor's track record with hardware/manufacturing startups vs. corporate advisory"", ""Depth of mentor's technical understanding of energy systems""]"
startup_007,MENTOR_018,0.58,0.65,"Moderate overlap exists between the mentor's climate tech expertise and the startup's green hydrogen electrolyzer technology. The mentor's experience in scaling deep tech startups and operations aligns with Caplyzer's ambitious 10-year scaling goals (5 GW capacity, manufacturing expansion, 50+ team). However, insufficient detail on the mentor's specific domain knowledge in electrochemistry, hydrogen production, or heavy industry limits confidence in assessing deeper technical alignment.","[{'from': 'mentor', 'quote': 'Climate Tech; Agri Tech; SaaS; Digital Transformation'}, {'from': 'startup', 'quote': 'Deploying over 5 GW of electrolyzer capacity worldwide; Establishing manufacturing operations in Sweden and a licensing partnership in Asia'}]","['Climate tech domain alignment', 'Deep tech startup scaling experience', 'Operations and GTM strategy for growth-stage companies', 'Executive leadership for ambitious expansion plans']","[""Mentor's specific experience with hydrogen/electrolyzer technology"", ""Mentor's knowledge of heavy industry or energy sector"", ""Details on mentor's deep tech domains beyond generic label"", ""Mentor's experience with hardware manufacturing scaling""]"
startup_007,MENTOR_019,0.58,0.65,"Moderate overlap exists between the mentor's climate tech and deep tech expertise and the startup's green hydrogen electrolyzer technology. The mentor's focus on startup scaling, fundraising, and sustainability strategy aligns with the startup's ambitious 10-year growth plan (5 GW capacity, manufacturing expansion, licensing partnerships). However, insufficient detail on the mentor's specific technical domain knowledge or operational experience in electrochemical systems or hydrogen production limits confidence in a stronger match.","[{'from': 'mentor', 'quote': 'Climate Tech; Deep Tech; Data-Driven Sales; Carbon & Biodiversity'}, {'from': 'startup', 'quote': 'Deploying over 5 GW of electrolyzer capacity worldwide; Establishing manufacturing operations in Sweden and a licensing partnership in Asia'}]","['Climate tech and deep tech alignment', 'Startup scaling and fundraising expertise', 'Sustainability strategy for net-zero goals', 'Growth-stage operational guidance']","[""Mentor's specific technical expertise in electrochemistry or hydrogen systems"", ""Mentor's experience with hardware/manufacturing startups"", ""Mentor's track record with similar deep tech ventures"", 'Detailed mentor bio and professional background']"
startup_007,MENTOR_020,0.72,0.65,"Strong domain alignment exists between Caplyzer's green hydrogen electrolyzer technology and Magnus's Climate Tech and Industrial Tech expertise. His deep-tech investment background and board governance experience are highly relevant for a hardware startup scaling from 2022 incorporation toward 5 GW deployment and manufacturing operations. However, limited biographical detail and no explicit hydrogen/electrochemistry expertise mentioned reduces confidence in assessing depth of technical match.","[{'from': 'mentor', 'quote': 'Climate Tech; Nuclear; Semiconductors; Industrial Tech'}, {'from': 'startup', 'quote': 'Deploying over 5 GW of electrolyzer capacity worldwide; Establishing manufacturing operations in Sweden'}]","['Climate Tech and Industrial Tech domain overlap', 'Deep-tech investment experience for hardware scaling', 'Board governance for growth-stage company', 'Geographic alignment (Sweden operations)']","['No explicit hydrogen or electrochemistry expertise mentioned', ""Limited detail on mentor's specific investment thesis or portfolio companies"", ""No information on mentor's operational scaling experience""]"
startup_007,MENTOR_021,0.68,0.72,"Strong domain alignment exists between Caplyzer's green hydrogen electrolyzer technology and Florent's climate tech expertise and 20+ years in energy & utilities consulting. His role leading climate tech at a major consultancy and focus on sustainability strategy directly overlaps with Caplyzer's mission to enable net-zero targets through green hydrogen. However, limited detail on mentor's specific hydrogen/electrochemical expertise and startup's operational stage creates some uncertainty.","[{'from': 'startup', 'quote': 'produces green hydrogen safely, efficiently, and at scale'}, {'from': 'mentor', 'quote': '20+ years energy & utilities consulting'}]","['Climate tech and green hydrogen alignment', 'Energy sector expertise matches heavy industry focus', 'Sustainability strategy relevant to net-zero goals', 'Corporate innovation experience for scaling']","[""Mentor's specific hydrogen or electrochemical technology experience unclear"", ""Mentor's startup vs. corporate focus balance not specified"", ""Startup's current stage and immediate challenges not detailed""]"
startup_007,MENTOR_022,0.58,0.55,"Moderate overlap exists between the mentor's energy sector expertise and the startup's green hydrogen electrolyzer technology. The mentor's policy influence experience could be valuable for navigating regulatory landscapes in hydrogen deployment. However, limited specific information about the mentor's hydrogen technology knowledge or electrochemical systems expertise prevents a higher confidence assessment.","[{'from': 'startup', 'quote': 'developed a patented membrane-less electrolyzer that produces green hydrogen safely, efficiently, and at scale'}, {'from': 'mentor', 'quote': 'energy policy expert'}]","['Energy sector alignment', 'Policy expertise for hydrogen regulation', 'Innovation/entrepreneurship leadership experience']","[""Mentor's specific hydrogen technology knowledge unclear"", ""Mentor's electrochemical or materials science background unknown"", ""Mentor's experience with hardware/manufacturing scaling not specified"", ""Mentor's bio and detailed profile text absent""]"
startup_007,MENTOR_023,0.28,0.65,"Weak overlap. The mentor's expertise is in finance, institutional sales, and ESG, which could provide generic fundraising or ESG strategy guidance. However, there is no evidence of domain knowledge in green hydrogen, electrochemical engineering, industrial decarbonization, or cleantech hardware—all central to the startup's technology and market. The match is limited to potential financial structuring or investor relations support.","[{'from': 'mentor', 'quote': '35 years global finance leadership; former Amundi Global Head of Sales'}, {'from': 'startup', 'quote': 'patented membrane-less electrolyzer that produces green hydrogen safely, efficiently, and at scale'}]","['ESG expertise relevant to green hydrogen narrative', 'Finance/fundraising experience for capital-intensive ventures', 'Institutional client relationships for potential partnerships']","['No evidence of cleantech or hydrogen sector experience', 'No technical or industrial operations background', 'Unclear if mentor has advised hardware or deep-tech startups']"
startup_007,MENTOR_024,0.25,0.3,"Insufficient info. The mentor profile provides only a title (PhD Candidate) and affiliation (Carnegie Mellon University) with no details on research focus, domain expertise, or operational experience. The startup operates in green hydrogen electrolyzer technology, but without knowing the mentor's field of study or relevant background, no credible domain or functional overlap can be established.","[{'from': 'startup', 'quote': 'developed a patented membrane-less electrolyzer that produces green hydrogen safely, efficiently, and at scale'}, {'from': 'mentor', 'quote': 'PhD Candidate'}]","['Academic affiliation at research university', 'No domain-specific evidence available']","[""Mentor's research area or PhD focus"", ""Mentor's technical expertise or domain knowledge"", ""Mentor's operational or industry experience"", ""Mentor's relevant skills or background in energy, materials, or electrochemistry""]"
startup_007,MENTOR_025,0.28,0.65,"Weak overlap between green hydrogen electrolyzer technology and automotive/software-defined vehicle expertise. Mentor's 30+ years in automotive leadership and joint venture management could provide generic scaling and partnership guidance, but lacks direct relevance to electrochemical systems, hydrogen production, or cleantech manufacturing. Insufficient info on mentor's broader industrial or energy sector experience.","[{'from': 'startup', 'quote': 'patented membrane-less electrolyzer that produces green hydrogen safely, efficiently, and at scale'}, {'from': 'mentor', 'quote': '30+ years automotive leadership; GM Canada & China; SDV transformation expert'}]","['Scaling manufacturing operations', 'International expansion (Asia licensing)', 'Joint venture/partnership structuring']","[""Mentor's experience in cleantech, energy, or industrial sectors"", ""Mentor's knowledge of electrochemical or hydrogen technologies"", ""Mentor's involvement in hardware manufacturing beyond automotive""]"
startup_007,MENTOR_026,0.28,0.45,"Weak overlap between mentor's expertise and startup's domain. The mentor's focus on SaaS, robotics, and digital transformation shows limited direct relevance to membrane-less electrolyzer technology and green hydrogen production. Circular economy experience provides minor tangential connection to sustainability, but lacks specific cleantech or electrochemical engineering expertise that would be valuable for this hardware-intensive, deep-tech startup.","[{'from': 'startup', 'quote': 'patented membrane-less electrolyzer that produces green hydrogen safely, efficiently, and at scale'}, {'from': 'mentor', 'quote': 'SaaS; Robotics; Digital Transformation'}]","['Circular economy background tangentially relevant to sustainability', 'Operations experience may help with scaling', 'Investment tag suggests potential funding guidance']","['No evidence of cleantech or energy sector experience', 'No hardware/manufacturing expertise mentioned', 'No electrochemical or chemical engineering background', 'Insufficient detail in mentor bio and profile to assess deeper fit']"
startup_007,MENTOR_027,0.42,0.55,"Moderate overlap exists through industrial operations experience and heavy industry relevance. Mentor's Siemens Executive Committee background and industrial automation expertise provide relevant context for scaling manufacturing and industrial deployment. However, no direct evidence of electrochemistry, hydrogen, or energy sector expertise limits the match strength.","[{'from': 'startup', 'quote': 'transforming heavy industry operations and contributing meaningfully to global net-zero targets'}, {'from': 'mentor', 'quote': 'Former Siemens Executive Committee; ex-McKinsey Global Director'}]","['Industrial scaling experience (Siemens)', 'Manufacturing operations knowledge', 'M&A expertise for partnerships/licensing', 'Heavy industry context']","['No evidence of hydrogen/electrochemistry domain knowledge', 'No energy sector or cleantech experience mentioned', 'Limited mentor bio/profile detail', 'Unclear if robotics/automation applies to electrolyzer manufacturing']"
startup_007,MENTOR_028,0.72,0.75,"Strong domain alignment exists between Caplyzer's green hydrogen electrolyzer technology and Julian Gray's climate tech expertise and deep tech venturing background. His experience as bp CIO/VP Digital Science provides relevant perspective for scaling industrial clean energy solutions, though specific hydrogen sector experience is not explicitly stated.","[{'from': 'startup', 'quote': 'produces green hydrogen safely, efficiently, and at scale'}, {'from': 'mentor', 'quote': 'DeepTech & climate venturing leader'}]","['Climate tech and deep tech specialization', 'Energy sector leadership experience (bp)', 'Investment and scaling expertise', 'Industrial technology background']","['No explicit hydrogen sector experience mentioned', ""Limited detail on mentor's specific technical domains within climate tech"", 'Unclear depth of electrochemistry or electrolyzer knowledge']"
startup_007,MENTOR_029,0.12,0.75,"The mentor's expertise in autonomous systems, EV, mobility, and safety assurance does not align with the startup's focus on membrane-less electrolyzer technology for green hydrogen production. While both operate in clean energy/sustainability domains broadly, there is no credible overlap in technical domain (autonomy vs. electrochemistry), operational focus (mobility vs. industrial hydrogen), or functional expertise relevant to electrolyzer R&D, manufacturing, or deployment.","[{'from': 'startup', 'quote': 'developed a patented membrane-less electrolyzer that produces green hydrogen safely, efficiently, and at scale'}, {'from': 'mentor', 'quote': 'Autonomous Systems; Safety Assurance; EV; Mobility'}]","['No technical domain overlap', 'Divergent operational focus (mobility vs. hydrogen production)', 'No relevant electrochemistry or industrial process expertise']","[""Mentor's detailed bio content not provided"", ""Startup's full profile text empty"", ""No information on mentor's broader energy sector experience""]"
startup_007,MENTOR_030,0.28,0.55,"Weak domain overlap. The mentor's expertise centers on fintech, data security, M&A, and investment banking (Lazard, Goldman Sachs, Citadel, Natixis), while the startup develops membrane-less electrolyzer hardware for green hydrogen production. The mentor could provide generic strategic/financial guidance or M&A support, but lacks demonstrated cleantech, hardware manufacturing, or electrochemistry domain knowledge.","[{'from': 'startup', 'quote': 'developed a patented membrane-less electrolyzer that produces green hydrogen safely, efficiently, and at scale'}, {'from': 'mentor', 'quote': 'Former Lazard & Goldman Sachs banker; ex-Citadel; Natixis executive'}]","['M&A and investment structuring experience', 'Corporate finance and capital raising background', 'No cleantech or hardware domain alignment']","[""Mentor's exposure to cleantech, energy, or industrial hardware sectors"", ""Mentor's experience with capital-intensive manufacturing or licensing deals"", ""Startup's current fundraising stage and capital structure needs""]"
startup_007,MENTOR_031,0.22,0.65,"Weak overlap between mentor's digital marketing expertise and startup's deep-tech electrolyzer hardware focus. Mentor's background in connected medical solutions and data-driven marketing offers limited relevance to green hydrogen production technology, manufacturing scale-up, or heavy industry operations. Generic marketing support possible but lacks domain-specific leverage.","[{'from': 'startup', 'quote': 'patented membrane-less electrolyzer that produces green hydrogen safely, efficiently, and at scale'}, {'from': 'mentor', 'quote': '24+ years digital marketing; connected medical solutions specialist'}]","['Generic marketing/communications capability', 'No electrolyzer or industrial hardware domain match', 'Medical devices ≠ energy/hydrogen tech']","[""Mentor's experience with B2B industrial marketing unclear"", 'No evidence of cleantech, energy, or manufacturing sector experience', ""Startup's current go-to-market needs not specified""]"
startup_007,MENTOR_032,0.72,0.65,"Strong domain alignment exists between the mentor's Climate Tech and Energy expertise and the startup's green hydrogen electrolyzer technology. The mentor's track record in raising £2bn+ and startup scaling directly matches the capital-intensive nature and growth ambitions of deploying 5 GW capacity. However, limited detailed information about the mentor's specific technical depth in electrochemistry or hydrogen systems prevents a higher confidence score.","[{'from': 'mentor', 'quote': 'Climate Tech; Space Tech; Energy; Fintech'}, {'from': 'startup', 'quote': 'Deploying over 5 GW of electrolyzer capacity worldwide; Establishing manufacturing operations in Sweden and a licensing partnership in Asia'}]","['Climate Tech and Energy domain overlap', 'Capital raising experience (£2bn+) for capital-intensive hardware', 'Startup scaling expertise for GW-scale deployment', 'International expansion alignment (Asia licensing)']","[""Mentor's specific experience with hydrogen or electrolyzer technologies"", ""Mentor's hardware/deep-tech manufacturing background"", ""Details on mentor's portfolio companies or sectors within Climate Tech""]"
startup_007,MENTOR_033,0.72,0.65,"Strong domain match between Caplyzer's green hydrogen electrolyzer technology and Michael Wilshire's Clean Tech expertise, combined with his former role as Global Head of Analysis at BNEF (Bloomberg New Energy Finance) which directly covers hydrogen and energy transition markets. His background in energy policy and McKinsey strategy consulting aligns well with Caplyzer's ambition to scale to 5 GW capacity and establish global manufacturing/licensing partnerships.","[{'from': 'startup', 'quote': 'produces green hydrogen safely, efficiently, and at scale'}, {'from': 'mentor', 'quote': 'Former Global Head of Analysis at BNEF; ex-McKinsey Partner; UK energy policymaker'}]","['Clean Tech expertise matches green hydrogen domain', 'BNEF experience in energy transition markets', 'Policy and government advisory relevant to hydrogen scaling', 'McKinsey strategy background for global expansion plans']","[""Mentor's specific hydrogen sector experience not detailed"", ""Depth of mentor's electrolyzer technology knowledge unclear"", ""Mentor's geographic focus (Sweden/Asia markets) not specified""]"
startup_007,MENTOR_034,0.58,0.65,"Moderate overlap exists through shared decarbonization focus and materials science relevance to electrolyzer membrane technology. However, mentor's specialization in carbon removal (DAC) differs from hydrogen production, limiting direct domain alignment despite complementary climate tech expertise.","[{'from': 'startup', 'quote': 'patented membrane-less electrolyzer that produces green hydrogen safely, efficiently, and at scale'}, {'from': 'mentor', 'quote': 'Head of Science at CDR-focused VC; former Climeworks DAC chemist; PhD EPFL'}]","['Decarbonization/climate tech alignment', 'Materials science expertise applicable to electrolyzer development', 'Deep tech hardware scaling experience']","[""Mentor's specific materials science expertise areas"", ""Mentor's operational/commercialization experience details"", ""Startup's specific technical challenges or R&D focus areas""]"
startup_008,MENTOR_001,0.22,0.7,"Weak overlap between agritech RNA-based crop technology and renewable energy legal/transactional expertise. Mentor's domain (solar/wind energy, renewables law, transactions) does not align with agricultural biotechnology or crop science. Generic business/legal skills may offer limited value, but no specific domain or technical match exists.","[{'from': 'startup', 'quote': 'agritech venture developing RNA-based sprays that enhance nitrogen uptake in crops'}, {'from': 'mentor', 'quote': 'General Counsel for EMEA and Global Head of Transactions at Lightsource bp'}]","['Generic legal/transactional experience', 'International business operations (EMEA)', 'Policy influence skills']","['No agritech or biotech experience evident', 'No crop science or agricultural domain knowledge', 'No RNA technology or life sciences background']"
startup_008,MENTOR_002,0.42,0.65,"Moderate overlap exists through sustainability strategy expertise and operations management, relevant to agritech scaling. However, mentor's background is heavily focused on industrial/mining/construction sectors rather than agriculture or biotech, limiting direct domain alignment with RNA-based crop technology.","[{'from': 'mentor', 'quote': 'Chief Sustainability & Innovation Officer at Holcim'}, {'from': 'startup', 'quote': 'RNA-based sprays that enhance nitrogen uptake in crops'}]","['Sustainability strategy experience', 'Operations scaling expertise', 'Innovation leadership background']","['No evidence of agriculture/agritech experience', 'No biotech or life sciences background mentioned', 'Limited startup profile detail on business model and go-to-market']"
startup_008,MENTOR_003,0.58,0.65,"Moderate overlap exists between Thalya's agritech/sustainability focus and Julien's 20+ years in sustainable innovation and clean technology. However, the mentor's background emphasizes semiconductor/industrial technology and investment/partnerships rather than agricultural biotechnology or RNA-based solutions specifically, limiting the depth of technical domain match.","[{'from': 'startup', 'quote': 'agritech venture developing RNA-based sprays that enhance nitrogen uptake in crops'}, {'from': 'mentor', 'quote': '20+ years developing sustainable innovation; sold 100+ employee startup to Screen Japan'}]","['Sustainability/clean tech alignment', 'Startup scaling experience (100+ employees)', 'Business development and strategic partnerships expertise']","[""Mentor's specific experience in agriculture or biotechnology"", ""Mentor's familiarity with RNA technology or crop science"", ""Details on mentor's operational expertise in agritech sector""]"
startup_008,MENTOR_004,0.42,0.55,"Moderate overlap exists through climate tech alignment and startup scaling expertise. However, mentor's background in financial services, energy transition, and investment lacks specific agritech, biotech, or agricultural domain expertise that would directly match Thalya's RNA-based crop technology. The match is primarily functional (scaling, investment) rather than domain-specific.","[{'from': 'mentor', 'quote': 'Climate Tech; Energy Transition'}, {'from': 'startup', 'quote': 'agritech venture developing RNA-based sprays that enhance nitrogen uptake in crops'}]","['Climate tech sector alignment', 'Startup scaling operational expertise', 'Investment and fundraising guidance', 'Board governance for growth stage']","['No agritech or biotech domain expertise evident', 'No agricultural sector experience mentioned', 'Limited detail on specific climate tech focus areas', 'Unclear if RNA/biotech experience exists']"
startup_008,MENTOR_005,0.42,0.55,"Moderate overlap exists through climate tech relevance and policy/systems thinking applicable to agritech scaling. However, mentor's core expertise (quantum, systems design engineering, policy advisory) shows limited direct intersection with RNA-based agricultural biotechnology or nitrogen uptake mechanisms. The match is primarily at the sector level (climate tech) rather than technical or operational specifics.","[{'from': 'mentor', 'quote': 'Climate Tech'}, {'from': 'startup', 'quote': 'agritech venture developing RNA-based sprays that enhance nitrogen uptake in crops'}]","['Climate tech sector alignment', 'Policy influence for agritech scaling', 'Systems thinking for complex deployment']","[""Mentor's specific agritech or biotech experience unclear"", 'No evidence of agricultural domain expertise', ""Limited detail on mentor's climate tech focus areas""]"
startup_008,MENTOR_006,0.42,0.55,"Moderate overlap exists through sustainability and cleantech domains. The mentor's ESG strategy and cleantech commercial development experience could provide value to an agritech venture focused on sustainable agriculture. However, the mentor's core expertise in renewable energy systems and energy sectors differs from agritech/biotech RNA applications, limiting direct technical or domain-specific alignment.","[{'from': 'mentor', 'quote': 'Sustainability Strategy; Cleantech Commercial Development; Responsible Innovation'}, {'from': 'startup', 'quote': 'RNA-based sprays that enhance nitrogen uptake in crops'}]","['Sustainability and ESG strategy alignment', 'Cleantech commercialization experience', 'Global scaling experience with major corporations']","[""Mentor's specific agritech or biotech experience unclear"", ""Startup's current stage and specific operational challenges not provided"", ""Limited detail on mentor's commercial development methodologies""]"
startup_008,MENTOR_007,0.42,0.65,"Moderate overlap exists through climate tech focus and startup scaling expertise. Mentor's investment role at Breakthrough Energy Ventures Europe aligns with agritech's climate impact mission. However, mentor's deep technical expertise (nuclear waste, materials science, aerospace) shows limited direct relevance to RNA-based agricultural biotechnology.","[{'from': 'mentor', 'quote': 'Climate Tech; Nuclear Waste Management; Materials Science; Aerospace Applications'}, {'from': 'startup', 'quote': 'agritech venture developing RNA-based sprays that enhance nitrogen uptake in crops'}]","['Climate tech investment focus', 'Startup scaling experience', 'Deep tech commercialization track record', 'European market presence']","[""Mentor's specific agritech or biotech experience unclear"", ""Mentor's knowledge of agricultural markets not evident"", ""Startup's current stage and scaling challenges not detailed""]"
startup_008,MENTOR_008,0.68,0.72,"Strong domain alignment exists: the mentor has 27 years as McKinsey Senior Partner with sustainability and industrial focus, directly relevant to Thalya's agritech/climate mission. Her expertise advising European green tech investors matches the startup's European base and climate tech positioning. However, limited detail on mentor's specific agritech or biotech experience prevents a higher score.","[{'from': 'startup', 'quote': 'agritech venture developing RNA-based sprays that enhance nitrogen uptake in crops'}, {'from': 'mentor', 'quote': '27 years McKinsey Senior Partner; sustainability & industrial focus; advises European green tech investors'}]","['Sustainability/climate tech alignment', 'European green tech investor advisory experience', 'Industrial sector expertise relevant to agritech', 'Strategic consulting background for scaling ventures']","['No explicit agritech or agricultural sector experience mentioned', 'No detail on biotech or RNA technology familiarity', ""Limited information on mentor's operational vs. advisory depth""]"
startup_008,MENTOR_009,0.42,0.55,"Moderate functional overlap exists through the mentor's deep-tech startup scaling expertise, which is relevant to Thalya's agritech venture trajectory. However, there is minimal domain-specific alignment: the mentor's technical background (semiconductors, silicon carbide, nanographics) does not intersect with RNA-based agricultural biotechnology. The match is primarily operational rather than technical or sector-specific.","[{'from': 'mentor', 'quote': 'Manages deep-tech startup programs at CEA-Liten'}, {'from': 'startup', 'quote': 'agritech venture developing RNA-based sprays that enhance nitrogen uptake in crops'}]","['Deep-tech startup program management experience', 'Strategic IP management relevant to biotech', 'Startup scaling operational expertise']","[""Mentor's experience with biotech or agritech sectors unclear"", ""Mentor's specific expertise in life sciences or agricultural innovation not provided"", ""Limited detail on mentor's functional capabilities beyond program management""]"
startup_008,MENTOR_010,0.28,0.55,"Weak overlap between agritech RNA-based crop technology and mentor's expertise in data centers, infrastructure, and applied AI. Generic startup scaling and investment experience provides limited relevance without domain-specific agricultural or biotech background. Insufficient info on mentor's bio and detailed profile.","[{'from': 'startup', 'quote': 'agritech venture developing RNA-based sprays that enhance nitrogen uptake in crops'}, {'from': 'mentor', 'quote': 'Data Centers; Infrastructure; Clean Technology; Applied AI'}]","['Clean technology interest (tangential)', 'Startup scaling experience (generic)', 'Investment background']","[""Mentor's detailed bio unavailable"", 'No evidence of agritech or biotech domain expertise', 'Unclear if clean tech includes agricultural applications', 'Limited mentor profile detail']"
startup_008,MENTOR_011,0.42,0.55,"Moderate overlap exists through climate/sustainability themes and capital markets expertise. The mentor's decarbonization focus and investment experience align with agritech's environmental value proposition, though no direct agricultural technology or biotech expertise is evident. Insufficient detail on mentor's sector-specific knowledge limits confidence.","[{'from': 'startup', 'quote': 'agritech venture developing RNA-based sprays that enhance nitrogen uptake in crops'}, {'from': 'mentor', 'quote': 'Decarbonization; ESG; Risk Assessment'}]","['Climate/sustainability alignment', 'Capital markets and investment expertise', 'ESG framework knowledge', 'Policy influence capabilities']","[""Mentor's agricultural sector experience unclear"", 'No biotech or life sciences background evident', ""Startup's specific capital needs and stage not provided"", ""Mentor's hands-on operational experience in startups unclear""]"
startup_008,MENTOR_012,0.58,0.65,"Moderate overlap exists through climate tech and deep tech domains, with the mentor's EU-funded project coordination and policy influence potentially valuable for an agritech venture operating in France/EU. However, the mentor's specific expertise in water treatment and SaaS does not directly align with RNA-based agricultural sprays, and there's no evidence of agritech or biotech domain knowledge.","[{'from': 'startup', 'quote': 'agritech venture developing RNA-based sprays that enhance nitrogen uptake in crops'}, {'from': 'mentor', 'quote': '20+ years public-private funding expertise; advisor to EU governments and European Commission'}]","['Climate tech domain alignment', 'EU funding and policy expertise relevant to French agritech', 'Deep tech venture experience', 'B2B sales applicable to agricultural markets']","['No evidence of agritech or biotech domain expertise', 'Unclear if mentor has experience with biological/RNA technologies', ""Limited detail on mentor's specific deep tech sectors beyond water/SaaS""]"
startup_008,MENTOR_013,0.72,0.65,"Strong domain alignment exists between Thalya's agritech focus on crop enhancement and Gia's expertise in sustainable agriculture, crop protection, and insect ecology. Her Programme Leader experience at NIAB (a crop research institute) and entomology PhD provide relevant agricultural science background, though the specific match to RNA-based nitrogen uptake technology cannot be fully assessed from available information.","[{'from': 'startup', 'quote': 'agritech venture developing RNA-based sprays that enhance nitrogen uptake in crops'}, {'from': 'mentor', 'quote': 'Programme Leader at NIAB; crop protection & insect ecology expert'}]","['Agritech and sustainable agriculture domain overlap', 'Crop science research leadership experience', 'Agricultural innovation and project management capabilities']","[""Mentor's specific experience with molecular biology or RNA technologies unclear"", ""Mentor's commercialization experience in agritech startups not detailed"", ""Startup's specific technical challenges and current stage not provided""]"
startup_008,MENTOR_014,0.58,0.65,"Moderate domain overlap exists: both operate in agritech/sustainable agriculture. Mentor's expertise in startup scaling and agritech brand-building at Infarm could provide relevant operational guidance. However, mentor's vertical farming focus differs from Thalya's field crop RNA technology, and no evidence of biotech/molecular agriculture expertise is present.","[{'from': 'startup', 'quote': 'agritech venture developing RNA-based sprays that enhance nitrogen uptake in crops'}, {'from': 'mentor', 'quote': 'Co-founder of Infarm; leads brand and communications; Vertical Farming; Sustainable Agriculture; Agri Tech'}]","['Agritech sector alignment', 'Startup scaling experience', 'Sustainable agriculture focus', 'Brand-building for agtech ventures']","[""Mentor's technical depth in molecular/biotech agriculture unclear"", ""Mentor's experience with field crops vs. controlled environment agriculture"", ""Startup's specific go-to-market or branding challenges not detailed""]"
startup_008,MENTOR_015,0.58,0.65,"Moderate overlap exists: the mentor's expertise in strategic IP management and biology aligns with Thalya's RNA-based agritech innovation, which likely requires robust patent protection. However, the mentor's focus on litigation and law rather than operational scaling, market entry, or agricultural domain expertise limits the match strength for a venture targeting large-scale deployment.","[{'from': 'startup', 'quote': 'RNA-based sprays that enhance nitrogen uptake in crops'}, {'from': 'mentor', 'quote': 'Strategic IP Management; Biology; EPO litigation specialist'}]","['IP protection for RNA biotech innovation', 'Biology domain overlap', 'European patent law expertise relevant to French incorporation']","[""Mentor's experience with agritech or agricultural applications unclear"", ""Mentor's operational or commercialization experience not specified"", ""Startup's current IP strategy or legal needs not detailed""]"
startup_008,MENTOR_016,0.42,0.55,"Moderate overlap exists through the mentor's climate tech investment experience (70+ investments) which aligns with the startup's agritech/sustainability mission. However, the mentor's core expertise in platform engineering, SaaS, and marketplace tech shows limited direct relevance to RNA-based agricultural biotechnology. The operational scaling experience could provide generic value but lacks agricultural or biotech specificity.","[{'from': 'mentor', 'quote': '70+ climate tech investments'}, {'from': 'startup', 'quote': 'agritech venture developing RNA-based sprays that enhance nitrogen uptake in crops'}]","['Climate tech investment experience', 'Startup scaling expertise', 'Board governance for growth-stage companies']","['No evidence of agricultural sector experience', 'No biotechnology or life sciences background mentioned', 'Unclear if climate tech investments include agritech or biotech']"
startup_008,MENTOR_017,0.42,0.55,"Moderate overlap exists through sustainability and climate tech dimensions relevant to agritech. However, mentor's expertise centers on ESG compliance, corporate sustainability strategy, and AI-driven transformation rather than agricultural technology, biotech R&D, or go-to-market for agritech products. Insufficient detail on both profiles limits confidence.","[{'from': 'startup', 'quote': 'agritech venture developing RNA-based sprays that enhance nitrogen uptake in crops'}, {'from': 'mentor', 'quote': 'Climate Tech; AI for Sustainability'}]","['Climate tech / sustainability alignment', 'Potential ESG framework guidance for agritech scaling', 'Data & analytics applicability to agricultural metrics']","[""Mentor's specific experience with agritech or biotech sectors"", ""Startup's current stage, technical challenges, and operational needs"", ""Mentor's hands-on involvement with early-stage ventures vs. corporate programs""]"
startup_008,MENTOR_018,0.78,0.82,"Strong domain match: mentor has explicit agritech experience and climate tech expertise, directly aligned with Thalya's RNA-based crop enhancement technology. Mentor's 35+ years scaling startups and GTM strategy experience is highly relevant for a 2024-incorporated venture targeting €1B revenue by 2035. Operational and scaling expertise matches the growth trajectory needs.","[{'from': 'mentor', 'quote': '35+ years executive leadership; scaled fintech, agritech & deep tech startups'}, {'from': 'mentor', 'quote': 'Climate Tech; Agri Tech; SaaS; Digital Transformation'}]","['Direct agritech domain expertise', 'Climate tech alignment with sustainable agriculture', 'Startup scaling experience for growth-stage ventures', 'GTM strategy for ambitious revenue targets']","[""Mentor's specific agritech subsector experience (biotech vs. hardware vs. software)"", 'Geographic market expertise (Europe vs. US)', 'Specific nitrogen/fertilizer or RNA technology knowledge']"
startup_008,MENTOR_019,0.58,0.65,"Moderate overlap exists between Thalya's agritech/climate focus and Sabrina's expertise in climate tech, sustainability strategy, and startup scaling. However, the mentor's profile lacks specific agricultural domain experience or biotech/RNA technology background, limiting the depth of technical alignment.","[{'from': 'startup', 'quote': 'agritech venture developing RNA-based sprays that enhance nitrogen uptake in crops'}, {'from': 'mentor', 'quote': 'Climate Tech; Deep Tech; Startup Scaling; Fundraising; Sustainability Strategy'}]","['Climate tech and sustainability alignment', 'Startup scaling and fundraising expertise', 'Deep tech advisory experience', 'Growth strategy for impact ventures']","['No evidence of agricultural sector experience', 'No biotech or RNA technology expertise mentioned', ""Limited detail on mentor's specific deep tech domains"", ""No information on mentor's work with agritech companies""]"
startup_008,MENTOR_020,0.42,0.55,"Moderate overlap exists through Climate Tech alignment and deep-tech investment expertise relevant to agritech innovation. However, mentor's specific domain focus (Nuclear, Semiconductors, Industrial Tech) does not directly intersect with RNA-based agricultural biotechnology. Investment and board governance experience provides functional value but lacks sector-specific depth in agritech or biotech.","[{'from': 'mentor', 'quote': 'Climate Tech; Nuclear; Semiconductors; Industrial Tech'}, {'from': 'startup', 'quote': 'RNA-based sprays that enhance nitrogen uptake in crops'}]","['Climate Tech alignment', 'Deep-tech investment experience', 'Board governance expertise', 'Limited agritech/biotech domain overlap']","[""Mentor's specific experience with biotech or agritech ventures"", ""Mentor's familiarity with agricultural markets or regulatory landscapes"", ""Startup's current stage and specific governance/investment needs""]"
startup_008,MENTOR_021,0.42,0.55,"Moderate overlap exists through climate tech and sustainability domains relevant to agritech's environmental impact. However, mentor's expertise centers on corporate ESG strategy, energy/utilities consulting, and data analytics rather than agricultural technology, biotech, or commercialization of novel crop inputs. Insufficient detail on mentor's specific climate tech work limits assessment.","[{'from': 'startup', 'quote': 'agritech venture developing RNA-based sprays that enhance nitrogen uptake in crops'}, {'from': 'mentor', 'quote': 'Global Head Climate Tech; ESG; Climate Tech; Data & Analytics; AI for Sustainability'}]","['Climate tech domain alignment', 'Sustainability strategy relevance to agritech', 'Corporate innovation experience']","[""Mentor's specific climate tech sector focus unclear"", 'No evidence of agriculture/biotech expertise', ""Startup's go-to-market strategy not provided"", ""Mentor's startup advising experience unknown""]"
startup_008,MENTOR_022,0.42,0.55,"Moderate overlap exists through agricultural/biotech commercialization and entrepreneurship expertise. Marc's energy/biofuels background provides tangential sector knowledge, and his Director of Entrepreneurship role at École Polytechnique plus SATT experience offer relevant startup scaling guidance. However, no direct agritech, RNA technology, or crop science expertise is evident in the provided text.","[{'from': 'startup', 'quote': 'agritech venture developing RNA-based sprays that enhance nitrogen uptake in crops'}, {'from': 'mentor', 'quote': 'Director of Entrepreneurship & Innovation at École Polytechnique; former SATT President'}]","['Entrepreneurship/innovation leadership experience', 'Technology commercialization (SATT background)', 'Adjacent biotech sector (biofuels)', 'Policy expertise relevant to agtech regulation']","['No evidence of agritech or crop science expertise', 'No RNA/biotech technology experience mentioned', ""Limited detail on mentor's specific functional capabilities"", 'Insufficient startup team background and technical depth']"
startup_008,MENTOR_023,0.22,0.75,"Minimal domain overlap exists between agritech RNA-based crop technology and the mentor's finance/institutional sales expertise. The mentor's experience in risk assessment and ESG could provide generic strategic value, but lacks specific relevance to agricultural biotechnology, product development, or agritech commercialization.","[{'from': 'startup', 'quote': 'agritech venture developing RNA-based sprays that enhance nitrogen uptake in crops'}, {'from': 'mentor', 'quote': '35 years global finance leadership; former Amundi Global Head of Sales'}]","['ESG frameworks potentially relevant to sustainable agriculture', 'Risk assessment applicable to venture scaling', 'Institutional client experience for future fundraising']","['No evidence of agritech, biotech, or agricultural sector experience', 'No indication of product development or R&D expertise', 'Unclear if ESG experience extends to agricultural sustainability']"
startup_008,MENTOR_024,0.25,0.3,"Insufficient info. The mentor profile provides only academic affiliation (PhD Candidate at Carnegie Mellon) and CDL fellowship status, with no domain expertise, technical background, or operational experience detailed. The startup operates in agritech with RNA-based crop technology, but no evidence exists to assess overlap with the mentor's expertise.","[{'from': 'startup', 'quote': 'agritech venture developing RNA-based sprays that enhance nitrogen uptake in crops'}, {'from': 'mentor', 'quote': 'PhD Candidate'}]","['Academic research background (PhD level)', 'CDL ecosystem familiarity']","[""Mentor's research domain/technical expertise"", ""Mentor's industry experience or functional skills"", ""Mentor's relevant technology tags or operational tags"", ""Mentor's bio or detailed profile information""]"
startup_008,MENTOR_025,0.12,0.85,"No credible overlap between agritech RNA-based crop solutions and automotive/software-defined vehicle expertise. The mentor's 30+ years in automotive leadership, EV, and autonomous vehicles has no apparent relevance to agricultural biotechnology, nitrogen uptake enhancement, or agritech commercialization. Insufficient info to identify any meaningful connection.","[{'from': 'startup', 'quote': 'agritech venture developing RNA-based sprays that enhance nitrogen uptake in crops'}, {'from': 'mentor', 'quote': '30+ years automotive leadership; GM Canada & China; SDV transformation expert'}]","['No domain overlap (agritech vs automotive)', 'No technology overlap (RNA biotech vs SDV/EV)', 'No operational overlap identified']","[""Mentor's full bio unavailable"", ""Startup's detailed team background missing"", ""No information on mentor's cross-industry experience or advisory roles outside automotive""]"
startup_008,MENTOR_026,0.28,0.45,"Weak overlap between agritech RNA-based crop technology and mentor's SaaS/robotics/digital transformation expertise. Some potential relevance through operations experience and digital transformation, but no clear domain match in agriculture, biotech, or life sciences. Insufficient info on mentor's specific operational context or investment focus areas.","[{'from': 'startup', 'quote': 'agritech venture developing RNA-based sprays that enhance nitrogen uptake in crops'}, {'from': 'mentor', 'quote': 'SaaS; Robotics; Digital Transformation'}]","['Operations experience potentially applicable', 'Digital transformation for agritech scaling', 'Investment tag suggests capital/fundraising insight']","['No mentor background in agriculture or biotech', ""No detail on mentor's operational domain context"", 'Minimal mentor bio/profile text provided', 'Unclear if investment experience relevant to agritech/life sciences']"
startup_008,MENTOR_027,0.22,0.75,"Minimal domain overlap between agritech RNA-based crop solutions and mentor's robotics/industrial automation/space tech expertise. Potential value exists in M&A experience and executive leadership from Siemens/McKinsey for scaling strategy, but no specific agricultural, biotech, or life sciences background evident.","[{'from': 'startup', 'quote': 'RNA-based sprays that enhance nitrogen uptake in crops'}, {'from': 'mentor', 'quote': 'Robotics; Industrial Automation; Space Tech'}]","['M&A expertise for scaling', 'Executive leadership experience', 'Strategic growth from Siemens/McKinsey background']","['No agricultural or biotech domain expertise evident', 'No life sciences or chemical/biological technology background', 'Unclear if mentor has agritech sector experience']"
startup_008,MENTOR_028,0.68,0.72,"Strong domain overlap exists: Thalya operates in agritech/biotechnology developing RNA-based crop solutions, while Julian has explicit biotechnology and climate tech expertise. His background as bp CIO/VP Digital Science and DeepTech venturing leader suggests relevant technical and commercialization experience for a biotech startup scaling agricultural innovation.","[{'from': 'startup', 'quote': 'agritech venture developing RNA-based sprays that enhance nitrogen uptake in crops'}, {'from': 'mentor', 'quote': 'Biotechnology; Climate Tech; Former bp CIO & VP Digital Science; DeepTech & climate venturing leader'}]","['Biotechnology domain expertise', 'Climate tech/sustainability focus alignment', 'DeepTech venture scaling experience', 'Investment and consulting operational knowledge']","['No detailed mentor bio or profile text to assess depth of biotech/agritech experience', 'Limited startup team background information', 'No specific mentor experience in agriculture or regulatory pathways mentioned']"
startup_008,MENTOR_029,0.12,0.75,"No credible overlap between mentor's expertise in autonomous systems, safety assurance, EV, and mobility and the startup's agritech RNA-based crop enhancement technology. The domains (autonomy/mobility vs. agricultural biotechnology) are fundamentally distinct with no evident intersection points.","[{'from': 'startup', 'quote': 'RNA-based sprays that enhance nitrogen uptake in crops'}, {'from': 'mentor', 'quote': 'Autonomous Systems; Safety Assurance; EV; Mobility'}]","['No domain overlap', 'Distinct technical fields', 'No functional intersection']","[""Mentor's full bio content not provided"", ""Startup's detailed technical approach absent"", ""No information on mentor's cross-domain experience""]"
startup_008,MENTOR_030,0.25,0.7,"Weak domain overlap. Thalya operates in agritech/biotech (RNA-based crop sprays), while Olivier's expertise centers on finance (M&A, investment, banking) and fintech/data security. His skills may offer generic strategic or fundraising guidance but lack specific relevance to agricultural technology, biotech R&D, or agritech operations.","[{'from': 'startup', 'quote': 'agritech venture developing RNA-based sprays that enhance nitrogen uptake in crops'}, {'from': 'mentor', 'quote': 'Former Lazard & Goldman Sachs banker; ex-Citadel; Natixis executive'}]","['M&A and investment experience for scaling/fundraising', 'Corporate restructuring for growth-stage transitions']","['No agritech or biotech domain expertise evident', 'No operational or technical background in agriculture or life sciences']"
startup_008,MENTOR_031,0.28,0.45,"Weak overlap between agritech RNA-based crop technology and mentor's digital marketing/medical device expertise. Mentor's marketing and investment experience could provide generic commercial guidance, but lacks domain-specific knowledge in agriculture, biotech R&D, or agritech operations. Insufficient info on both profiles limits assessment.","[{'from': 'startup', 'quote': 'RNA-based sprays that enhance nitrogen uptake in crops'}, {'from': 'mentor', 'quote': '24+ years digital marketing; connected medical solutions specialist'}]","['Marketing expertise for commercialization', 'Investment experience potentially relevant', 'No agritech or biotech domain match']","[""Startup's go-to-market strategy and commercial needs unclear"", ""Mentor's bio and detailed profile empty"", ""No evidence of mentor's agriculture or biotech experience"", ""Startup's technology development stage unknown""]"
startup_008,MENTOR_032,0.42,0.55,"Moderate overlap exists through Climate Tech alignment with agritech's sustainability mission and mentor's startup scaling/investment expertise relevant to Thalya's growth ambitions. However, no direct agritech, biotech, or agricultural domain experience is evident in mentor's profile, limiting domain-specific value.","[{'from': 'mentor', 'quote': 'Climate Tech; Space Tech; Energy; Fintech'}, {'from': 'mentor', 'quote': 'Raised £2bn+; founder of Torvius; serial entrepreneur'}]","['Climate Tech tag aligns with agritech sustainability', 'Startup scaling expertise relevant to growth targets', 'Investment/fundraising experience (£2bn+ raised)', 'Serial entrepreneur background']","['No agritech or biotech domain expertise evident', 'No agricultural sector experience mentioned', 'Limited detail on specific Climate Tech focus areas', 'Insufficient mentor bio/profile detail for deeper assessment']"
startup_008,MENTOR_033,0.52,0.65,"Moderate overlap exists through clean tech domain and policy/government advisory expertise relevant to agritech regulatory landscapes. However, mentor's core expertise in space tech, telecommunications, materials, and energy analysis (BNEF, McKinsey energy) shows limited direct intersection with RNA-based agricultural biotechnology or crop science operations.","[{'from': 'mentor', 'quote': 'Clean Tech'}, {'from': 'mentor', 'quote': 'Government Advisory; Policy Influence'}]","['Clean tech domain overlap', 'Policy/regulatory navigation expertise', 'Strategic advisory background (McKinsey)']","['No evidence of agritech or biotech experience', 'No indication of agricultural sector knowledge', ""Limited detail on mentor's clean tech focus areas""]"
startup_008,MENTOR_034,0.28,0.55,"Weak overlap between agritech RNA sprays for nitrogen uptake and mentor's decarbonization/materials science background. While both operate in climate/sustainability domains, the mentor's expertise in direct air capture chemistry and carbon removal is tangential to agricultural biotechnology and crop enhancement. Insufficient detail on both profiles limits assessment.","[{'from': 'startup', 'quote': 'RNA-based sprays that enhance nitrogen uptake in crops'}, {'from': 'mentor', 'quote': 'CDR-focused VC; former Climeworks DAC chemist'}]","['Climate/sustainability domain overlap', 'Materials science tangentially relevant', 'VC experience in climate tech']","[""Mentor's specific materials science applications unclear"", ""No detail on mentor's agritech or biotech experience"", ""Startup's technical approach and challenges underspecified"", ""Mentor's operational expertise tags missing""]"
startup_009,MENTOR_001,0.28,0.55,"Weak overlap. The mentor's deep expertise is in solar/wind energy, renewables transactions, and energy policy, while the startup focuses on marine biomass conversion into sustainable textiles. Both operate in sustainability/climate impact domains, but the specific technical, operational, and market contexts differ substantially. The mentor's legal and transactional skills offer generic value but lack direct relevance to textile materials or marine biomass processing.","[{'from': 'mentor', 'quote': 'General Counsel for EMEA and Global Head of Transactions at Lightsource bp; 17+ years in renewables'}, {'from': 'startup', 'quote': 'converts marine biomass into sustainable textiles and materials'}]","['Shared sustainability/climate impact focus', 'Legal and transactional expertise applicable to scaling', 'Policy influence experience relevant to regulatory navigation']","[""Mentor's experience with materials, textiles, or biomass sectors unclear"", ""Startup's specific legal, policy, or investment challenges not detailed"", ""Mentor's bio and extended profile text absent""]"
startup_009,MENTOR_002,0.72,0.78,"Strong domain match between sustainable materials/marine biomass conversion and mentor's deep sustainability strategy expertise from Holcim and Anglo American. Mentor's industrial transformation and operations management background aligns well with scaling manufacturing of novel materials across European/Asian markets, though marine/textile sector is not explicitly covered.","[{'from': 'startup', 'quote': 'converting marine biomass into sustainable textiles and materials'}, {'from': 'mentor', 'quote': 'former Chief Sustainability & Innovation Officer at Holcim'}]","['Sustainability strategy expertise for climate-positive materials', 'Industrial transformation experience for scaling novel manufacturing', 'Operations management for multi-market expansion (Europe/Asia)', 'Board-level perspective on sustainable business models']","['No explicit marine/ocean sector experience mentioned', 'Textile industry background not confirmed']"
startup_009,MENTOR_003,0.72,0.65,"Strong domain alignment exists between the mentor's 20+ years in sustainable innovation and clean technology and the startup's marine biomass-to-textile conversion mission. The mentor's experience scaling and selling a 100+ employee startup provides relevant operational context for ER Ocean Recherche's ambitious 5-year growth targets. However, limited detail on the mentor's specific materials science or textile industry experience prevents a higher confidence score.","[{'from': 'mentor', 'quote': '20+ years developing sustainable innovation; sold 100+ employee startup to Screen Japan'}, {'from': 'startup', 'quote': 'converts marine biomass into sustainable textiles and materials'}]","['Sustainability and clean technology expertise', 'Startup scaling and exit experience', 'Strategic partnerships and business development', 'Industrial technology background']","[""Mentor's specific experience in materials science or textile industry"", ""Mentor's knowledge of marine biomass or circular economy models"", ""Details on mentor's involvement in European/Asian market expansion""]"
startup_009,MENTOR_004,0.58,0.65,"Moderate overlap exists between the mentor's climate tech expertise and the startup's sustainable materials focus. The mentor's experience in investment, scaling, and partnerships aligns with the startup's growth trajectory toward €13M revenue. However, there is no specific evidence of materials science, textile industry, or marine biomass domain expertise, limiting the depth of technical fit.","[{'from': 'startup', 'quote': 'materials will have a positive net climate impact of 60K tons of CO2eq saved'}, {'from': 'mentor', 'quote': 'Climate Tech; Energy Transition'}]","['Climate tech and sustainability alignment', 'Investment and scaling experience', 'Partnership development capabilities']","['No evidence of materials science or textile industry expertise', 'No specific marine biomass or circular economy experience mentioned', ""Limited detail on mentor's operational experience in manufacturing or supply chain""]"
startup_009,MENTOR_005,0.58,0.65,"Moderate overlap exists: the mentor has climate tech expertise and policy influence experience relevant to ER Ocean Recherche's sustainability mission and market expansion goals. However, the mentor's specific technical tags (Quantum, Systems Design Engineering) do not directly align with marine biomass conversion or textile materials, and there is no evidence of domain expertise in biomaterials, ocean resources, or textile manufacturing.","[{'from': 'mentor', 'quote': 'Climate Tech'}, {'from': 'startup', 'quote': 'positive net climate impact of 60K tons of CO2eq saved'}]","['Climate tech domain alignment', 'Policy influence for sustainability markets', 'Systems-level thinking for scaling operations']","['No evidence of mentor expertise in marine biomass, textiles, or materials science', ""Mentor's specific technical background (Quantum) unclear relevance to startup's core technology"", ""Limited detail on mentor's operational or investment experience in similar sectors""]"
startup_009,MENTOR_006,0.72,0.78,"Strong domain alignment between ER Ocean Recherche's sustainable materials from marine biomass and Arnaud Blandin's expertise in ESG strategy, cleantech commercial development, and sustainability strategy. The mentor's 20+ years of global experience with major corporations (ENGIE, Michelin, Temasek) directly supports the startup's ambitious European and Asian market expansion plans and their climate impact goals.","[{'from': 'startup', 'quote': 'materials will have a positive net climate impact of 60K tons of CO2eq saved'}, {'from': 'mentor', 'quote': 'ESG strategy; worked with ENGIE, Michelin, Temasek'}]","['ESG and sustainability strategy expertise', 'Cleantech commercial development experience', 'Global market experience (Europe/Asia alignment)', 'Climate impact measurement and strategy']","[""Mentor's specific experience with materials science or textiles"", ""Mentor's knowledge of marine biomass or circular economy models"", ""Details on mentor's cleantech portfolio companies or sectors""]"
startup_009,MENTOR_007,0.72,0.78,"Strong domain overlap exists: the mentor has deep materials science expertise (PhD) and climate tech investment experience, directly relevant to ER Ocean Recherche's sustainable materials development. His track record scaling a materials-focused startup (Kurion) to a $350M exit and current role investing in climate tech at Breakthrough Energy Ventures Europe align well with the startup's European market focus and climate impact goals.","[{'from': 'mentor', 'quote': 'PhD Materials Science; MBA MIT Sloan; Co-founder & CTO of Kurion; acquired by Veolia for $350M'}, {'from': 'startup', 'quote': 'develops next-generation materials by converting marine biomass into sustainable textiles and materials'}]","['Materials science PhD matches materials development focus', 'Climate tech investment expertise aligns with sustainability mission', 'Startup scaling experience (Kurion exit) relevant to growth stage', 'European market knowledge (Breakthrough Energy Ventures Europe)']","[""Mentor's specific experience with biomass or textile materials unclear"", ""Depth of mentor's supply chain or manufacturing operations expertise not detailed""]"
startup_009,MENTOR_008,0.72,0.75,"Strong domain alignment exists between the mentor's sustainability and climate tech expertise and the startup's marine biomass-to-textiles mission. The mentor's 27 years as McKinsey Senior Partner with industrial focus and experience advising European green tech investors directly matches the startup's European market expansion, industrial materials focus, and climate impact goals (60K tons CO2eq saved).","[{'from': 'mentor', 'quote': '27 years McKinsey Senior Partner; sustainability & industrial focus; advises European green tech investors'}, {'from': 'startup', 'quote': 'their materials will have a positive net climate impact of 60K tons of CO2eq saved'}]","['Sustainability and climate tech domain overlap', 'European market and green tech investor network', 'Industrial materials and manufacturing expertise', 'Strategic scaling experience (McKinsey Senior Partner)']","[""Mentor's specific textile or materials industry experience unclear"", ""Mentor's operational vs. advisory depth not specified"", ""Startup's current stage and specific strategic challenges not detailed""]"
startup_009,MENTOR_009,0.42,0.65,"Moderate overlap exists primarily in operational domains: the mentor's expertise in startup scaling and strategic IP management is relevant to ER Ocean Recherche's growth trajectory and material innovation IP. However, the mentor's technical background (semiconductors, silicon carbide, nanographics) shows no direct connection to marine biomass conversion or sustainable textiles, limiting domain-specific leverage.","[{'from': 'mentor', 'quote': 'Manages deep-tech startup programs at CEA-Liten'}, {'from': 'startup', 'quote': 'develops next-generation materials by converting marine biomass into sustainable textiles and materials'}]","['Deep-tech startup program management experience', 'Strategic IP management for material innovation', 'Startup scaling operational expertise']","[""Mentor's experience with biomaterials or sustainable materials"", ""Mentor's knowledge of textile industry or circular economy"", ""Mentor's network in marine/ocean tech or sustainability sectors""]"
startup_009,MENTOR_010,0.42,0.55,"Moderate overlap exists through clean technology focus and startup scaling expertise. However, mentor's domain emphasis on data centers, infrastructure, and applied AI does not directly align with marine biomass conversion and sustainable textiles. Investment and scaling experience provides generic value but lacks sector-specific depth.","[{'from': 'mentor', 'quote': 'Clean Technology'}, {'from': 'startup', 'quote': 'converting marine biomass into sustainable textiles and materials'}]","['Clean technology interest overlap', 'Startup scaling operational expertise', 'Investment experience via OMC Capital']","[""Mentor's specific clean tech focus areas unclear"", 'No evidence of materials science or textile industry experience', ""Startup's current stage and scaling challenges not detailed""]"
startup_009,MENTOR_011,0.68,0.72,"Strong overlap exists between the mentor's climate finance and decarbonization expertise and the startup's sustainable materials mission with measurable CO2eq impact. The mentor's capital markets experience and ESG focus align well with ER Ocean Recherche's growth trajectory toward €13M revenue. However, limited detail on mentor's materials/textile sector experience and startup's specific capital needs prevents a higher score.","[{'from': 'startup', 'quote': 'positive net climate impact of 60K tons of CO2eq saved'}, {'from': 'mentor', 'quote': '25+ years Canadian capital markets; climate finance advisor'}]","['Climate impact measurement and decarbonization alignment', 'Capital markets expertise for scaling sustainable ventures', 'ESG framework application to textile sustainability', 'Investment strategy for European/Asian market expansion']","[""Mentor's specific experience with materials/textile sector"", ""Mentor's track record with biomass or circular economy ventures"", ""Startup's current funding stage and capital requirements""]"
startup_009,MENTOR_012,0.72,0.75,"Strong domain overlap exists between the startup's marine biomass-to-textiles focus and the mentor's Climate Tech expertise. The mentor's 20+ years in public-private funding and EU government advisory work aligns well with a French startup targeting European markets and likely needing EU-funded project support. However, the mentor's Water Treatment tag and SaaS experience show less direct relevance to sustainable materials manufacturing.","[{'from': 'startup', 'quote': 'repurpose approximately 550 tons of marine biomass across European and Asian markets'}, {'from': 'mentor', 'quote': '20+ years public-private funding expertise; advisor to EU governments and European Commission'}]","['Climate Tech domain alignment', 'EU funding and policy expertise for European expansion', 'B2B sales experience for textile industry partnerships', 'Public-private funding for deep tech materials startup']","[""Mentor's specific experience with materials science or textiles"", ""Mentor's track record with manufacturing or supply chain operations""]"
startup_009,MENTOR_013,0.42,0.55,"Moderate overlap exists through sustainability focus and biomass/biological systems expertise. Mentor's entomology and sustainable agriculture background provides relevant knowledge in biological resource conversion and environmental impact assessment, which partially aligns with marine biomass processing. However, the mentor's domain (terrestrial agriculture/insects) differs significantly from the startup's marine focus, limiting direct technical applicability.","[{'from': 'startup', 'quote': 'converts marine biomass into sustainable textiles and materials'}, {'from': 'mentor', 'quote': 'Entomologist; crop protection & insect ecology expert'}]","['Sustainability and environmental impact expertise', 'Biological resource conversion knowledge', 'Project management for scaling operations']","[""Mentor's specific experience with marine systems or ocean biomass"", ""Mentor's knowledge of textile/materials industry"", ""Details on mentor's sustainability metrics experience""]"
startup_009,MENTOR_014,0.48,0.55,"Moderate overlap exists through shared sustainability focus and startup scaling experience. Both operate in resource-intensive industries seeking environmental solutions (marine biomass textiles vs. vertical farming). However, the mentor's agriculture/food tech domain differs substantially from textile/materials manufacturing, limiting technical depth of fit.","[{'from': 'startup', 'quote': 'converting marine biomass into sustainable textiles and materials'}, {'from': 'mentor', 'quote': 'Vertical Farming; Sustainable Agriculture; Agri Tech'}]","['Sustainability-focused business models', 'Startup scaling operational experience', 'European market presence', 'Resource efficiency innovation']","[""Mentor's specific scaling challenges and solutions at Infarm"", ""Startup's current stage and specific operational challenges"", ""Mentor's experience with materials/manufacturing vs. agriculture"", 'Details on brand-building relevance to B2B materials company']"
startup_009,MENTOR_015,0.48,0.65,"Moderate overlap exists through Climate Tech alignment and potential IP strategy needs for novel marine biomass materials. However, the mentor's core expertise in patent litigation and law does not directly match the startup's operational domain of sustainable materials development and textile manufacturing. The connection is functional (IP protection) rather than domain-specific (materials science, marine biology, or textile operations).","[{'from': 'mentor', 'quote': 'Climate Tech; Health Tech; Biology'}, {'from': 'startup', 'quote': 'develops next-generation materials by converting marine biomass into sustainable textiles and materials'}]","['Climate Tech tag alignment', 'IP protection for novel materials', 'Biology tag relevant to marine biomass']","[""Mentor's specific experience with materials/textiles unclear"", ""Mentor's operational or commercialization expertise not evident"", ""Startup's current IP strategy needs not specified""]"
startup_009,MENTOR_016,0.48,0.65,"Moderate overlap exists through climate tech focus and scaling expertise. Mentor has 70+ climate tech investments and startup scaling experience relevant to ER Ocean's growth trajectory. However, mentor's background is heavily tech/SaaS/platform-focused (ex-CTO Eventbrite), with no evident materials science, textile industry, or marine biomass expertise matching the startup's core domain.","[{'from': 'mentor', 'quote': '70+ climate tech investments'}, {'from': 'startup', 'quote': 'converts marine biomass into sustainable textiles and materials'}]","['Climate tech investment experience', 'Startup scaling and board governance', 'Growth-stage operational expertise']","['No materials science or textile industry expertise evident', 'No marine biomass or circular economy domain knowledge shown', 'Limited mentor bio/profile detail for deeper assessment']"
startup_009,MENTOR_017,0.72,0.75,"Strong domain alignment between ER Ocean Recherche's sustainable materials from marine biomass and Aurélie's expertise in Climate Tech, ESG, and sustainability strategy. Her experience in corporate innovation and ESG compliance directly supports a startup scaling sustainable textile solutions with measurable climate impact metrics. Moderate confidence due to limited detail on mentor's specific materials/textile sector experience.","[{'from': 'startup', 'quote': 'materials will have a positive net climate impact of 60K tons of CO2eq saved'}, {'from': 'mentor', 'quote': 'Climate Tech; ESG; Sustainability Strategy; AI-driven sustainability transformation'}]","['Climate Tech & ESG expertise matches sustainability-focused materials startup', 'Corporate innovation experience relevant to scaling sustainable textiles', 'CSRD/ESRS compliance knowledge valuable for European market expansion', 'Data & Analytics skills applicable to measuring climate impact metrics']","['No explicit materials science or textile industry background mentioned for mentor', ""Limited detail on mentor's experience with early-stage vs. corporate contexts"", ""Startup's specific technical challenges or go-to-market strategy not provided""]"
startup_009,MENTOR_018,0.58,0.65,"Moderate overlap exists between mentor's Climate Tech and Agri Tech expertise and the startup's sustainable marine biomass materials focus. The mentor's experience in startup scaling and operations aligns with ER Ocean Recherche's ambitious 5-year growth targets across European and Asian markets. However, the lack of specific materials science, textile industry, or marine/ocean technology experience in the mentor's profile limits the depth of domain match.","[{'from': 'mentor', 'quote': 'Climate Tech; Agri Tech; SaaS; Digital Transformation'}, {'from': 'startup', 'quote': 'converts marine biomass into sustainable textiles and materials'}]","['Climate Tech alignment with sustainability mission', 'Startup scaling experience for growth targets', 'Operations expertise for manufacturing scale-up', 'GTM strategy for European/Asian market expansion']","['No explicit materials science or textile industry experience', 'No marine/ocean technology background mentioned', ""Limited detail on mentor's specific agritech or climate tech engagements""]"
startup_009,MENTOR_019,0.72,0.75,"Strong domain alignment exists between the mentor's Climate Tech and Sustainability Strategy expertise and the startup's marine biomass-to-textiles mission with measurable climate impact goals. The mentor's operational focus on startup scaling, fundraising, and sales optimization directly matches ER Ocean Recherche's growth trajectory toward €13M revenue and market expansion across Europe and Asia.","[{'from': 'startup', 'quote': 'positive net climate impact of 60K tons of CO2eq saved'}, {'from': 'mentor', 'quote': 'Climate Tech; Deep Tech; Sustainability Strategy'}]","['Climate Tech and sustainability domain overlap', 'Startup scaling for growth-stage company', 'Fundraising expertise for capital-intensive materials development', 'Sales optimization for B2B textile market penetration']","[""Mentor's specific experience with materials science or textile industry"", ""Mentor's track record with European/Asian market expansion"", ""Depth of mentor's technical understanding of biomass conversion processes""]"
startup_009,MENTOR_020,0.48,0.65,"Moderate overlap exists through Climate Tech alignment and investment/board governance expertise relevant to ER Ocean Recherche's scaling ambitions. However, Magnus's specific domain focus (Nuclear, Semiconductors, Industrial Tech) does not directly intersect with marine biomass conversion or sustainable textiles, limiting the depth of technical match.","[{'from': 'mentor', 'quote': 'Climate Tech; Nuclear; Semiconductors; Industrial Tech'}, {'from': 'startup', 'quote': 'positive net climate impact of 60K tons of CO2eq saved'}]","['Climate Tech domain alignment', 'Investment and board governance expertise', 'Deep-tech investor experience', 'Scaling and commercialization guidance']","[""Mentor's specific experience with biomaterials or textiles"", ""Mentor's familiarity with circular economy or marine resources"", 'Detailed mentor bio and profile text']"
startup_009,MENTOR_021,0.68,0.72,"Strong domain alignment exists between the startup's marine biomass-to-sustainable materials focus and the mentor's climate tech and sustainability strategy expertise. The mentor's 20+ years in energy/utilities consulting and ESG/climate tech leadership at Capgemini provides relevant strategic and operational guidance for scaling a climate-positive materials venture. However, limited specific information about the mentor's experience with materials science, textile industry, or biomass conversion technologies prevents a higher score.","[{'from': 'startup', 'quote': 'materials will have a positive net climate impact of 60K tons of CO2eq saved'}, {'from': 'mentor', 'quote': 'Global Head Climate Tech; ESG; Climate Tech; AI for Sustainability; 20+ years energy & utilities consulting'}]","['Climate tech and sustainability domain overlap', 'ESG and corporate innovation strategy expertise', 'Scaling climate-positive ventures experience', 'European market knowledge (Capgemini presence)']","[""Mentor's specific experience with materials/textile industry"", ""Mentor's knowledge of biomass conversion technologies"", ""Mentor's track record with early-stage vs. corporate ventures"", 'Detailed mentor bio and profile information']"
startup_009,MENTOR_022,0.42,0.55,"Moderate overlap exists through sustainability/biomass conversion themes and entrepreneurship leadership. Mentor's biofuels/energy background has tangential relevance to marine biomass materials, and his policy influence expertise could help navigate regulatory landscapes for sustainable textiles. However, no direct textile/materials industry experience is evident, limiting strategic depth.","[{'from': 'startup', 'quote': 'converts marine biomass into sustainable textiles and materials'}, {'from': 'mentor', 'quote': 'Biofuels; Energy'}]","['Biomass conversion expertise overlap', 'Sustainability/climate impact alignment', 'Policy influence for regulatory navigation', 'Entrepreneurship/innovation leadership']","[""Mentor's specific experience with materials/textiles industry"", ""Mentor's knowledge of circular economy or ocean-based resources"", 'Detailed mentor bio unavailable', 'Startup team background and technical expertise unclear']"
startup_009,MENTOR_023,0.42,0.65,"Moderate overlap exists primarily through ESG expertise and institutional finance experience relevant to sustainable materials scaling. However, mentor's core background in fintech, asset management, and institutional sales lacks direct connection to marine biomass, textile manufacturing, or materials science. The match is functional (finance/ESG) rather than domain-specific (ocean tech/sustainable materials).","[{'from': 'mentor', 'quote': 'Risk Assessment; ESG; Fintech'}, {'from': 'startup', 'quote': 'positive net climate impact of 60K tons of CO2eq saved'}]","['ESG expertise relevant to climate impact claims', 'Institutional finance experience for scaling capital needs', 'Risk assessment applicable to market expansion']","['No evidence of materials/textile industry experience', 'No indication of sustainability sector or ocean tech involvement', 'Limited operational detail in mentor profile beyond finance roles']"
startup_009,MENTOR_024,0.25,0.3,"Insufficient info. The mentor profile provides only academic affiliation (PhD Candidate at Carnegie Mellon) and CDL fellowship status, with no domain expertise, functional skills, or industry experience detailed. The startup operates in marine biomass conversion and sustainable materials, but no evidence exists to assess whether the mentor has relevant knowledge in materials science, sustainability, textiles, or related operational domains.","[{'from': 'startup', 'quote': 'converts marine biomass into sustainable textiles and materials'}, {'from': 'mentor', 'quote': 'PhD Candidate'}]","['Academic background (unspecified field)', 'CDL ecosystem familiarity']","[""Mentor's research area/PhD focus"", ""Mentor's technical expertise or domain knowledge"", ""Mentor's industry experience or functional skills"", ""Mentor's relevance to materials science, sustainability, or textiles""]"
startup_009,MENTOR_025,0.12,0.75,"The mentor's expertise is deeply rooted in automotive (Software Defined Vehicles, EV, Autonomous Vehicles, GM leadership) with no evident connection to marine biomass, sustainable textiles, materials science, or the textile industry. The startup operates in a completely different sector (marine-based sustainable materials) with no overlap in domain, technology, or operations.","[{'from': 'mentor', 'quote': '30+ years automotive leadership; GM Canada & China; SDV transformation expert'}, {'from': 'startup', 'quote': 'converts marine biomass into sustainable textiles and materials'}]","['No domain overlap (automotive vs. marine biomass textiles)', 'No relevant technology intersection', 'Consulting/JV management potentially transferable but highly generic']","['No evidence of mentor experience in materials science, sustainability, textiles, or marine industries']"
startup_009,MENTOR_026,0.42,0.55,"Moderate overlap exists through circular economy and digital transformation expertise. The mentor's role as Blockchain & Circular Economy Committee President aligns with the startup's sustainability mission in marine biomass conversion. However, limited specific information about the mentor's materials science, textile industry, or biomass processing experience reduces confidence in a stronger match.","[{'from': 'mentor', 'quote': 'Blockchain & Circular Economy Committee President'}, {'from': 'startup', 'quote': 'converting marine biomass into sustainable textiles and materials'}]","['Circular economy expertise', 'Sustainability focus alignment', 'Digital transformation experience']","[""Mentor's specific experience in materials science or textiles"", ""Mentor's knowledge of biomass processing or marine resources"", 'Detailed mentor bio and operational background', ""Mentor's experience with physical product companies vs. SaaS""]"
startup_009,MENTOR_027,0.28,0.65,"Weak domain overlap. The mentor's expertise in robotics, industrial automation, and space tech does not directly align with marine biomass conversion or sustainable textiles. His M&A and executive experience at Siemens could provide generic strategic guidance, but lacks specific relevance to the startup's core technology, market, or sustainability focus.","[{'from': 'mentor', 'quote': 'Robotics; Industrial Automation; Space Tech'}, {'from': 'startup', 'quote': 'converts marine biomass into sustainable textiles and materials'}]","['Industrial scaling experience (Siemens)', 'M&A expertise for growth strategy', 'Executive-level operational guidance']","['No evidence of materials science or textile industry experience', 'No indication of sustainability or marine/ocean sector knowledge', 'Mentor bio and detailed profile are empty']"
startup_009,MENTOR_028,0.72,0.75,"Strong domain alignment exists between the mentor's climate tech and biotechnology expertise and the startup's marine biomass-to-textiles innovation. The mentor's deep tech venturing background and investment focus directly match the startup's stage and sector, though specific textile/materials industry experience is not explicitly stated.","[{'from': 'mentor', 'quote': 'DeepTech & climate venturing leader'}, {'from': 'startup', 'quote': 'converts marine biomass into sustainable textiles and materials'}]","['Climate tech and biotechnology domain overlap', 'DeepTech venturing expertise matches startup stage', 'Investment background relevant for scaling', 'Sustainability/ocean focus alignment']","['No explicit textile or materials industry experience mentioned', ""Limited detail on mentor's specific biotechnology applications"", 'Unclear if mentor has European market experience']"
startup_009,MENTOR_029,0.12,0.75,"No credible overlap between mentor's expertise in autonomous systems, AI, safety assurance, and EV/mobility and the startup's focus on marine biomass conversion into sustainable textiles and materials. The domains are fundamentally misaligned with no apparent intersection points.","[{'from': 'startup', 'quote': 'converts marine biomass into sustainable textiles and materials'}, {'from': 'mentor', 'quote': 'Autonomous Systems; Safety Assurance; EV; Mobility'}]","['No domain overlap', 'Unrelated technical expertise', 'Different industry verticals']","[""Mentor's full bio content not provided"", ""Startup's detailed technical approach unclear"", ""No information on startup's operational or regulatory needs""]"
startup_009,MENTOR_030,0.28,0.65,"Weak domain overlap. The mentor's expertise in M&A, corporate restructuring, and investment banking could provide generic financial/strategic guidance, but there is no evidence of experience in sustainable materials, marine biomass, textiles, or climate-focused ventures. The mentor's tech focus (Fintech, Data Security) does not align with the startup's material science and sustainability domain.","[{'from': 'mentor', 'quote': 'M&A; Corporate Restructuring; Investment'}, {'from': 'startup', 'quote': 'converts marine biomass into sustainable textiles and materials'}]","['M&A and investment structuring experience', 'Financial strategy for scaling', 'No domain expertise in materials or sustainability']","[""Mentor's experience in sustainability, climate tech, or materials science"", ""Mentor's involvement in European or textile industry deals"", ""Startup's current funding stage and capital needs""]"
startup_009,MENTOR_031,0.42,0.55,"Moderate overlap exists through marketing and commercialization expertise relevant to scaling a materials startup into European and Asian markets. However, mentor's domain focus on digital media and connected medical solutions shows limited direct alignment with marine biomass materials, sustainable textiles, or climate-impact ventures. Insufficient detail on mentor's broader experience limits confidence.","[{'from': 'startup', 'quote': 'reach over 1K orders, representing €13M EUR in value, with a 44% EBIT margin'}, {'from': 'mentor', 'quote': '24+ years digital marketing; connected medical solutions specialist'}]","['Marketing expertise for market expansion', 'Data-driven approach to customer acquisition', 'Experience scaling commercial operations']","[""Mentor's experience with materials/manufacturing sectors unclear"", 'No evidence of sustainability or climate-tech domain knowledge', ""Startup's specific go-to-market challenges not detailed"", ""Mentor's bio and extended profile empty""]"
startup_009,MENTOR_032,0.58,0.65,"Moderate overlap exists: the mentor has Climate Tech expertise and experience raising significant capital (£2bn+), which aligns with ER Ocean Recherche's sustainable materials focus and likely fundraising needs for scaling. However, the mentor's profile lacks specific domain expertise in materials science, textiles, marine biomass, or circular economy, which are central to the startup's core technology and market.","[{'from': 'mentor', 'quote': 'Climate Tech; Raised £2bn+; founder of Torvius; serial entrepreneur'}, {'from': 'startup', 'quote': 'converts marine biomass into sustainable textiles and materials'}]","['Climate Tech domain alignment', 'Significant capital raising experience', 'Startup scaling and entrepreneurship background']","['No evidence of materials science or textile industry expertise', 'No mention of circular economy or marine/ocean sector experience', ""Limited detail on mentor's specific Climate Tech sub-domains""]"
startup_009,MENTOR_033,0.68,0.72,"Strong domain overlap exists: the mentor has Clean Tech and Materials expertise, directly relevant to ER Ocean Recherche's sustainable materials from marine biomass. His background as former Global Head of Analysis at BNEF and ex-McKinsey Partner suggests strategic and market analysis capabilities valuable for scaling a climate-impact venture. However, limited detail on mentor's specific materials science depth or textile industry experience prevents a higher score.","[{'from': 'mentor', 'quote': 'Clean Tech; Materials'}, {'from': 'startup', 'quote': 'develops next-generation materials by converting marine biomass into sustainable textiles and materials'}]","['Clean Tech and Materials domain alignment', 'Strategic analysis experience (BNEF, McKinsey)', 'Climate impact and sustainability focus', 'Policy influence relevant to regulatory navigation']","[""Mentor's specific experience in textiles or biomass conversion"", ""Mentor's track record with early-stage materials startups"", ""Depth of mentor's materials science technical knowledge""]"
startup_009,MENTOR_034,0.72,0.75,Strong domain alignment exists between the mentor's materials science and decarbonization expertise and the startup's marine biomass-to-textile materials development with climate impact goals. The mentor's background as a chemist at Climeworks (DAC technology) and current role evaluating carbon removal technologies provides relevant technical depth for assessing novel material conversion processes and carbon accounting claims.,"[{'from': 'startup', 'quote': 'converting marine biomass into sustainable textiles and materials'}, {'from': 'mentor', 'quote': 'Head of Science at CDR-focused VC; former Climeworks DAC chemist; PhD EPFL'}]","['Materials science expertise matches biomass conversion technology', 'Decarbonization focus aligns with 60K tons CO2eq impact claims', 'Chemistry background relevant to textile material development', 'VC science evaluation experience applicable to scaling assessment']","['Specific operational expertise areas not detailed for mentor', ""Startup's technical challenges and current stage not specified"", ""Mentor's experience with biomass or textile sectors unclear""]"
startup_010,MENTOR_001,0.48,0.65,"Moderate overlap exists: both operate in climate/decarbonization sectors, and the mentor's 17+ years in renewables and policy influence could inform Co-reactive's scaling and regulatory strategy. However, the mentor's core expertise is in solar/wind energy and legal/transactional work, not cement production, CO2 mineralization chemistry, or industrial materials—limiting direct technical or operational alignment.","[{'from': 'startup', 'quote': 'decarbonizing cement production with a continuous CO2 mineralization technology'}, {'from': 'mentor', 'quote': '17+ years in renewables; former Linklaters, SunPower, SunEdison'}]","['Climate/decarbonization sector alignment', 'Policy and regulatory navigation experience', 'Scaling and transaction structuring expertise']","[""Mentor's experience with industrial materials or cement sector"", ""Mentor's familiarity with CO2 capture/mineralization technologies"", ""Startup's specific legal or policy challenges""]"
startup_010,MENTOR_002,0.87,0.92,"Exceptional match. Mentor's former role as Chief Sustainability & Innovation Officer at Holcim (a global cement/construction materials leader) directly aligns with Co-reactive's decarbonization of cement production. Her board experience at Anglo American and expertise in sustainable construction, industrial transformation, and sustainability strategy provide highly relevant domain knowledge and strategic guidance for scaling CO2 mineralization technology in the cement industry.","[{'from': 'mentor', 'quote': 'former Chief Sustainability & Innovation Officer at Holcim'}, {'from': 'startup', 'quote': 'decarbonizing cement production with a continuous CO2 mineralization technology that converts CO2 and calcium/magnesium silicate-based feedstocks into high-performance cement additives'}]","['Direct cement industry experience at Holcim', 'Sustainability & innovation leadership in construction materials', 'Industrial transformation and operations expertise', 'Board-level strategic guidance for scaling']",[]
startup_010,MENTOR_003,0.72,0.75,Strong domain alignment between Co-reactive's decarbonization technology for cement production and Julien's 20+ years in sustainable innovation and clean/industrial technology. His experience scaling and exiting a 100+ employee startup provides relevant operational insight for Co-reactive's ambitious scale-up plans to 4M tons capacity by 2035.,"[{'from': 'startup', 'quote': 'decarbonizing cement production with a continuous CO2 mineralization technology that converts CO2 and calcium/magnesium silicate-based feedstocks into high-performance cement additives'}, {'from': 'mentor', 'quote': '20+ years developing sustainable innovation; sold 100+ employee startup to Screen Japan'}]","['Sustainability and clean technology expertise', 'Industrial technology domain experience', 'Startup scaling and exit experience', 'Strategic partnerships and business development']","[""Mentor's specific technical depth in materials science or cement industry"", ""Mentor's geographic focus (Europe vs. other regions)"", ""Details on mentor's portfolio companies or investment thesis""]"
startup_010,MENTOR_004,0.68,0.72,"Strong domain alignment exists: Co-reactive operates in climate tech/decarbonization, and Elizabeth Grier specializes in Climate Tech and Energy Transition with financial services and venture capital experience. Her expertise in startup scaling, investment, and partnerships development at BRITE Energy Innovators directly matches Co-reactive's growth stage (recently incorporated, targeting €800M revenue by 2035). However, limited detail on Grier's specific technical knowledge of cement/mineralization or operational experience in manufacturing reduces confidence.","[{'from': 'startup', 'quote': 'decarbonizing cement production with a continuous CO2 mineralization technology'}, {'from': 'mentor', 'quote': 'Climate Tech; Energy Transition; venture capital, hedge funds, investment banking; Partnerships Development Director at BRITE Energy Innovators'}]","['Climate tech/decarbonization domain overlap', 'Venture capital and investment expertise for scaling', 'Energy transition sector experience', 'Startup scaling and partnerships development']","[""Mentor's specific knowledge of cement/construction materials industry"", ""Mentor's operational experience in manufacturing or industrial processes"", ""Details on mentor's portfolio companies or investment thesis alignment""]"
startup_010,MENTOR_005,0.68,0.72,"Strong domain overlap in climate tech with policy and systems-level expertise relevant to scaling industrial decarbonization. Mentor's government advisory and policy influence experience aligns well with Co-reactive's need to navigate regulatory frameworks for cement industry transformation. However, no direct evidence of cement/materials science or CO2 mineralization expertise limits the score.","[{'from': 'mentor', 'quote': 'Climate Tech'}, {'from': 'mentor', 'quote': 'Policy Influence; Government Advisory'}]","['Climate tech domain alignment', 'Policy/regulatory navigation expertise', 'Systems-level scaling experience', 'Government relations for industrial transformation']","['No evidence of cement/construction materials expertise', 'No evidence of CO2 mineralization or carbon capture technology experience', ""Limited detail on mentor's specific climate tech focus areas""]"
startup_010,MENTOR_006,0.72,0.78,"Strong domain alignment exists between Co-reactive's decarbonization technology for cement production and Arnaud's 20+ years in cleantech, ESG strategy, and sustainability. His experience with major industrial players (ENGIE, Michelin) and cleantech commercial development directly overlaps with Co-reactive's need to scale production capacity and navigate industrial partnerships in the construction materials sector.","[{'from': 'startup', 'quote': 'decarbonizing cement production with a continuous CO2 mineralization technology that converts CO2 and calcium/magnesium silicate-based feedstocks into high-performance cement additives'}, {'from': 'mentor', 'quote': '20+ years global experience; ESG strategy; worked with ENGIE, Michelin, Temasek'}]","['Cleantech commercial development expertise matches industrial scaling needs', 'ESG and sustainability strategy aligns with CO2-neutral construction mission', 'Experience with major industrial corporations relevant to cement/construction sector', 'Renewable energy systems knowledge applicable to decarbonization technology']","[""Mentor's specific experience with materials science or cement industry unclear"", ""Depth of mentor's commercialization track record in hardware/manufacturing not detailed""]"
startup_010,MENTOR_007,0.73,0.8,Strong domain overlap in climate tech and materials science. Mentor's experience scaling a materials-based climate solution (Kurion) from technology to $350M acquisition aligns well with Co-reactive's cement decarbonization mission and scaling ambitions to 4M tons capacity. Both involve advanced materials processing for environmental impact.,"[{'from': 'mentor', 'quote': 'Co-founder & CTO of Kurion; Fukushima deployment; acquired by Veolia for $350M; PhD Materials Science'}, {'from': 'startup', 'quote': 'decarbonizing cement production with a continuous CO2 mineralization technology that converts CO2 and calcium/magnesium silicate-based feedstocks into high-performance cement additives'}]","['Climate tech and materials science expertise', 'Scaled materials startup to major acquisition', 'Deep tech commercialization experience', 'Investment perspective via Breakthrough Energy']","[""Mentor's specific experience with construction materials or cement industry"", ""Details on mentor's operational scaling methodologies""]"
startup_010,MENTOR_008,0.72,0.75,"Strong domain alignment: Lisa Aberg's 27 years as McKinsey Senior Partner with sustainability and industrial focus directly matches Co-reactive's decarbonization of cement production. Her expertise in ESG, Climate Tech, and advising European green tech investors aligns well with a German climate tech startup targeting CO2-neutral construction materials at scale.","[{'from': 'mentor', 'quote': '27 years McKinsey Senior Partner; sustainability & industrial focus; advises European green tech investors'}, {'from': 'startup', 'quote': 'decarbonizing cement production with a continuous CO2 mineralization technology'}]","['Sustainability and industrial expertise matches cement decarbonization', 'Climate Tech and ESG focus aligns with CO2 storage mission', 'European green tech investor advisory relevant to German startup', 'M&A and consulting experience valuable for scaling to 4M tons capacity']","[""Mentor's specific experience with materials science or cement industry unclear"", ""Depth of mentor's operational scaling experience not detailed""]"
startup_010,MENTOR_009,0.42,0.55,"Moderate overlap exists through deep-tech startup scaling expertise, which is relevant to Co-reactive's capital-efficient scaling ambitions and planned capacity expansion to 4M tons annually. However, mentor's technical domain (semiconductors, silicon carbide, nanographics) shows no direct connection to cement production, CO2 mineralization, or construction materials chemistry. Strategic IP management experience may offer some value for protecting Co-reactive's continuous mineralization process innovations.","[{'from': 'mentor', 'quote': 'Manages deep-tech startup programs at CEA-Liten'}, {'from': 'startup', 'quote': 'scaling up their installed plant capacity to 4M tons of materials per annum'}]","['Deep-tech startup program management', 'Scaling experience for hardware-intensive ventures', 'Strategic IP management for process innovation']","[""Mentor's specific experience with materials science or chemical processes"", ""Mentor's track record with capital-intensive manufacturing scale-ups"", ""Mentor's knowledge of construction/cement industry dynamics""]"
startup_010,MENTOR_010,0.48,0.55,"Moderate overlap exists through clean technology focus and startup scaling experience. Jason's clean tech tag and serial entrepreneur background align with Co-reactive's deep-tech scaling needs, but his specific expertise areas (data centers, infrastructure, applied AI) show limited direct relevance to cement production, CO2 mineralization chemistry, or construction materials markets. Insufficient detail on mentor's clean tech domain and investment thesis limits confidence.","[{'from': 'startup', 'quote': 'decarbonizing cement production with a continuous CO2 mineralization technology'}, {'from': 'mentor', 'quote': 'Clean Technology'}]","['Clean technology sector alignment', 'Startup scaling operational experience', 'Investment perspective via family office']","[""Mentor's specific clean tech domain expertise unclear"", ""No detail on mentor's infrastructure focus relevance to construction materials"", ""Mentor's investment thesis and portfolio composition not provided"", ""Depth of mentor's experience with hardware/manufacturing startups unknown""]"
startup_010,MENTOR_011,0.72,0.75,"Strong domain alignment exists between Co-reactive's decarbonization technology for cement production and Lida Preyma's expertise in decarbonization, ESG, and climate finance. The mentor's 25+ years in capital markets, policy influence experience (B20, COP28), and investment focus directly match the startup's need to scale production capacity and achieve €800M revenue by 2035, though specific cement/materials industry experience is not evident.","[{'from': 'startup', 'quote': 'decarbonizing cement production with a continuous CO2 mineralization technology'}, {'from': 'mentor', 'quote': 'Decarbonization; ESG; Risk Assessment; 25+ years Canadian capital markets; climate finance advisor'}]","['Decarbonization domain expertise alignment', 'Climate finance and capital markets experience for scaling', 'Policy influence (COP28, B20) relevant to cement industry regulation', 'Investment expertise for growth to €800M revenue target']","['No evidence of cement/construction materials industry experience', 'Unclear if mentor has European market knowledge (startup in Germany)', ""Limited detail on mentor's specific investment thesis or portfolio companies""]"
startup_010,MENTOR_012,0.68,0.72,"Strong domain overlap exists: the mentor's Climate Tech expertise and Water Treatment background align well with Co-reactive's decarbonization mission in cement production. The mentor's 20+ years in public-private funding, EU government advisory work, and policy influence are highly relevant for a German deep-tech startup targeting large-scale industrial deployment and likely requiring substantial public/private funding mechanisms. However, the mentor profile lacks specific materials science, cement industry, or mineralization technology experience, limiting the score from exceptional to strong.","[{'from': 'startup', 'quote': 'decarbonizing cement production with a continuous CO2 mineralization technology'}, {'from': 'mentor', 'quote': '20+ years public-private funding expertise; advisor to EU governments and European Commission'}]","['Climate Tech domain alignment', 'EU public-private funding expertise', 'Policy influence for industrial scale-up', 'B2B sales relevant to cement industry']","['No cement/materials science expertise mentioned', 'No mineralization or industrial chemistry background', ""Limited detail on mentor's specific Climate Tech sub-domains""]"
startup_010,MENTOR_013,0.22,0.65,"Weak domain overlap. Co-reactive focuses on cement decarbonization and CO2 mineralization technology, while Gia Aradottir's expertise centers on entomology, crop protection, and sustainable agriculture. Some tangential connection exists through sustainability and project management operational skills, but no specific technical or industry alignment with cement/construction materials.","[{'from': 'startup', 'quote': 'decarbonizing cement production with a continuous CO2 mineralization technology'}, {'from': 'mentor', 'quote': 'Entomologist; crop protection & insect ecology expert'}]","['Sustainability focus (both climate-related)', 'Project management operational experience', 'Board governance for scaling ventures']","[""Mentor's detailed bio unavailable"", 'No evidence of materials science or industrial decarbonization experience', 'Unclear if mentor has construction/cement industry exposure']"
startup_010,MENTOR_014,0.28,0.65,"Weak domain overlap exists through shared sustainability/climate focus and B2B scaling challenges, but mentor's expertise in vertical farming and agri-tech has limited direct relevance to cement production technology and industrial materials. Brand/communications experience could offer generic value but lacks specificity to industrial decarbonization or construction materials sectors.","[{'from': 'startup', 'quote': 'decarbonizing cement production with a continuous CO2 mineralization technology'}, {'from': 'mentor', 'quote': 'Vertical Farming; Sustainable Agriculture; Agri Tech'}]","['Shared sustainability/climate mission', 'B2B scaling experience', 'Brand-building for impact ventures']","[""Mentor's specific experience with industrial/hard-tech ventures"", ""Mentor's knowledge of construction or materials industries"", ""Details on mentor's scaling strategies beyond agri-tech context""]"
startup_010,MENTOR_015,0.42,0.65,"Moderate overlap exists through Climate Tech alignment and potential IP strategy needs for Co-reactive's novel CO2 mineralization technology. However, the mentor's core expertise in patent litigation and law does not directly match the startup's immediate technical or operational domains (cement production, materials science, scaling manufacturing). The fit is functional rather than domain-specific.","[{'from': 'mentor', 'quote': 'Climate Tech; Health Tech; Biology'}, {'from': 'startup', 'quote': 'continuous CO2 mineralization technology that converts CO2 and calcium/magnesium silicate-based feedstocks into high-performance cement additives'}]","['Climate Tech sector alignment', 'Strategic IP management for novel technology', 'Patent protection for mineralization process']","[""Mentor's specific experience with materials/chemical patents"", ""Mentor's operational or commercialization expertise beyond IP"", ""Startup's current IP strategy or legal needs""]"
startup_010,MENTOR_016,0.58,0.65,"Moderate overlap exists through climate tech domain alignment and scaling expertise. Mentor has climate tech investment experience (70+ investments) and startup scaling background from Eventbrite, relevant to Co-reactive's ambitious scale-up plans (4M tons capacity). However, mentor's technical background (platform engineering, SaaS, marketplace tech) shows limited direct overlap with cement production, materials science, or CO2 mineralization technology.","[{'from': 'mentor', 'quote': '70+ climate tech investments'}, {'from': 'startup', 'quote': 'scaling up their installed plant capacity to 4M tons of materials per annum'}]","['Climate tech sector experience', 'Startup scaling expertise (Eventbrite CTO)', 'Investment and board governance knowledge', 'Growth-stage operational insights']","[""Mentor's specific climate tech sub-sectors (hardware/software focus unclear)"", ""Mentor's experience with capital-intensive or manufacturing businesses"", ""Details on mentor's technical depth in physical/chemical processes""]"
startup_010,MENTOR_017,0.68,0.72,"Strong domain alignment exists between Co-reactive's decarbonization technology for cement production and Aurélie's expertise in climate tech, ESG, and sustainability strategy. Her experience with corporate innovation and sustainability transformation is relevant to scaling a climate-focused industrial venture, though specific expertise in cement/materials science or CO2 mineralization is not evident in the provided text.","[{'from': 'startup', 'quote': 'decarbonizing cement production with a continuous CO2 mineralization technology'}, {'from': 'mentor', 'quote': 'Climate Tech; ESG; Sustainability Strategy; Corporate Innovation'}]","['Climate tech and decarbonization focus', 'ESG and sustainability strategy expertise', 'Corporate innovation experience', 'AI/data analytics for sustainability applications']","[""Mentor's specific experience with industrial/materials sectors"", ""Mentor's knowledge of cement industry or mineralization technologies"", ""Mentor's track record with early-stage deep-tech ventures""]"
startup_010,MENTOR_018,0.68,0.72,"Strong domain overlap exists: the mentor has Climate Tech expertise and deep tech startup scaling experience, directly relevant to Co-reactive's decarbonization technology and growth ambitions (4M tons capacity, €800M revenue by 2035). However, the mentor profile lacks specific cement/materials science or CO2 mineralization details, and no evidence of construction industry GTM experience is provided, limiting confidence in exceptional fit.","[{'from': 'mentor', 'quote': 'Climate Tech; Agri Tech; SaaS; Digital Transformation'}, {'from': 'startup', 'quote': 'scaling up their installed plant capacity to 4M tons of materials per annum'}]","['Climate Tech domain alignment', 'Deep tech startup scaling experience', 'Operations and GTM strategy expertise', '35+ years executive leadership for growth stage']","['No evidence of cement/construction materials industry experience', 'No specific CO2 mineralization or chemical process technology background', 'Mentor bio and detailed profile are empty']"
startup_010,MENTOR_019,0.58,0.65,"Moderate overlap exists between the mentor's climate tech and sustainability strategy expertise and the startup's decarbonization mission in cement production. However, the mentor's profile lacks specific domain knowledge in materials science, cement/construction industry, or industrial-scale CO2 mineralization technology, which are central to Co-reactive's technical and market challenges.","[{'from': 'mentor', 'quote': 'Climate Tech; Deep Tech; Data-Driven Sales; Carbon & Biodiversity'}, {'from': 'startup', 'quote': 'decarbonizing cement production with a continuous CO2 mineralization technology'}]","['Climate tech and carbon focus alignment', 'Startup scaling and fundraising expertise', 'Sustainability strategy relevant to decarbonization mission']","['No evidence of cement/construction industry experience', 'No materials science or industrial process expertise mentioned', 'Mentor bio and detailed profile are empty', 'Unclear depth of deep tech mentorship in hardware/manufacturing contexts']"
startup_010,MENTOR_020,0.72,0.75,"Strong domain alignment exists between Co-reactive's decarbonization technology for cement production and Magnus Eriksson's Climate Tech and Industrial Tech expertise as a deep-tech investor. His investment and board governance experience directly matches the startup's scaling needs (targeting 4M tons capacity and €800M revenue by 2035), though specific cement/materials science expertise is not explicitly documented.","[{'from': 'startup', 'quote': 'decarbonizing cement production with a continuous CO2 mineralization technology that converts CO2 and calcium/magnesium silicate-based feedstocks into high-performance cement additives'}, {'from': 'mentor', 'quote': 'Climate Tech; Nuclear; Semiconductors; Industrial Tech'}]","['Climate Tech investor aligned with decarbonization mission', 'Industrial Tech expertise relevant to cement manufacturing scale-up', 'Deep-tech investment experience for capital-intensive ventures', 'Board governance skills for growth-stage company']","['No specific materials science or cement industry experience documented', ""Limited detail on mentor's portfolio companies or sector depth"", 'Unclear if mentor has experience with German/European industrial markets']"
startup_010,MENTOR_021,0.68,0.75,"Strong domain alignment exists between Co-reactive's decarbonization technology for cement production and Florent's Climate Tech expertise and 20+ years in energy & utilities consulting. His focus on ESG, sustainability strategy, and corporate innovation directly overlaps with Co-reactive's mission to enable CO2-neutral construction and scale climate impact. However, limited specific information about cement/materials industry experience or technical depth in mineralization processes prevents a higher score.","[{'from': 'startup', 'quote': 'decarbonizing cement production with a continuous CO2 mineralization technology'}, {'from': 'mentor', 'quote': 'Global Head Climate Tech; 20+ years energy & utilities consulting'}]","['Climate Tech and decarbonization focus', 'Sustainability strategy expertise', 'Corporate innovation and scaling experience', 'ESG and climate impact measurement']","[""Mentor's specific experience with materials/cement industry"", ""Mentor's technical depth in mineralization or chemical processes"", ""Mentor's track record with hardware/manufacturing startups"", ""Details on mentor's go-to-market or B2B industrial sales experience""]"
startup_010,MENTOR_022,0.48,0.55,"Moderate overlap exists through shared focus on decarbonization and energy/climate solutions, plus the mentor's entrepreneurship/innovation leadership could support scaling a deep-tech venture. However, the mentor's specific expertise in biofuels and energy policy does not directly align with cement production, CO2 mineralization chemistry, or construction materials markets, limiting the depth of domain-specific match.","[{'from': 'startup', 'quote': 'decarbonizing cement production with a continuous CO2 mineralization technology'}, {'from': 'mentor', 'quote': 'Director of Entrepreneurship & Innovation at École Polytechnique; former SATT President; energy policy expert'}]","['Decarbonization/climate focus overlap', 'Entrepreneurship & innovation leadership', 'Energy sector experience', 'Policy influence relevant to climate regulation']","[""Mentor's detailed bio and profile text absent"", 'No evidence of materials science or cement industry expertise', 'Unclear if mentor has experience with hardware/manufacturing scale-up']"
startup_010,MENTOR_023,0.42,0.65,"Moderate overlap exists primarily through ESG expertise and institutional client experience relevant to Co-reactive's climate-focused business model and potential need for large-scale financing. However, the mentor's core background in finance, fintech, and asset management shows limited direct alignment with cement production technology, materials science, or industrial decarbonization operations.","[{'from': 'mentor', 'quote': 'Risk Assessment; ESG; Fintech'}, {'from': 'startup', 'quote': 'decarbonizing cement production with a continuous CO2 mineralization technology'}]","['ESG expertise relevant to decarbonization mission', 'Institutional client experience for scaling capital needs', 'Risk assessment applicable to climate tech ventures']","['No evidence of materials science or industrial manufacturing expertise', 'No clear connection to cement/construction industry', ""Limited detail on mentor's specific ESG domain focus""]"
startup_010,MENTOR_024,0.25,0.3,"Insufficient info. The mentor profile provides only a title (PhD Candidate at Carnegie Mellon) and CDL fellowship status, with no domain expertise, technical background, or operational experience detailed. The startup operates in cement decarbonization and CO2 mineralization—a highly specialized cleantech/materials science domain—but no evidence exists that the mentor has relevant expertise in this area.","[{'from': 'startup', 'quote': 'decarbonizing cement production with a continuous CO2 mineralization technology'}, {'from': 'mentor', 'quote': 'PhD Candidate'}]","['Academic research background (PhD candidate)', 'CDL network exposure']","[""Mentor's research focus or PhD topic"", ""Mentor's technical expertise or domain knowledge"", ""Mentor's operational or industry experience"", ""Mentor's relevant functional skills (e.g., R&D, commercialization, materials science)""]"
startup_010,MENTOR_025,0.22,0.65,"Weak overlap between Co-reactive's cement decarbonization technology and Tobias Suenner's automotive/software-defined vehicle expertise. Potential generic value in joint venture management and consulting experience for scaling industrial operations, but no direct domain, technical, or market alignment with cement production or CO2 mineralization.","[{'from': 'startup', 'quote': 'decarbonizing cement production with a continuous CO2 mineralization technology'}, {'from': 'mentor', 'quote': '30+ years automotive leadership; GM Canada & China; SDV transformation expert'}]","['Industrial scaling experience', 'Joint venture management', 'International operations (Germany-China)']","['No cement/construction materials expertise evident', 'No cleantech or CO2 capture domain experience mentioned', ""Limited detail on mentor's consulting focus areas""]"
startup_010,MENTOR_026,0.28,0.45,"Weak overlap between mentor and startup domains. Co-reactive operates in deep-tech materials science and chemical engineering for cement decarbonization, while the mentor's expertise centers on SaaS, digital transformation, and robotics. The mentor's blockchain/circular economy committee role provides minimal tangential relevance to CO2 mineralization technology, but lacks specific domain knowledge in cement, materials science, or industrial decarbonization processes.","[{'from': 'startup', 'quote': 'decarbonizing cement production with a continuous CO2 mineralization technology that converts CO2 and calcium/magnesium silicate-based feedstocks into high-performance cement additives'}, {'from': 'mentor', 'quote': 'SaaS; Robotics; Digital Transformation'}]","['Circular economy committee tangentially relevant to CO2 storage', 'Operations tag may apply to scaling production capacity', 'Investment experience potentially useful for capital-intensive industrial scale-up']","['No evidence of mentor expertise in materials science, cement industry, or chemical engineering', 'No indication of mentor experience with industrial decarbonization or hard-tech manufacturing', 'Insufficient detail in mentor bio to assess depth of circular economy or sustainability expertise']"
startup_010,MENTOR_027,0.42,0.55,"Moderate overlap exists through industrial operations and scaling expertise. The mentor's background in industrial automation and executive leadership at Siemens provides relevant experience for scaling capital-intensive manufacturing (Co-reactive's cement production plants). However, there is no direct evidence of expertise in materials science, chemical processes, carbon capture, or cement/construction industries, limiting the domain-specific match.","[{'from': 'startup', 'quote': 'scaling up their installed plant capacity to 4M tons of materials per annum'}, {'from': 'mentor', 'quote': 'Former Siemens Executive Committee; ex-McKinsey Global Director'}]","['Industrial scaling and manufacturing operations', 'Executive leadership in capital-intensive sectors', 'M&A expertise for growth strategy']","['No evidence of materials science or chemical engineering expertise', 'No demonstrated experience in cement, construction, or carbon capture sectors', ""Limited detail on mentor's specific operational achievements or industry focus areas""]"
startup_010,MENTOR_028,0.72,0.75,"Strong domain alignment exists between Co-reactive's decarbonization technology for cement production and Julian Gray's climate tech expertise and deep tech venturing background. His experience as former bp CIO & VP Digital Science, combined with investment and consulting operational tags, directly matches the startup's need to scale industrial climate solutions requiring both technical credibility and capital deployment strategy.","[{'from': 'startup', 'quote': 'decarbonizing cement production with a continuous CO2 mineralization technology'}, {'from': 'mentor', 'quote': 'Former bp CIO & VP Digital Science; DeepTech & climate venturing leader'}]","['Climate tech and decarbonization domain expertise', 'Deep tech venturing and scaling experience', 'Investment strategy for capital-intensive industrial solutions', 'Energy sector operational background (bp)']","[""Mentor's specific experience with materials science or cement industry"", ""Details on mentor's investment thesis or portfolio companies"", ""Mentor's geographic focus relative to startup's Germany base""]"
startup_010,MENTOR_029,0.12,0.85,"No credible overlap between mentor's expertise in autonomous systems, safety assurance, EV/mobility, and the startup's focus on CO2 mineralization technology for cement production. The mentor's domain (AI, autonomy, mobility policy) and the startup's domain (materials science, industrial decarbonization, construction) are fundamentally misaligned with no evident intersection points.","[{'from': 'mentor', 'quote': 'Autonomous Systems; Safety Assurance; EV; Mobility'}, {'from': 'startup', 'quote': 'decarbonizing cement production with a continuous CO2 mineralization technology that converts CO2 and calcium/magnesium silicate-based feedstocks into high-performance cement additives'}]","['No domain overlap', 'Unrelated technical expertise', 'Divergent industry focus']",[]
startup_010,MENTOR_030,0.28,0.65,"Weak overlap. The mentor's expertise in M&A, corporate restructuring, and investment banking could provide generic financial/strategic guidance, but there is no evidence of domain knowledge in cleantech, materials science, cement production, or CO2 mineralization. The mentor's tech tags (Fintech, Data Security) are unrelated to Co-reactive's core technology.","[{'from': 'mentor', 'quote': 'M&A; Corporate Restructuring; Investment'}, {'from': 'startup', 'quote': 'decarbonizing cement production with a continuous CO2 mineralization technology'}]","['Financial structuring and M&A experience', 'Investment strategy guidance', 'No cleantech or materials domain expertise']","[""Mentor's experience in cleantech, climate tech, or industrial materials sectors"", ""Mentor's involvement with hardware/capital-intensive ventures"", 'Detailed mentor bio or sector-specific achievements']"
startup_010,MENTOR_031,0.28,0.65,"Weak overlap between mentor's digital marketing expertise and startup's deep-tech cement decarbonization focus. Mentor's 24+ years in digital marketing and connected medical solutions offers generic commercial/marketing guidance but lacks specific domain relevance to industrial materials, cement production, or CO2 mineralization technology. The startup's technical and capital-intensive scaling challenges require specialized industrial, cleantech, or materials science expertise not evident in the mentor profile.","[{'from': 'mentor', 'quote': '24+ years digital marketing; connected medical solutions specialist'}, {'from': 'startup', 'quote': 'decarbonizing cement production with a continuous CO2 mineralization technology that converts CO2 and calcium/magnesium silicate-based feedstocks into high-performance cement additives'}]","['Generic marketing/commercial strategy support', 'Data-driven marketing approach potentially applicable', 'No cement/materials/cleantech domain expertise']","[""Mentor's experience with B2B industrial marketing unclear"", 'No evidence of cleantech, materials science, or heavy industry background', ""Startup's specific go-to-market strategy and customer segments not detailed""]"
startup_010,MENTOR_032,0.72,0.75,"Strong domain alignment exists: Co-reactive operates in climate tech (decarbonizing cement), and Andrew Beswick has explicit Climate Tech expertise. His track record in raising £2bn+ and startup scaling directly matches Co-reactive's capital-intensive scaling ambitions (4M tons capacity, €800M revenue by 2035). However, no specific cement/materials/industrial process expertise is evident in the mentor profile.","[{'from': 'startup', 'quote': 'decarbonizing cement production with a continuous CO2 mineralization technology'}, {'from': 'mentor', 'quote': 'Climate Tech; Raised £2bn+; Startup Scaling'}]","['Climate tech domain overlap', 'Capital raising expertise (£2bn+ vs. scaling needs)', 'Startup scaling experience for growth-stage ambitions', 'Investment and board governance for capital-intensive ventures']","['No evidence of cement/materials/industrial manufacturing expertise', 'Mentor bio and detailed profile are empty', 'Unclear if mentor has experience with hardware/physical product startups']"
startup_010,MENTOR_033,0.72,0.75,"Strong domain overlap exists between Co-reactive's decarbonization technology in cement production and Michael Wilshire's Clean Tech expertise, materials focus, and background in energy policy and analysis at BNEF. His government advisory and policy influence experience is relevant to navigating regulatory frameworks for industrial decarbonization, though specific cement industry expertise is not explicitly stated.","[{'from': 'startup', 'quote': 'decarbonizing cement production with a continuous CO2 mineralization technology that converts CO2 and calcium/magnesium silicate-based feedstocks into high-performance cement additives'}, {'from': 'mentor', 'quote': 'Clean Tech; Materials; Government Advisory; Policy Influence; Former Global Head of Analysis at BNEF; UK energy policymaker'}]","['Clean tech and materials domain alignment', 'Energy/climate policy expertise relevant to industrial decarbonization', 'BNEF analytical background for market assessment', 'Government advisory experience for regulatory navigation']","['No explicit cement or construction materials industry experience mentioned', ""Limited detail on mentor's specific materials technology expertise"", 'Unclear if mentor has experience with CO2 mineralization or carbon capture technologies']"
startup_010,MENTOR_034,0.78,0.85,"Strong domain match: mentor has direct expertise in decarbonization and materials science, which aligns precisely with Co-reactive's CO2 mineralization technology for cement production. Her background as a DAC chemist at Climeworks and current role at a CDR-focused VC provides highly relevant technical and strategic perspective for a carbon removal/storage venture in materials.","[{'from': 'startup', 'quote': 'decarbonizing cement production with a continuous CO2 mineralization technology that converts CO2 and calcium/magnesium silicate-based feedstocks into high-performance cement additives'}, {'from': 'mentor', 'quote': 'Head of Science at CDR-focused VC; former Climeworks DAC chemist; PhD EPFL'}]","['Decarbonization technology expertise', 'Materials science for CO2 conversion', 'Carbon removal/storage domain knowledge', 'Chemistry background for mineralization processes']","[""Mentor's specific materials science sub-domains unclear"", ""Mentor's operational/scaling experience not detailed""]"
startup_011,MENTOR_001,0.28,0.65,"Weak overlap. Mentor's expertise is in renewable energy (solar/wind) legal, policy, and transactions, while the startup focuses on PFAS water treatment chemistry and equipment. Some generic operational/legal/investment experience may transfer, but no direct domain or technical match to water treatment or environmental remediation.","[{'from': 'startup', 'quote': 'equipment and patented chemistry to permanently destroy PFAS in water on-site with no toxic byproducts'}, {'from': 'mentor', 'quote': 'General Counsel for EMEA and Global Head of Transactions at Lightsource bp; 17+ years in renewables'}]","['Legal/regulatory experience (environmental sector)', 'Investment/transaction structuring', 'Policy influence (tangential to environmental compliance)']","['No evidence of water treatment or PFAS domain knowledge', 'No chemistry or environmental remediation background mentioned', 'Unclear if mentor has experience with equipment sales/lease models']"
startup_011,MENTOR_002,0.58,0.72,"Moderate overlap exists through sustainability strategy and industrial operations expertise. Mentor's background in industrial transformation, sustainability leadership at Holcim, and operations management at scale (Schlumberger, Anglo American) provides relevant context for scaling an environmental technology company addressing industrial contamination, though direct water treatment or PFAS-specific experience is not evident.","[{'from': 'mentor', 'quote': 'former Chief Sustainability & Innovation Officer at Holcim; 27+ years at Schlumberger including Angola CEO'}, {'from': 'startup', 'quote': 'on-site PFAS destruction at up to 10x lower cost than landfill/incineration and ~50% cheaper than other viable destruction methods'}]","['Sustainability strategy expertise', 'Industrial operations scaling experience', 'Innovation leadership in large corporations', 'Board-level governance perspective']","['No evidence of water treatment or environmental remediation experience', 'No indication of chemical technology or PFAS domain knowledge', ""Limited detail on mentor's specific innovation portfolio or technical depth""]"
startup_011,MENTOR_003,0.72,0.65,"Strong domain alignment between Enspired's clean technology focus (PFAS destruction equipment) and Julien's 20+ years in sustainable innovation and clean/industrial technology. His experience selling a 100+ employee startup and expertise in business development and strategic partnerships are highly relevant to Enspired's growth targets (100 contracts/year by 2035, $70M revenue). Confidence is moderate due to limited detail on Julien's specific technical domains and startup stage experience.","[{'from': 'mentor', 'quote': '20+ years developing sustainable innovation; sold 100+ employee startup to Screen Japan'}, {'from': 'startup', 'quote': 'targeting 100 new contracts for PFASigator sales or lease per year by 2035, with at least 25% of sales from repeat customers'}]","['Clean technology and sustainability domain overlap', 'Startup exit experience (sold to Screen Japan)', 'Business development and strategic partnerships expertise', 'Industrial technology scaling experience']","[""Julien's specific technical expertise areas within clean tech"", 'Stage of startup Julien sold (early vs. growth)', ""Geographic focus of Julien's experience vs. Enspired's markets""]"
startup_011,MENTOR_004,0.42,0.55,"Moderate overlap exists: the mentor has climate tech expertise and startup scaling experience relevant to Enspired's environmental technology commercialization. However, the mentor's background is primarily in financial services, energy transition, and investment rather than water treatment, environmental chemistry, or PFAS-specific domains. The match is functional (scaling, investment) but lacks deep technical or sector-specific alignment.","[{'from': 'mentor', 'quote': 'Climate Tech; Energy Transition'}, {'from': 'startup', 'quote': 'Enspired Solutions offers equipment and patented chemistry to permanently destroy PFAS in water on-site'}]","['Climate tech / environmental focus alignment', 'Startup scaling and investment expertise', 'Board governance for growth-stage companies']","['No evidence of water treatment or environmental remediation expertise', 'No indication of PFAS or chemical technology knowledge', ""Limited detail on mentor's specific climate tech domains beyond energy transition""]"
startup_011,MENTOR_005,0.42,0.55,"Moderate overlap exists through climate tech relevance and policy/government advisory experience that could help navigate PFAS regulatory landscape. However, mentor's core expertise in quantum and systems design engineering shows no direct connection to water treatment chemistry or PFAS destruction technology. Insufficient detail in mentor profile limits confidence in assessing operational or technical fit.","[{'from': 'startup', 'quote': 'Enspired Solutions offers equipment and patented chemistry to permanently destroy PFAS in water on-site with no toxic byproducts.'}, {'from': 'mentor', 'quote': 'Founder of How to Change the World; former Head of UCL STEaPP; adjunct professor; 12+ patents; 100+ publications'}]","['Climate tech domain alignment', 'Policy/government advisory for regulatory navigation', 'Patent experience relevant to IP strategy']","[""No detail on mentor's climate tech focus areas"", 'Unclear if policy experience relates to environmental/water regulation', ""No information on mentor's operational scaling experience"", 'Quantum/systems engineering relevance to water treatment unclear']"
startup_011,MENTOR_006,0.48,0.65,"Moderate overlap exists: Enspired is a cleantech/environmental startup addressing PFAS contamination, and Arnaud has cleantech commercial development and sustainability strategy experience. However, his focus on renewable energy systems and ESG strategy is adjacent rather than directly aligned with water treatment chemistry or PFAS destruction technology. The match is functional (cleantech commercialization) but not domain-specific (water/chemical remediation).","[{'from': 'startup', 'quote': 'Enspired Solutions offers equipment and patented chemistry to permanently destroy PFAS in water on-site with no toxic byproducts.'}, {'from': 'mentor', 'quote': 'Cleantech Commercial Development; Sustainability Strategy; 20+ years global experience; ESG strategy'}]","['Cleantech commercialization expertise', 'Sustainability/environmental focus alignment', 'ESG and responsible innovation framing']","[""Mentor's specific experience in water treatment or chemical remediation"", ""Mentor's track record with hardware/equipment startups vs. software/services"", ""Details on mentor's cleantech commercial development outcomes""]"
startup_011,MENTOR_007,0.73,0.8,"Strong domain overlap: mentor has deep expertise in hazardous waste destruction (nuclear waste management via Kurion) and materials science, directly relevant to Enspired's PFAS destruction chemistry and equipment. Mentor's experience scaling a cleantech startup to $350M acquisition and current role in climate tech investment align well with Enspired's commercialization stage and environmental mission.","[{'from': 'mentor', 'quote': 'Co-founder & CTO of Kurion; Fukushima deployment; acquired by Veolia for $350M'}, {'from': 'startup', 'quote': 'equipment and patented chemistry to permanently destroy PFAS in water on-site with no toxic byproducts'}]","['Hazardous waste destruction expertise (nuclear → PFAS)', 'Materials science & chemistry background', 'Cleantech scaling & exit experience', 'Climate tech investment perspective']","[""Mentor's specific technical depth in water treatment or chemical destruction processes"", ""Mentor's experience with B2B equipment sales models""]"
startup_011,MENTOR_008,0.68,0.72,"Strong domain alignment: Lisa's 27-year McKinsey background in sustainability and industrial focus directly matches Enspired's environmental remediation mission and industrial client base. Her expertise in ESG, Climate Tech, and advising European green tech investors is highly relevant to a PFAS destruction startup targeting commercial contracts. However, no specific water treatment, chemistry, or regulatory expertise is evident, limiting the score.","[{'from': 'mentor', 'quote': '27 years McKinsey Senior Partner; sustainability & industrial focus; advises European green tech investors'}, {'from': 'startup', 'quote': 'Enspired Solutions offers equipment and patented chemistry to permanently destroy PFAS in water on-site with no toxic byproducts.'}]","['Sustainability and industrial expertise', 'Climate Tech and ESG alignment', 'Green tech investor advisory experience', 'M&A and consulting for scaling']","['No evidence of water treatment or chemistry domain knowledge', 'No indication of US market or regulatory experience', 'Unclear if industrial focus includes environmental remediation sector']"
startup_011,MENTOR_009,0.28,0.55,"Weak domain overlap. Enspired focuses on water treatment chemistry (PFAS destruction), while Céline's expertise centers on semiconductor technology, silicon carbide, and nanographics—unrelated technical domains. Her operational experience in startup scaling and IP management offers generic value but lacks specific relevance to environmental chemistry or water treatment markets.","[{'from': 'startup', 'quote': 'patented chemistry to permanently destroy PFAS in water on-site with no toxic byproducts'}, {'from': 'mentor', 'quote': 'Semiconductor Technology; Silicon Carbide; Nanographics'}]","['Startup scaling experience', 'Strategic IP management', 'Deep-tech program management']","[""Mentor's experience in environmental/chemical sectors unclear"", ""Mentor's knowledge of water treatment or regulatory markets not provided"", ""Startup's specific IP strategy or scaling challenges not detailed""]"
startup_011,MENTOR_010,0.42,0.55,"Moderate overlap exists through clean technology domain and startup scaling expertise. Jason's experience as a serial entrepreneur and investor aligns with Enspired's growth trajectory toward 100 contracts/year by 2035, though his specific tech tags (Data Centers, Infrastructure, Applied AI) do not directly intersect with PFAS water treatment chemistry and equipment.","[{'from': 'mentor', 'quote': 'Clean Technology'}, {'from': 'startup', 'quote': 'Enspired is targeting 100 new contracts for PFASigator sales or lease per year by 2035'}]","['Clean technology domain overlap', 'Startup scaling and growth expertise', 'Serial entrepreneur with exit experience', 'Investment perspective via family office']","[""Mentor's specific clean tech experience details"", ""Mentor's familiarity with hardware/equipment businesses"", ""Mentor's experience with B2B sales models or environmental markets""]"
startup_011,MENTOR_011,0.48,0.55,"Moderate overlap exists: the mentor's ESG/decarbonization focus and capital markets expertise align with Enspired's environmental mission (PFAS destruction) and likely need for investment/policy navigation. However, the mentor's profile lacks specific water treatment, chemical remediation, or industrial equipment domain expertise, limiting the depth of technical or operational fit.","[{'from': 'startup', 'quote': 'permanently destroy PFAS in water on-site with no toxic byproducts'}, {'from': 'mentor', 'quote': 'Decarbonization; ESG; Risk Assessment'}]","['ESG/environmental mission alignment', 'Capital markets and investment expertise', 'Policy influence relevant to environmental regulation']","[""Mentor's specific experience in water/chemical sectors"", ""Mentor's track record with hardware or equipment companies"", 'Detailed mentor bio or past portfolio companies']"
startup_011,MENTOR_012,0.68,0.72,"Strong domain overlap exists: mentor has 'Water Treatment' and 'Climate Tech' expertise directly matching Enspired's PFAS water treatment technology. Mentor's B2B sales and EU policy/funding experience align with Enspired's commercial scaling goals and potential regulatory landscape. However, limited detail on mentor's specific technical depth in water chemistry or US market experience reduces confidence.","[{'from': 'mentor', 'quote': 'Water Treatment; Climate Tech'}, {'from': 'startup', 'quote': 'equipment and patented chemistry to permanently destroy PFAS in water on-site'}]","['Water treatment domain expertise', 'Climate tech sector alignment', 'B2B sales experience for commercial scaling', 'Public-private funding navigation']","[""Mentor's specific technical depth in water chemistry or PFAS"", ""Mentor's US market experience (startup is US-based)"", ""Details on mentor's direct operational experience vs advisory roles""]"
startup_011,MENTOR_013,0.22,0.65,"Weak domain overlap. Enspired focuses on PFAS water treatment chemistry and equipment, while Gia specializes in agri-tech, entomology, and crop protection. Some operational tags (project management, investment) provide generic relevance, but no specific technical or domain match to water treatment, environmental remediation, or PFAS chemistry.","[{'from': 'startup', 'quote': 'equipment and patented chemistry to permanently destroy PFAS in water on-site with no toxic byproducts'}, {'from': 'mentor', 'quote': 'Entomologist; Programme Leader at NIAB; PhD Imperial College; crop protection & insect ecology expert'}]","['Project management experience', 'Investment/board governance (generic operational fit)', 'No technical domain overlap (agri vs. water treatment)']","[""Mentor's detailed bio unavailable"", 'No evidence of water/environmental chemistry expertise', 'Unclear if mentor has experience in environmental remediation or regulatory markets']"
startup_011,MENTOR_014,0.22,0.65,"Weak domain overlap. Enspired operates in water treatment/environmental remediation (PFAS destruction), while Osnat's expertise is in vertical farming, sustainable agriculture, and agri-tech. Some transferable skills in startup scaling and brand building exist, but no specific technical, operational, or market alignment with water/chemical treatment sectors. Insufficient info on mentor's broader experience beyond agriculture.","[{'from': 'startup', 'quote': 'equipment and patented chemistry to permanently destroy PFAS in water on-site with no toxic byproducts'}, {'from': 'mentor', 'quote': 'Vertical Farming; Sustainable Agriculture; Agri Tech'}]","['Startup scaling experience', 'Sustainability focus (environmental)', 'Brand/communications expertise']","[""Mentor's experience outside agriculture/agri-tech"", ""Mentor's knowledge of water treatment, environmental remediation, or chemical engineering"", ""Mentor's network in industrial/municipal water sectors""]"
startup_011,MENTOR_015,0.58,0.65,"Moderate overlap exists: Enspired operates in environmental/health tech (PFAS destruction addressing health harms), and Alexander has Climate Tech and Health Tech tags plus strategic IP management expertise. The patented chemistry suggests IP protection is relevant. However, mentor profile lacks operational, commercialization, or water treatment domain specifics that would create stronger alignment.","[{'from': 'startup', 'quote': 'patented chemistry to permanently destroy PFAS in water on-site with no toxic byproducts'}, {'from': 'mentor', 'quote': 'Strategic IP Management; Law'}]","['Patent/IP strategy for proprietary chemistry', 'Climate Tech and Health Tech domain tags', 'EPO litigation expertise for international protection']","[""Mentor's operational or commercialization experience unclear"", 'No evidence of water treatment or environmental remediation domain knowledge', ""Startup's specific IP challenges or international expansion plans not provided""]"
startup_011,MENTOR_016,0.42,0.65,"Moderate overlap exists through climate tech investment expertise and startup scaling experience relevant to Enspired's growth ambitions. However, mentor's background is heavily software/platform-focused (SaaS, marketplace, Eventbrite CTO) with limited apparent connection to hardware, chemistry, or environmental remediation sectors that define Enspired's core business.","[{'from': 'mentor', 'quote': '70+ climate tech investments'}, {'from': 'startup', 'quote': 'targeting 100 new contracts for PFASigator sales or lease per year by 2035'}]","['Climate tech investment experience', 'Startup scaling expertise', 'Board governance for growth-stage companies']","['No evidence of hardware/equipment business experience', 'No indication of chemistry, water treatment, or environmental sector knowledge', 'Unclear if climate tech investments include cleantech hardware or B2B equipment models']"
startup_011,MENTOR_017,0.42,0.55,"Moderate overlap exists through ESG/sustainability lens and climate tech relevance, as PFAS destruction addresses environmental contamination. However, mentor's expertise centers on corporate ESG strategy, compliance (CSRD/ESRS), and AI-driven sustainability transformation rather than water treatment technology, chemical engineering, or environmental remediation operations that would directly match Enspired's core business.","[{'from': 'startup', 'quote': 'permanently destroy PFAS in water on-site with no toxic byproducts'}, {'from': 'mentor', 'quote': 'Global ESG leader; CSRD & ESRS expert; AI-driven sustainability transformation'}]","['Climate tech / environmental sustainability alignment', 'ESG positioning for corporate customers', 'Sustainability strategy framing']","[""Mentor's technical depth in water/chemical treatment unclear"", ""Mentor's experience with B2B environmental tech sales/operations not specified"", ""Startup's specific ESG compliance needs not detailed""]"
startup_011,MENTOR_018,0.42,0.55,"Moderate overlap exists through Climate Tech alignment and startup scaling expertise relevant to Enspired's growth targets. However, mentor's domain experience (fintech, agritech, SaaS) does not directly intersect with water treatment, environmental chemistry, or PFAS remediation technology. Insufficient detail on mentor's deep tech experience limits confidence in assessing technical fit.","[{'from': 'mentor', 'quote': 'Climate Tech; Agri Tech; SaaS; Digital Transformation'}, {'from': 'startup', 'quote': 'targeting 100 new contracts for PFASigator sales or lease per year by 2035'}]","['Climate Tech tag alignment', 'Startup scaling expertise for growth targets', 'GTM strategy for B2B equipment sales', 'Operations experience for scaling hardware']","[""Mentor's specific deep tech experience details"", ""Mentor's hardware/equipment business experience"", ""Mentor's environmental sector knowledge"", ""Mentor's chemistry or water treatment domain expertise""]"
startup_011,MENTOR_019,0.42,0.55,"Moderate overlap exists: the mentor's climate tech and sustainability strategy expertise aligns with Enspired's environmental mission (PFAS destruction). However, the mentor's profile lacks specific domain knowledge in water treatment, chemistry, or environmental remediation. The match is primarily at the operational level (scaling, fundraising) rather than deep technical or sector-specific alignment.","[{'from': 'startup', 'quote': 'offers on-site PFAS destruction at up to 10x lower cost than landfill/incineration'}, {'from': 'mentor', 'quote': 'Climate Tech; Deep Tech; Data-Driven Sales; Carbon & Biodiversity'}]","['Climate tech and sustainability alignment', 'Startup scaling and fundraising expertise', 'Data-driven sales for B2B growth']","['No evidence of water treatment or environmental remediation expertise', 'No chemistry or PFAS-specific domain knowledge mentioned', ""Limited detail on mentor's actual experience depth""]"
startup_011,MENTOR_020,0.52,0.65,"Moderate overlap exists. Magnus has deep-tech investment expertise and climate tech focus, which aligns with Enspired's environmental technology and capital needs. However, his specific domain tags (nuclear, semiconductors, industrial tech) don't directly match water treatment or PFAS chemistry, limiting the strength of technical domain fit.","[{'from': 'mentor', 'quote': 'Climate Tech; Nuclear; Semiconductors; Industrial Tech'}, {'from': 'startup', 'quote': 'equipment and patented chemistry to permanently destroy PFAS in water on-site with no toxic byproducts'}]","['Climate/environmental tech investor alignment', 'Deep-tech investment experience', 'Board governance expertise for scaling', 'Industrial tech tangential relevance']","[""Mentor's specific experience with water/environmental remediation technologies"", ""Mentor's track record with chemical process or regulatory-heavy businesses"", ""Details on mentor's portfolio companies or investment thesis depth""]"
startup_011,MENTOR_021,0.42,0.55,"Moderate overlap exists through climate/sustainability focus and corporate innovation experience. Mentor's climate tech and ESG expertise at Capgemini could provide strategic guidance for Enspired's environmental solution. However, mentor profile lacks specific water treatment, chemical engineering, or environmental remediation expertise that would create stronger domain alignment with PFAS destruction technology.","[{'from': 'startup', 'quote': 'permanently destroy PFAS in water on-site with no toxic byproducts'}, {'from': 'mentor', 'quote': 'Global Head Climate Tech; ESG; Climate Tech; Sustainability Strategy'}]","['Climate/environmental tech alignment', 'Corporate sustainability strategy experience', 'Energy & utilities consulting background', 'ESG and innovation expertise']","['No evidence of water treatment or chemical technology expertise', 'No specific environmental remediation experience mentioned', ""Limited detail on mentor's technical depth vs. strategic focus"", 'Unclear if energy/utilities experience includes water sector']"
startup_011,MENTOR_022,0.42,0.55,"Moderate overlap exists through environmental technology commercialization and policy navigation. The mentor's energy/cleantech background and entrepreneurship leadership at École Polytechnique provides relevant commercialization expertise for a hardware-based environmental solution. However, the mentor's focus on biofuels/energy differs substantially from water treatment and PFAS chemistry, limiting technical domain alignment.","[{'from': 'startup', 'quote': 'equipment and patented chemistry to permanently destroy PFAS in water on-site'}, {'from': 'mentor', 'quote': 'Director of Entrepreneurship & Innovation at École Polytechnique; former SATT President; energy policy expert'}]","['Cleantech commercialization experience', 'Policy navigation expertise for regulated markets', 'Hardware/equipment business model familiarity', 'Entrepreneurship program leadership']","[""Mentor's specific experience with water treatment or chemical technologies"", ""Mentor's track record with B2B equipment sales models"", ""Mentor's familiarity with US environmental regulations"", 'Detailed mentor bio and profile text']"
startup_011,MENTOR_023,0.28,0.65,"Weak overlap. Mentor's expertise is in finance, institutional sales, and ESG, which could provide generic business/fundraising guidance. However, there is no evidence of domain knowledge in environmental technology, water treatment, chemistry, or PFAS remediation—the core technical and operational areas of Enspired Solutions.","[{'from': 'mentor', 'quote': '35 years global finance leadership; former Amundi Global Head of Sales'}, {'from': 'startup', 'quote': 'patented chemistry to permanently destroy PFAS in water on-site with no toxic byproducts'}]","['ESG relevance to environmental impact', 'Finance/fundraising experience', 'Institutional client sales background']","['No evidence of environmental tech or water treatment expertise', 'No indication of B2B sales in industrial/municipal sectors', ""Insufficient detail on mentor's ESG focus areas""]"
startup_011,MENTOR_024,0.25,0.3,"Insufficient info. The mentor profile provides only academic affiliation (PhD Candidate at Carnegie Mellon) and CDL Fellow status, with no domain expertise, functional experience, or technical background disclosed. Cannot assess meaningful overlap with Enspired's PFAS destruction technology, environmental chemistry, or B2B equipment sales model.","[{'from': 'mentor', 'quote': 'PhD Candidate'}, {'from': 'startup', 'quote': 'equipment and patented chemistry to permanently destroy PFAS in water on-site'}]","['Academic research background (PhD level)', 'CDL ecosystem familiarity']","[""Mentor's research domain/technical focus"", ""Mentor's industry experience or functional expertise"", ""Mentor's relevant technology tags or operational tags"", ""Mentor's bio or detailed background""]"
startup_011,MENTOR_025,0.12,0.85,"No credible overlap between mentor's automotive/software-defined vehicle expertise and startup's environmental chemistry/PFAS destruction technology. The mentor's 30+ years in automotive leadership, EV, and autonomous vehicles has no apparent relevance to on-site water treatment chemistry or environmental remediation markets.","[{'from': 'startup', 'quote': 'equipment and patented chemistry to permanently destroy PFAS in water on-site with no toxic byproducts'}, {'from': 'mentor', 'quote': '30+ years automotive leadership; GM Canada & China; SDV transformation expert'}]","['No domain overlap (automotive vs environmental chemistry)', 'No technology overlap (SDV/EV vs water treatment)', 'No market overlap (automotive vs environmental remediation)']",[]
startup_011,MENTOR_026,0.28,0.45,"Weak overlap between mentor's digital transformation/SaaS/robotics expertise and startup's hardware-chemistry PFAS destruction technology. Operations experience may offer generic business guidance, but no evidence of environmental tech, water treatment, chemistry, or regulatory domain knowledge relevant to Enspired's core business.","[{'from': 'startup', 'quote': 'equipment and patented chemistry to permanently destroy PFAS in water on-site'}, {'from': 'mentor', 'quote': 'SaaS; Robotics; Digital Transformation'}]","['Operations experience (generic)', 'Investment background (potential capital guidance)']","['No environmental technology expertise evident', 'No water treatment or chemistry domain knowledge', 'No regulatory/compliance experience for PFAS', 'Minimal mentor bio/profile detail provided']"
startup_011,MENTOR_027,0.28,0.65,"Weak domain overlap. Enspired operates in environmental chemistry/water treatment, while the mentor's expertise centers on robotics, industrial automation, and space tech. The mentor's M&A and executive experience at Siemens could provide generic strategic guidance, but there is no specific match to PFAS destruction chemistry, environmental remediation markets, or water treatment operations.","[{'from': 'startup', 'quote': 'equipment and patented chemistry to permanently destroy PFAS in water on-site with no toxic byproducts'}, {'from': 'mentor', 'quote': 'Robotics; Industrial Automation; Space Tech'}]","['M&A experience for potential exits or partnerships', 'Executive leadership at large industrial firm (Siemens)', 'Generic strategic/operational guidance']","['No evidence of environmental tech, chemistry, or water treatment expertise', 'No indication of regulatory/compliance experience in environmental sectors', 'Unclear if mentor has experience scaling hardware/chemical product companies']"
startup_011,MENTOR_028,0.58,0.65,"Moderate overlap exists through climate tech alignment and investment expertise relevant to Enspired's environmental remediation business. However, mentor's specific domain experience (offshore wind, biotechnology, sensors) shows limited direct connection to PFAS destruction chemistry or water treatment operations. The investment and consulting background provides general strategic value but lacks demonstrated expertise in chemical remediation or environmental services sectors.","[{'from': 'mentor', 'quote': 'DeepTech & climate venturing leader'}, {'from': 'startup', 'quote': 'equipment and patented chemistry to permanently destroy PFAS in water on-site with no toxic byproducts'}]","['Climate tech investment experience', 'DeepTech venture leadership', 'Strategic consulting background']","['No evidence of water treatment or environmental remediation expertise', 'No demonstrated experience in chemical processing or PFAS-related sectors', ""Limited detail on mentor's specific investment portfolio or consulting focus areas""]"
startup_011,MENTOR_029,0.12,0.85,"No credible overlap between mentor's expertise (autonomous systems, AI, mobility, EV) and startup's domain (PFAS water treatment chemistry and equipment). The mentor's policy/government advisory experience does not align with the startup's technical chemistry focus or commercial water treatment market. Insufficient info to identify any meaningful intersection.","[{'from': 'startup', 'quote': 'equipment and patented chemistry to permanently destroy PFAS in water on-site with no toxic byproducts'}, {'from': 'mentor', 'quote': 'Autonomous Systems; Safety Assurance; EV; Mobility'}]","['No domain overlap', 'Unrelated technical expertise', 'Different market sectors']","['No evidence of mentor expertise in chemistry, water treatment, environmental remediation, or related regulatory frameworks', 'No indication of startup needs in autonomy, AI, or mobility sectors']"
startup_011,MENTOR_030,0.28,0.65,"Weak overlap. The mentor's expertise in M&A, corporate restructuring, and investment banking could provide generic financial/strategic guidance, but there is no evidence of domain knowledge in environmental technology, water treatment, chemistry, or cleantech sectors. The mentor's tech tags (Fintech, Data Security) are unrelated to PFAS destruction technology.","[{'from': 'mentor', 'quote': 'M&A; Corporate Restructuring; Investment'}, {'from': 'startup', 'quote': 'equipment and patented chemistry to permanently destroy PFAS in water on-site'}]","['Financial structuring expertise', 'M&A experience for potential exits', 'Investment strategy guidance']","['No evidence of cleantech or environmental sector experience', 'No indication of chemistry/water treatment domain knowledge', 'Unclear if mentor has worked with hardware/equipment companies', ""No information on mentor's experience with B2B sales models or recurring revenue businesses""]"
startup_011,MENTOR_031,0.28,0.55,"Weak overlap. Mentor has deep digital marketing expertise, which could help Enspired with customer acquisition and positioning, but lacks specific domain knowledge in environmental technology, water treatment, or B2B industrial equipment sales. The mentor's background in connected medical solutions does not translate directly to PFAS destruction equipment.","[{'from': 'mentor', 'quote': '24+ years digital marketing; connected medical solutions specialist'}, {'from': 'startup', 'quote': 'offers equipment and patented chemistry to permanently destroy PFAS in water on-site'}]","['Marketing expertise for customer acquisition', 'Data-driven marketing for B2B positioning', 'General digital communications capability']","['No evidence of environmental tech or industrial equipment experience', 'No indication of B2B sales or regulatory market knowledge', 'Unclear if marketing experience translates to technical product positioning']"
startup_011,MENTOR_032,0.42,0.55,"Moderate overlap exists through Climate Tech alignment (PFAS remediation is environmental/climate-adjacent) and the mentor's startup scaling and investment expertise, which could support Enspired's growth trajectory toward 100 contracts/year by 2035. However, the mentor's domain focus (Space Tech, Energy, Fintech) does not directly intersect with water treatment, environmental chemistry, or PFAS-specific regulatory/technical challenges, limiting the depth of match.","[{'from': 'mentor', 'quote': 'Climate Tech; Space Tech; Energy; Fintech'}, {'from': 'startup', 'quote': 'targeting 100 new contracts for PFASigator sales or lease per year by 2035'}]","['Climate Tech tag aligns with environmental mission', 'Startup Scaling expertise relevant to growth targets', 'Investment/fundraising experience (£2bn+ raised)', 'Board Governance for maturing company structure']","['No evidence of water treatment or environmental chemistry expertise', 'No mention of regulatory/compliance experience in environmental sector', 'Mentor bio and detailed profile are empty, limiting assessment depth']"
startup_011,MENTOR_033,0.68,0.72,"Strong domain overlap exists: Enspired operates in environmental remediation (PFAS destruction), which aligns with Michael's Clean Tech expertise and former role as Global Head of Analysis at BNEF (Bloomberg New Energy Finance). His background in energy policy and government advisory could support Enspired's regulatory navigation and market positioning in environmental compliance sectors. However, specificity is limited by brief mentor profile.","[{'from': 'startup', 'quote': 'offers on-site PFAS destruction at up to 10x lower cost than landfill/incineration'}, {'from': 'mentor', 'quote': 'Former Global Head of Analysis at BNEF; ex-McKinsey Partner; UK energy policymaker'}]","['Clean Tech domain alignment', 'Policy/regulatory expertise for environmental compliance', 'Strategic analysis background (BNEF, McKinsey)', 'Government advisory experience']","[""Mentor's specific clean tech focus areas unclear"", ""No detail on mentor's water/environmental remediation experience"", ""Limited information on mentor's operational scaling expertise""]"
startup_011,MENTOR_034,0.42,0.65,"Moderate overlap exists through chemistry/materials science expertise relevant to Enspired's patented PFAS destruction chemistry. However, mentor's focus on carbon removal and DAC (direct air capture) differs substantially from water treatment and PFAS remediation, limiting direct domain alignment.","[{'from': 'startup', 'quote': 'patented chemistry to permanently destroy PFAS in water on-site with no toxic byproducts'}, {'from': 'mentor', 'quote': 'former Climeworks DAC chemist; PhD EPFL'}]","['Chemistry/materials science expertise', 'Scaling deep-tech environmental solutions', 'VC perspective on cleantech commercialization']","[""Mentor's specific chemistry subdomain expertise"", ""Mentor's experience with water treatment or remediation technologies"", ""Details on mentor's operational scaling experience beyond DAC""]"
startup_012,MENTOR_001,0.42,0.65,"Moderate overlap exists: Aerleum operates in decarbonization/clean energy, and Alexandra has deep renewables sector experience (17+ years) with transactional and policy expertise. However, her specialization is in solar/wind energy and renewable project finance, not carbon capture, e-methanol production, or chemical process technology, limiting direct domain alignment.","[{'from': 'startup', 'quote': 'captures CO, directly from ambient air or industrial flue gases and converts it into e-methanol'}, {'from': 'mentor', 'quote': 'General Counsel for EMEA and Global Head of Transactions at Lightsource bp; 17+ years in renewables'}]","['Renewables/clean energy sector experience', 'Transactional and legal structuring expertise', 'Policy and regulatory navigation (Solar Energy UK board)']","[""Mentor's experience with carbon capture or chemical conversion technologies"", ""Mentor's familiarity with e-fuels or methanol markets"", ""Startup's specific legal, regulatory, or transaction needs""]"
startup_012,MENTOR_002,0.72,0.78,"Strong domain alignment exists between Aerleum's CO2 capture-to-methanol technology and Magali Anderson's extensive experience in industrial transformation, energy, and sustainability strategy. Her 27+ years in energy-intensive industries (Schlumberger, Holcim) and current board roles focused on sustainability provide relevant operational and strategic context for a cleantech startup targeting fossil fuel displacement.","[{'from': 'startup', 'quote': 'captures CO, directly from ambient air or industrial flue gases and converts it into e-methanol'}, {'from': 'mentor', 'quote': 'former Chief Sustainability & Innovation Officer at Holcim; 27+ years at Schlumberger including Angola CEO'}]","['Industrial decarbonization expertise', 'Energy sector operational experience', 'Sustainability strategy leadership', 'Board-level governance in materials/mining']","[""Mentor's specific technical depth in chemical processes or carbon capture"", ""Mentor's experience with early-stage venture scaling vs. large corporate roles"", ""Startup's current stage details (funding, pilot status, commercial traction)""]"
startup_012,MENTOR_003,0.72,0.65,Strong domain alignment exists between Aerleum's clean technology focus (CO2 capture and e-methanol conversion) and Julien's 20+ years in sustainable innovation and clean/industrial technology. His experience selling a 100+ employee startup and leading investment/partnerships is relevant to Aerleum's commercialization trajectory. Confidence is moderate due to limited detail on Julien's specific technical depth in carbon capture or methanol synthesis.,"[{'from': 'startup', 'quote': 'captures CO, directly from ambient air or industrial flue gases and converts it into e-methanol using a proprietary bi- functional material'}, {'from': 'mentor', 'quote': '20+ years developing sustainable innovation; sold 100+ employee startup to Screen Japan'}]","['Clean technology and sustainability domain overlap', 'Industrial technology experience', 'Startup scaling and exit experience', 'Strategic partnerships and business development expertise']","[""Mentor's specific technical expertise in carbon capture or chemical conversion"", ""Details on mentor's portfolio companies or investment thesis"", ""Mentor's network in methanol/fuel markets or industrial decarbonization""]"
startup_012,MENTOR_004,0.68,0.72,"Strong domain alignment exists: Aerleum operates in climate tech/energy transition (CO2 capture to e-methanol), and Elizabeth Grier has explicit expertise in Climate Tech and Energy Transition, plus experience in venture capital and startup scaling. Her role at BRITE Energy Innovators (partnerships development for energy innovators) directly overlaps with Aerleum's sector. However, limited detail on her technical depth in carbon capture or methanol production prevents a higher score.","[{'from': 'startup', 'quote': 'captures CO, directly from ambient air or industrial flue gases and converts it into e-methanol'}, {'from': 'mentor', 'quote': 'Climate Tech; Energy Transition'}]","['Climate tech and energy transition domain overlap', 'Venture capital and investment experience relevant to scaling', 'BRITE Energy Innovators partnerships role aligns with energy innovation sector', 'Board governance and startup scaling operational expertise']","[""Mentor's specific technical knowledge in carbon capture or methanol production unclear"", ""Depth of mentor's experience with hardware/chemical process startups not specified"", ""Mentor's geographic focus or European market experience not mentioned""]"
startup_012,MENTOR_005,0.68,0.72,"Strong domain alignment exists: Aerleum is a climate tech startup developing CO2 capture-to-conversion technology, and Jason Blackstock has explicit climate tech expertise, policy influence capabilities, and government advisory experience. His background in systems design engineering and policy (former Head of UCL STEaPP) aligns well with Aerleum's need to navigate technical innovation and regulatory/policy landscapes for industrial decarbonization. However, specifics on his direct experience with carbon capture, methanol production, or chemical process engineering are not provided, limiting confidence in technical depth match.","[{'from': 'startup', 'quote': 'captures CO, directly from ambient air or industrial flue gases and converts it into e-methanol'}, {'from': 'mentor', 'quote': 'Climate Tech; Investment; Policy Influence; Government Advisory'}]","['Climate tech domain expertise', 'Policy and government advisory experience', 'Systems design engineering background', 'Investment and scaling experience']","[""Mentor's specific experience with carbon capture or chemical conversion technologies"", ""Mentor's track record with industrial decarbonization startups"", ""Details on mentor's 12+ patents and whether any relate to climate/energy""]"
startup_012,MENTOR_006,0.72,0.78,"Strong domain alignment: Aerleum's CO2 capture-to-methanol technology directly intersects with Arnaud's renewable energy systems expertise, cleantech commercial development experience, and sustainability strategy background. His 20+ years working with major energy players (ENGIE) and cleantech commercialization provides relevant operational and strategic context for a deep-tech climate startup targeting cost parity with fossil fuels.","[{'from': 'startup', 'quote': 'captures CO, directly from ambient air or industrial flue gases and converts it into e-methanol'}, {'from': 'mentor', 'quote': 'Renewable Energy Systems; ESG; Energy; Cleantech Commercial Development; Sustainability Strategy; worked with ENGIE'}]","['Renewable energy systems expertise matches e-methanol production', 'Cleantech commercial development aligns with cost-parity goals', 'ENGIE experience relevant to industrial energy transition', 'Sustainability strategy fits net-zero decarbonization mission']","[""Mentor's specific technical depth in carbon capture or chemical conversion unclear"", ""Mentor's experience with early-stage deep-tech scaling not detailed""]"
startup_012,MENTOR_007,0.73,0.8,"Strong domain alignment: Gaetan has deep climate tech investment expertise at Breakthrough Energy Ventures Europe, directly relevant to Aerleum's carbon capture and e-methanol technology. His materials science PhD and startup scaling experience (Kurion CTO, $350M exit) match Aerleum's proprietary bi-functional material innovation and growth stage needs. The climate tech focus and European context provide additional strategic overlap.","[{'from': 'mentor', 'quote': 'Managing Director Breakthrough Energy Ventures Europe Climate Tech'}, {'from': 'startup', 'quote': 'proprietary bi-functional material integrates the entire capture-to-conversion process into a single efficient system'}]","['Climate tech investment expertise', 'Materials science PhD background', 'Startup scaling and exit experience', 'European climate tech ecosystem']","[""Mentor's specific experience with carbon capture or chemical conversion technologies"", ""Details on mentor's investment thesis or portfolio companies""]"
startup_012,MENTOR_008,0.72,0.75,Strong domain alignment: Lisa Aberg's 27 years as McKinsey Senior Partner with sustainability and industrial focus directly matches Aerleum's climate tech mission (CO2 capture-to-methanol for industrial decarbonization). Her expertise advising European green tech investors and M&A/consulting operations aligns well with a French climate tech startup targeting cost parity and scale. Moderate confidence due to limited detail on her specific technical depth in carbon capture or e-fuels.,"[{'from': 'mentor', 'quote': '27 years McKinsey Senior Partner; sustainability & industrial focus; advises European green tech investors'}, {'from': 'startup', 'quote': 'captures CO, directly from ambient air or industrial flue gases and converts it into e-methanol'}]","['Sustainability & industrial decarbonization expertise', 'European green tech investor advisory experience', 'M&A and consulting operations relevant to scaling', 'Climate tech domain alignment']","[""Mentor's specific technical knowledge in carbon capture or e-fuels"", ""Mentor's experience with early-stage deep tech vs. growth-stage companies"", 'Detailed startup team background and current operational challenges']"
startup_012,MENTOR_009,0.48,0.65,"Moderate overlap exists through deep-tech startup scaling expertise and strategic IP management, which are relevant to Aerleum's early-stage commercialization of a proprietary materials technology. However, the mentor's technical domain (semiconductors, silicon carbide) shows no direct connection to CO2 capture, conversion chemistry, or e-methanol production, limiting the depth of domain-specific guidance.","[{'from': 'startup', 'quote': 'proprietary bi-functional material'}, {'from': 'mentor', 'quote': 'Manages deep-tech startup programs at CEA-Liten'}]","['Deep-tech startup scaling experience', 'Strategic IP management for proprietary tech', 'French deep-tech ecosystem connections']","[""Mentor's experience with chemical/materials startups unclear"", 'No evidence of climate tech or energy transition expertise', ""Startup's specific operational or strategic challenges not provided""]"
startup_012,MENTOR_010,0.48,0.55,"Moderate overlap exists through the mentor's clean technology expertise and startup scaling experience, which align with Aerleum's deep-tech decarbonization mission and growth stage. However, the mentor's focus on data centers, infrastructure, and applied AI does not directly intersect with CO2 capture-to-methanol conversion chemistry or industrial process engineering. Insufficient detail on mentor's specific clean tech domain experience limits confidence.","[{'from': 'mentor', 'quote': 'Clean Technology'}, {'from': 'startup', 'quote': 'captures CO, directly from ambient air or industrial flue gases and converts it into e-methanol using a proprietary bi- functional material'}]","['Clean technology sector alignment', 'Startup scaling operational experience', 'Investment and capital formation expertise']","[""Mentor's specific clean tech domain experience (e.g., carbon capture, chemicals, industrial processes)"", ""Mentor's technical depth in deep-tech vs. software/infrastructure"", ""Details on mentor's portfolio companies or investment thesis""]"
startup_012,MENTOR_011,0.68,0.72,"Strong domain alignment exists: Aerleum operates in decarbonization (CO2 capture/conversion to e-methanol), and Lida Preyma has explicit expertise in decarbonization, ESG, and climate finance. Her 25+ years in Canadian capital markets, B20 taskforce membership, and COP28 speaking experience suggest relevant networks and policy insight valuable for a cleantech startup targeting net-zero markets. However, no direct technical expertise in chemical engineering or carbon capture is evident, and limited operational detail is provided for both profiles.","[{'from': 'startup', 'quote': 'captures CO, directly from ambient air or industrial flue gases and converts it into e-methanol'}, {'from': 'mentor', 'quote': 'Decarbonization; ESG; Risk Assessment'}]","['Decarbonization domain overlap', 'Climate finance and capital markets expertise', 'Policy influence (B20, COP28) relevant to cleantech scaling', 'ESG and risk assessment applicable to carbon credit markets']","[""Mentor's specific experience with chemical/industrial processes unclear"", ""Mentor's track record with early-stage deeptech startups not detailed"", ""Startup's current stage, funding needs, and go-to-market strategy not provided""]"
startup_012,MENTOR_012,0.58,0.65,"Moderate overlap exists: the mentor's climate tech expertise and EU-funded project coordination experience align with Aerleum's deep tech carbon capture innovation and French/EU operational context. However, the mentor's specific technical tags (water treatment, SaaS) do not directly match Aerleum's CO2-to-methanol chemistry, and no evidence of chemical process, industrial scale-up, or energy sector experience is provided.","[{'from': 'startup', 'quote': 'captures CO, directly from ambient air or industrial flue gases and converts it into e-methanol'}, {'from': 'mentor', 'quote': 'Climate Tech; EU-Funded Project Coordination; advisor to EU governments and European Commission'}]","['Climate tech domain alignment', 'EU funding and policy expertise', 'Deep tech fundraising experience', 'Geographic overlap (France/EU)']","['No evidence of chemical engineering or industrial process expertise', 'No mention of energy sector or methanol market experience', ""Limited detail on mentor's technical depth in carbon capture or conversion technologies""]"
startup_012,MENTOR_013,0.12,0.75,"Minimal domain overlap exists between Aerleum's CO2 capture and e-methanol conversion technology and the mentor's expertise in entomology, crop protection, and sustainable agriculture. While both operate in sustainability contexts, the technical domains (chemical engineering/carbon capture vs. agricultural biology/insect ecology) are fundamentally different with no clear intersection points.","[{'from': 'startup', 'quote': 'captures CO, directly from ambient air or industrial flue gases and converts it into e-methanol using a proprietary bi- functional material'}, {'from': 'mentor', 'quote': 'Entomologist; Programme Leader at NIAB; PhD Imperial College; crop protection & insect ecology expert'}]","['Both sustainability-focused', 'Project management experience applicable']","['No mentor background in chemical engineering, carbon capture, or industrial chemistry', 'No startup connection to agriculture or biological systems']"
startup_012,MENTOR_014,0.28,0.65,"Weak domain overlap. Aerleum operates in carbon capture and e-methanol production (industrial chemistry/energy), while Osnat's expertise is in vertical farming, sustainable agriculture, and agri-tech. Both address sustainability, but the technical domains, value chains, and operational contexts differ substantially. Her startup scaling and brand experience offer generic value but lack specific relevance to industrial decarbonization or chemical process technology.","[{'from': 'startup', 'quote': 'captures CO, directly from ambient air or industrial flue gases and converts it into e-methanol using a proprietary bi- functional material'}, {'from': 'mentor', 'quote': 'Vertical Farming; Sustainable Agriculture; Agri Tech'}]","['Shared sustainability mission', 'Startup scaling experience', 'Brand/communications leadership']","[""Mentor's detailed bio unavailable"", 'No evidence of industrial chemistry or energy sector experience', 'Unclear if mentor has B2B industrial sales or regulatory experience relevant to e-methanol markets']"
startup_012,MENTOR_015,0.48,0.65,"Moderate overlap exists: the mentor's Climate Tech tag and strategic IP management expertise align with Aerleum's deep-tech carbon capture innovation, which likely requires robust patent protection in a competitive cleantech landscape. However, the mentor's profile lacks operational, fundraising, or technical domain expertise in chemical engineering or carbon capture specifically, limiting the depth of match beyond IP strategy.","[{'from': 'startup', 'quote': 'proprietary bi-functional material... integrates the entire capture-to-conversion process into a single efficient system'}, {'from': 'mentor', 'quote': 'Climate Tech... Strategic IP Management; Law... EPO litigation specialist'}]","['Climate Tech sector alignment', 'Strategic IP protection for proprietary materials', 'European patent expertise (startup in France)']","[""Mentor's operational or commercialization experience unclear"", 'No evidence of chemical engineering or carbon capture domain knowledge', ""Startup's immediate mentorship needs not specified""]"
startup_012,MENTOR_016,0.48,0.65,"Moderate overlap exists through Renaud's climate tech investment experience (70+ investments) and startup scaling expertise, which align with Aerleum's early-stage deep-tech commercialization needs. However, his core background in platform engineering, SaaS, and marketplace tech shows limited direct relevance to Aerleum's hardware-intensive CO2 capture and chemical conversion technology. The match is primarily operational/strategic rather than domain-specific.","[{'from': 'mentor', 'quote': '70+ climate tech investments'}, {'from': 'startup', 'quote': 'captures CO, directly from ambient air or industrial flue gases and converts it into e-methanol using a proprietary bi- functional material'}]","['Climate tech investment expertise', 'Startup scaling and board governance experience', 'Early-stage venture guidance']","[""Mentor's specific climate tech sub-sectors (software vs. hardware)"", ""Mentor's experience with chemical/materials/industrial process startups"", ""Details on mentor's technical depth in carbon capture or chemical engineering domains""]"
startup_012,MENTOR_017,0.68,0.72,"Strong domain alignment exists between Aerleum's climate tech solution (CO2 capture and e-methanol conversion) and Aurélie's expertise in climate tech, sustainability strategy, and ESG. Her experience with corporate innovation and AI-driven sustainability transformation could support Aerleum's commercialization and scaling strategy. However, limited technical detail about her specific climate tech domain knowledge and no evidence of direct experience with carbon capture, chemical conversion, or industrial decarbonization reduces confidence.","[{'from': 'startup', 'quote': 'captures CO, directly from ambient air or industrial flue gases and converts it into e-methanol'}, {'from': 'mentor', 'quote': 'Climate Tech; ESG; Sustainability Strategy; Corporate Innovation; AI-driven sustainability transformation'}]","['Climate tech domain overlap', 'Sustainability strategy expertise', 'Corporate innovation experience', 'ESG and net-zero alignment']","[""Mentor's specific climate tech sector experience (carbon capture, chemicals, fuels)"", ""Mentor's technical depth in industrial decarbonization"", ""Evidence of mentor's work with early-stage deep tech startups""]"
startup_012,MENTOR_018,0.58,0.65,"Moderate overlap exists: the mentor has deep tech and climate tech experience, which aligns with Aerleum's carbon capture technology. However, the mentor's profile lacks specific expertise in chemical engineering, carbon capture, or e-methanol production. The match is primarily at the sector level (climate tech, startup scaling) rather than deep technical or domain-specific alignment.","[{'from': 'mentor', 'quote': 'Climate Tech; Agri Tech; SaaS; Digital Transformation'}, {'from': 'startup', 'quote': 'captures CO, directly from ambient air or industrial flue gases and converts it into e-methanol using a proprietary bi- functional material'}]","['Climate tech sector alignment', 'Deep tech startup experience', 'Startup scaling expertise', 'Executive leadership in emerging tech']","['No evidence of chemical engineering or carbon capture domain expertise', 'No specific experience in industrial decarbonization or fuel production', ""Limited detail on mentor's deep tech portfolio companies"", 'Mentor bio and profile_int fields are empty']"
startup_012,MENTOR_019,0.58,0.65,"Moderate overlap exists: Sabrina's Climate Tech and Deep Tech expertise aligns with Aerleum's CO2 capture-to-methanol technology, and her Sustainability Strategy and Fundraising experience are relevant to a 2023-incorporated startup targeting cost parity and decarbonization. However, the mentor profile lacks specific technical depth in chemical engineering, carbon capture, or e-fuels, and no evidence of direct experience in industrial-scale process innovation or energy-intensive sectors.","[{'from': 'startup', 'quote': 'captures CO, directly from ambient air or industrial flue gases and converts it into e-methanol using a proprietary bi- functional material'}, {'from': 'mentor', 'quote': 'Climate Tech; Deep Tech; Data-Driven Sales; Carbon & Biodiversity'}]","['Climate Tech and carbon focus alignment', 'Startup scaling and fundraising expertise', 'Sustainability strategy for decarbonization goals']","[""Mentor's specific technical expertise in chemical processes or carbon capture"", ""Mentor's experience with industrial-scale deep tech or energy sectors"", 'Detailed mentor bio or track record with similar startups']"
startup_012,MENTOR_020,0.68,0.72,"Strong domain alignment exists: Magnus Eriksson specializes in Climate Tech investment and deep-tech sectors, directly matching Aerleum's CO2 capture-to-methanol technology and decarbonization mission. His expertise in investment and board governance is relevant for a 2023-incorporated startup likely seeking funding and strategic guidance. However, limited detail on his specific experience with carbon capture, chemical processes, or methanol markets prevents a higher score.","[{'from': 'mentor', 'quote': 'Climate Tech; Nuclear; Semiconductors; Industrial Tech'}, {'from': 'startup', 'quote': 'captures CO, directly from ambient air or industrial flue gases and converts it into e-methanol'}]","['Climate Tech investment focus', 'Deep-tech sector expertise', 'Board governance for early-stage companies', 'Industrial decarbonization alignment']","[""Mentor's specific experience with carbon capture or chemical conversion technologies"", ""Mentor's track record with similar process innovation startups"", ""Details on mentor's investment thesis and portfolio companies""]"
startup_012,MENTOR_021,0.68,0.72,"Strong domain alignment exists: Aerleum operates in climate tech (CO2 capture and e-methanol conversion) while Florent leads climate tech globally at Capgemini with 20+ years in energy/utilities. His expertise in sustainability strategy and corporate innovation directly overlaps with Aerleum's decarbonization mission and commercialization pathway. However, limited detail on mentor's technical depth in chemical processes or direct DAC/e-fuel experience prevents a higher score.","[{'from': 'startup', 'quote': 'captures CO, directly from ambient air or industrial flue gases and converts it into e-methanol'}, {'from': 'mentor', 'quote': 'Global Head Climate Tech; 20+ years energy & utilities consulting'}]","['Climate tech domain alignment', 'Energy/utilities sector experience', 'Sustainability strategy expertise', 'Corporate innovation for scale-up']","[""Mentor's technical depth in chemical engineering or DAC technologies"", ""Mentor's experience with early-stage deeptech vs. corporate consulting"", 'Specific track record with carbon capture or e-fuels ventures']"
startup_012,MENTOR_022,0.72,0.75,"Strong domain alignment exists between Aerleum's e-methanol technology and Marc Gillmann's expertise in biofuels and energy sectors. His policy influence experience and entrepreneurship leadership role are highly relevant for a cleantech startup targeting cost parity with fossil fuels and navigating regulatory landscapes. However, limited detail on mentor's specific technical depth in carbon capture or methanol synthesis prevents a higher score.","[{'from': 'startup', 'quote': 'captures CO, directly from ambient air or industrial flue gases and converts it into e-methanol'}, {'from': 'mentor', 'quote': 'Biofuels; Energy'}]","['Energy sector expertise aligns with e-methanol production', 'Policy influence relevant for fossil fuel displacement strategy', 'Entrepreneurship leadership supports early-stage cleantech scaling', 'Biofuels background adjacent to synthetic fuel innovation']","[""Mentor's specific experience with carbon capture technologies unclear"", ""Depth of mentor's technical versus business/policy focus not specified"", ""Mentor's track record with industrial-scale cleantech commercialization not provided""]"
startup_012,MENTOR_023,0.28,0.65,"Weak overlap between Aerleum's deep-tech carbon capture/conversion technology and Laurent Bertiau's finance/institutional sales expertise. While ESG risk assessment may tangentially relate to climate tech, there is no evidence of domain knowledge in chemical engineering, industrial decarbonization, or cleantech operations. The mentor's profile centers on financial services, not industrial technology commercialization.","[{'from': 'mentor', 'quote': '35 years global finance leadership; former Amundi Global Head of Sales; ex-CEO SGAM Asia'}, {'from': 'startup', 'quote': 'captures CO, directly from ambient air or industrial flue gases and converts it into e-methanol using a proprietary bi- functional material'}]","['ESG risk assessment (tangential climate relevance)', 'Finance expertise for fundraising/investor relations', 'Institutional client experience']","['No evidence of cleantech, chemical engineering, or industrial decarbonization experience', 'No indication of operational expertise in deep-tech startups', 'Unclear if ESG work includes carbon markets or climate tech']"
startup_012,MENTOR_024,0.12,0.25,"Insufficient info. The mentor profile provides only a name, title (PhD Candidate), affiliation (Carnegie Mellon University), and CDL fellowship status. No domain expertise, technical background, operational experience, or relevant industry knowledge is provided to assess alignment with Aerleum's CO2 capture-to-methanol technology, chemical engineering focus, or commercialization needs.","[{'from': 'startup', 'quote': 'captures CO, directly from ambient air or industrial flue gases and converts it into e-methanol using a proprietary bi- functional material'}, {'from': 'mentor', 'quote': 'PhD Candidate'}]","['Academic affiliation (Carnegie Mellon)', 'CDL fellowship experience']","[""Mentor's research area or technical expertise"", ""Mentor's industry experience or domain knowledge"", ""Mentor's operational or commercialization background"", ""Relevance of mentor's work to cleantech, chemical engineering, or carbon capture""]"
startup_012,MENTOR_025,0.22,0.7,"Weak domain overlap. Aerleum operates in carbon capture and e-methanol production (cleantech/chemicals), while the mentor's expertise centers on automotive software-defined vehicles, EVs, and autonomous vehicles. Limited functional overlap exists in scaling industrial operations and consulting, but no credible technical or sector-specific match.","[{'from': 'startup', 'quote': 'captures CO, directly from ambient air or industrial flue gases and converts it into e-methanol using a proprietary bi- functional material'}, {'from': 'mentor', 'quote': 'Software Defined Vehicles; EV; Autonomous Vehicles'}]","['Industrial scaling experience', 'Consulting and joint venture management', 'No cleantech or chemical process expertise']","[""Mentor's experience in cleantech, energy, or chemical sectors"", ""Mentor's involvement in sustainability or decarbonization initiatives"", 'Detailed mentor bio and profile text']"
startup_012,MENTOR_026,0.28,0.45,"Weak overlap. Aerleum is a deep-tech cleantech company focused on CO2 capture and e-methanol conversion, requiring expertise in chemical engineering, industrial scale-up, and energy markets. The mentor's profile emphasizes SaaS, robotics, digital transformation, and blockchain/circular economy—domains that are tangential at best. While circular economy concepts relate loosely to decarbonization, there is no evidence of relevant technical, operational, or market expertise in carbon capture, chemical processes, or fuel production.","[{'from': 'startup', 'quote': 'captures CO, directly from ambient air or industrial flue gases and converts it into e-methanol using a proprietary bi- functional material'}, {'from': 'mentor', 'quote': 'SaaS; Robotics; Digital Transformation'}]","['Circular economy interest (weak relevance)', 'Operations tag (generic)', 'No cleantech/chemical/energy expertise evident']","[""Mentor's specific experience in cleantech, chemical engineering, or energy sectors"", ""Mentor's track record with hardware or industrial scale-up"", ""Details on mentor's circular economy work and its relevance to carbon capture""]"
startup_012,MENTOR_027,0.42,0.65,"Moderate overlap exists through industrial operations and scaling expertise. Mentor's background in industrial automation, executive leadership at Siemens, and M&A experience could support Aerleum's commercialization and scale-up of their industrial CO2 capture technology. However, no direct domain match in cleantech, chemical engineering, or carbon capture is evident from the provided text.","[{'from': 'startup', 'quote': 'captures CO, directly from ambient air or industrial flue gases and converts it into e-methanol'}, {'from': 'mentor', 'quote': 'Former Siemens Executive Committee; Industrial Automation; Mergers & Acquisitions'}]","['Industrial process automation expertise', 'Executive scaling experience (Siemens)', 'M&A for growth and partnerships', 'Strategic operations leadership']","[""Mentor's specific experience in cleantech or chemical processes"", ""Mentor's involvement with carbon capture or sustainable fuels"", 'Detailed mentor bio describing relevant sector work']"
startup_012,MENTOR_028,0.72,0.75,"Strong domain alignment exists between Aerleum's carbon capture and conversion technology and Julian Gray's climate tech expertise and deep tech venturing background. His experience as bp CIO/VP Digital Science suggests familiarity with energy transition technologies and industrial-scale innovation, directly relevant to Aerleum's goal of displacing fossil-based fuels.","[{'from': 'startup', 'quote': 'captures CO, directly from ambient air or industrial flue gases and converts it into e-methanol'}, {'from': 'mentor', 'quote': 'Former bp CIO & VP Digital Science; DeepTech & climate venturing leader'}]","['Climate tech domain expertise', 'Deep tech venturing experience', 'Energy sector background (bp)', 'Investment and consulting capabilities']","['Specific experience with carbon capture or methanol technologies', ""Details on mentor's climate tech portfolio or focus areas"", ""Mentor's technical depth in chemical processes or materials science""]"
startup_012,MENTOR_029,0.12,0.85,"No credible overlap between Aerleum's CO₂ capture and e-methanol conversion technology and Miles Elsden's expertise in autonomous systems, EV mobility, and AI safety assurance. The mentor's domain (autonomous vehicles, safety policy) is entirely distinct from the startup's domain (carbon capture, chemical conversion, decarbonization fuels).","[{'from': 'startup', 'quote': 'captures CO, directly from ambient air or industrial flue gases and converts it into e-methanol using a proprietary bi- functional material'}, {'from': 'mentor', 'quote': 'Autonomous Systems; Safety Assurance; EV; Mobility'}]","['No domain overlap', 'Distinct technical fields', 'Unrelated industry focus']","[""Mentor's full bio content not provided"", ""Startup's full profile text empty""]"
startup_012,MENTOR_030,0.28,0.65,"Weak overlap between Aerleum's deep-tech carbon capture/conversion chemistry and Olivier Perquel's finance-focused expertise (M&A, investment banking, fintech). While financial structuring and M&A skills may support fundraising or exit strategy, there is no evidence of domain knowledge in cleantech, chemical engineering, or industrial decarbonization relevant to Aerleum's core technology and market.","[{'from': 'startup', 'quote': 'captures CO, directly from ambient air or industrial flue gases and converts it into e-methanol using a proprietary bi- functional material'}, {'from': 'mentor', 'quote': 'Former Lazard & Goldman Sachs banker; ex-Citadel; Natixis executive'}]","['M&A and investment structuring experience', 'Financial advisory for growth-stage companies']","['No evidence of cleantech or industrial chemistry domain expertise', 'No operational or technical background relevant to carbon capture or e-fuels', 'Mentor bio and detailed experience unavailable']"
startup_012,MENTOR_031,0.22,0.7,"Aerleum is a deep-tech climate startup focused on CO2 capture and e-methanol conversion, requiring expertise in chemical engineering, industrial scale-up, and cleantech commercialization. André Pitié's 24+ years in digital marketing and connected medical solutions show no credible overlap with Aerleum's core technology, industrial operations, or climate/energy domain. Insufficient info to assess any hidden relevant experience.","[{'from': 'startup', 'quote': 'captures CO, directly from ambient air or industrial flue gases and converts it into e-methanol using a proprietary bi- functional material'}, {'from': 'mentor', 'quote': '24+ years digital marketing; connected medical solutions specialist'}]","['Generic marketing/communications capability', 'No cleantech or industrial domain experience evident']","[""Mentor's bio and detailed profile are empty"", 'No evidence of cleantech, energy, or industrial B2B experience', 'Startup team background and specific technical challenges not detailed']"
startup_012,MENTOR_032,0.72,0.65,"Strong domain overlap exists: Aerleum operates in climate tech (CO2 capture and e-methanol conversion), and Andrew has explicit 'Climate Tech' and 'Energy' expertise. His track record of raising £2bn+ and startup scaling experience aligns well with Aerleum's capital-intensive, commercialization-stage needs. Confidence is moderate due to limited detail on Andrew's specific technical depth in carbon capture or methanol synthesis.","[{'from': 'mentor', 'quote': 'Climate Tech; Space Tech; Energy; Fintech'}, {'from': 'mentor', 'quote': 'Raised £2bn+; founder of Torvius; serial entrepreneur'}]","['Climate tech and energy domain alignment', 'Proven capital raising at scale (£2bn+)', 'Startup scaling and board governance experience', 'Serial entrepreneur background']","[""Mentor's specific experience in carbon capture or chemical conversion technologies"", 'Details on industries/sectors where mentor raised capital', ""Mentor's operational experience in deep-tech or hardware startups""]"
startup_012,MENTOR_033,0.72,0.75,"Strong domain match: mentor has deep clean tech expertise as former Global Head of Analysis at BNEF (Bloomberg New Energy Finance) and experience as UK energy policymaker, directly relevant to Aerleum's CO2-to-methanol decarbonization technology. McKinsey partnership suggests strategic and operational capabilities applicable to scaling industrial clean tech. Moderate confidence due to limited detail on mentor's specific materials science or chemical process expertise.","[{'from': 'startup', 'quote': 'captures CO, directly from ambient air or industrial flue gases and converts it into e-methanol'}, {'from': 'mentor', 'quote': 'Former Global Head of Analysis at BNEF; ex-McKinsey Partner; UK energy policymaker'}]","['Clean tech domain expertise (BNEF)', 'Energy policy and regulatory navigation', 'Strategic scaling experience (McKinsey)', 'Materials tech tag alignment']","[""Mentor's specific experience with chemical processes or carbon capture technologies"", ""Details on mentor's materials science depth"", ""Mentor's track record with early-stage deep tech startups""]"
startup_012,MENTOR_034,0.78,0.85,"Strong domain alignment: mentor has direct DAC chemistry expertise from Climeworks and materials science background (PhD EPFL), matching Aerleum's CO₂ capture and proprietary bi-functional material technology. Current role at CDR-focused VC provides strategic perspective on carbon removal commercialization, highly relevant to Aerleum's cost-parity and decarbonization goals.","[{'from': 'startup', 'quote': 'captures CO, directly from ambient air or industrial flue gases and converts it into e-methanol using a proprietary bi- functional material'}, {'from': 'mentor', 'quote': 'former Climeworks DAC chemist; PhD EPFL'}]","['Direct air capture (DAC) chemistry expertise', 'Materials science for CO₂ conversion', 'Carbon removal commercialization experience', 'Decarbonization technology domain']","[""Mentor's specific materials chemistry focus areas"", ""Mentor's operational scaling experience details""]"
startup_013,MENTOR_001,0.22,0.65,"The mentor's expertise is in renewable energy (solar/wind), legal transactions, and policy in the energy sector, while the startup operates in ag-biotech and microbial soil solutions. There is minimal domain overlap; the mentor's legal and investment experience could provide generic business guidance, but lacks specific relevance to agriculture, biotechnology, or soil science.","[{'from': 'startup', 'quote': 'ag-biotech company creating bio-trained microbial products that restore soils and boost crop resilience'}, {'from': 'mentor', 'quote': 'General Counsel for EMEA and Global Head of Transactions at Lightsource bp'}]","['Legal/transactional expertise (generic)', 'Investment experience (generic)', 'No ag-biotech or soil science domain match']","[""Mentor's bio and detailed profile are empty"", 'No evidence of agriculture, biotech, or climate adaptation expertise in mentor profile']"
startup_013,MENTOR_002,0.42,0.65,"Moderate overlap exists through sustainability strategy and operations management expertise relevant to M4Life's ag-biotech scaling challenges. However, mentor's background is primarily in industrial sectors (oil & gas, construction, mining) rather than agriculture or biotechnology, limiting domain-specific alignment with microbial products and crop science.","[{'from': 'mentor', 'quote': 'former Chief Sustainability & Innovation Officer at Holcim'}, {'from': 'startup', 'quote': 'creating bio-trained microbial products that restore soils and boost crop resilience'}]","['Sustainability strategy expertise', 'Operations scaling experience', 'Board-level governance perspective']","['No evidence of agriculture or biotech sector experience', ""Limited detail on mentor's innovation portfolio relevance to ag-tech"", 'Unclear if sustainability work included soil/agricultural systems']"
startup_013,MENTOR_003,0.68,0.72,"Strong domain alignment exists between M4Life's ag-biotech sustainability focus and Julien's 20+ years in sustainable innovation and clean technology. His experience scaling and exiting a 100+ employee startup provides relevant operational insight for M4Life's commercialization phase. However, limited detail on Julien's specific agricultural or biotech expertise prevents a higher score.","[{'from': 'startup', 'quote': 'ag-biotech company creating bio-trained microbial products that restore soils and boost crop resilience'}, {'from': 'mentor', 'quote': '20+ years developing sustainable innovation; sold 100+ employee startup to Screen Japan'}]","['Sustainability and clean technology expertise', 'Startup scaling and exit experience', 'Business development and strategic partnerships', 'Industrial technology commercialization background']","[""Mentor's specific experience in agriculture or biotech sectors"", ""Details on mentor's technical depth in microbial or soil science"", ""Geographic market overlap (mentor's regional focus vs. Argentina/global ag markets)""]"
startup_013,MENTOR_004,0.48,0.55,"Moderate overlap exists: M4Life is a climate-focused ag-biotech startup seeking to scale, and Elizabeth Grier has expertise in climate tech, startup scaling, and investment. However, her background is primarily in financial services, energy transition, and venture capital—not agriculture or biotechnology—limiting domain-specific alignment. Insufficient detail on her operational or sector-specific experience in ag-biotech reduces confidence.","[{'from': 'startup', 'quote': 'ag-biotech company creating bio-trained microbial products that restore soils and boost crop resilience'}, {'from': 'mentor', 'quote': 'Climate Tech; Energy Transition'}]","['Climate tech alignment', 'Startup scaling expertise', 'Investment and fundraising experience', 'Board governance for growth-stage companies']","[""Mentor's specific experience in agriculture or biotechnology sectors"", ""Details on mentor's operational involvement in climate tech startups"", ""Mentor's track record with international or Latin American ventures""]"
startup_013,MENTOR_005,0.52,0.65,"Moderate overlap exists through climate tech domain alignment and policy/investment expertise relevant to ag-biotech scaling. However, mentor's technical background (quantum, systems design engineering) shows limited direct connection to microbial ag-biotech or soil science. The mentor's policy influence and government advisory experience could support M4Life's market expansion and regulatory navigation.","[{'from': 'mentor', 'quote': 'Climate Tech'}, {'from': 'startup', 'quote': 'climate change accelerates this process through salinization, drought, and extreme weather, calling for scalable, sustainable solutions'}]","['Climate tech domain alignment', 'Policy influence for ag-biotech scaling', 'Investment expertise for growth stage', 'Government advisory for regulatory strategy']","[""Mentor's specific climate tech focus areas unclear"", 'No evidence of agriculture or biotech domain experience', ""Limited detail on mentor's investment thesis or portfolio"", ""Startup's specific policy/regulatory challenges not detailed""]"
startup_013,MENTOR_006,0.48,0.65,"Moderate overlap exists through sustainability and ESG strategy. M4Life's ag-biotech focus on soil restoration and climate resilience aligns with Arnaud's cleantech commercial development and sustainability strategy expertise. However, the mentor's primary domains (renewable energy systems, energy) do not directly intersect with agricultural biotechnology or microbial product development, limiting the depth of technical match.","[{'from': 'startup', 'quote': 'creating bio-trained microbial products that restore soils and boost crop resilience'}, {'from': 'mentor', 'quote': 'Cleantech Commercial Development; Responsible Innovation'}]","['Sustainability and climate resilience alignment', 'Cleantech commercialization experience', 'ESG strategy for impact ventures', 'Global scaling experience (ENGIE, Temasek)']","[""Mentor's specific experience in agriculture or biotech sectors"", ""Mentor's knowledge of microbial products or soil science"", ""Details on mentor's cleantech portfolio beyond energy""]"
startup_013,MENTOR_007,0.48,0.65,"Moderate overlap exists through climate-tech domain alignment and scaling/investment expertise. Gaetan's background in materials science and startup scaling (Kurion acquisition) provides relevant operational and fundraising insights for M4Life's commercialization phase. However, his core technical expertise (nuclear waste, aerospace) does not directly intersect with ag-biotech or microbial products, limiting domain-specific leverage.","[{'from': 'startup', 'quote': 'ag-biotech company creating bio-trained microbial products that restore soils and boost crop resilience'}, {'from': 'mentor', 'quote': 'Co-founder & CTO of Kurion; acquired by Veolia for $350M'}]","['Climate tech domain alignment', 'Startup scaling and exit experience', 'Investment expertise via Breakthrough Energy', 'Materials science tangential to biotech formulation']","[""Mentor's specific experience with agriculture or biotech sectors"", ""Details on mentor's investment thesis or portfolio focus areas"", ""Mentor's operational expertise in commercial deployment beyond nuclear sector""]"
startup_013,MENTOR_008,0.72,0.78,"Strong domain alignment: Lisa's 27-year McKinsey background in sustainability and industrial sectors directly matches M4Life's ag-biotech climate resilience mission. Her ESG and Climate Tech expertise, plus experience advising European green tech investors, provides relevant strategic and fundraising guidance for a company addressing soil degradation and climate adaptation at scale.","[{'from': 'startup', 'quote': 'creating bio-trained microbial products that restore soils and boost crop resilience'}, {'from': 'mentor', 'quote': '27 years McKinsey Senior Partner; sustainability & industrial focus; advises European green tech investors'}]","['Sustainability and climate tech expertise', 'Industrial sector experience relevant to ag-biotech', 'Green tech investor advisory aligns with fundraising needs', 'M&A and consulting skills for scaling operations']","['No specific agriculture or biotech experience mentioned', 'Geographic focus (European investors) may not align with Argentina/USA operations', 'Mentor bio and detailed profile are empty']"
startup_013,MENTOR_009,0.28,0.65,"Weak domain overlap. M4Life is an ag-biotech company focused on microbial soil products, while Céline's expertise centers on semiconductor technology, silicon carbide, and nanographics. Her operational experience in startup scaling and IP management offers generic value, but lacks specific relevance to agriculture, biotechnology, or microbial product development.","[{'from': 'startup', 'quote': 'ag-biotech company creating bio-trained microbial products that restore soils and boost crop resilience'}, {'from': 'mentor', 'quote': 'Semiconductor Technology; Silicon Carbide; Nanographics'}]","['Startup scaling experience', 'Strategic IP management', 'Deep-tech startup program management']","['No mentor expertise in agriculture, biotechnology, or microbial sciences', 'No evidence of mentor experience with ag-tech or life sciences startups', 'Limited mentor bio/profile detail to assess transferable skills']"
startup_013,MENTOR_010,0.22,0.65,"Weak overlap between M4Life's ag-biotech/microbial products focus and Jason Van Gaal's expertise in data centers, infrastructure, clean technology, and applied AI. His startup scaling and investment experience may offer generic operational guidance, but there is no clear domain-specific match to agriculture, soil science, or biotech. Insufficient info on mentor's bio limits deeper assessment.","[{'from': 'startup', 'quote': 'ag-biotech company creating bio-trained microbial products that restore soils and boost crop resilience'}, {'from': 'mentor', 'quote': 'Data Centers; Infrastructure; Clean Technology; Applied AI'}]","['Clean technology tangential overlap', 'Startup scaling experience', 'Investment/capital expertise']","['Mentor bio and detailed profile empty', 'No evidence of agriculture or biotech domain expertise', ""Unclear if 'Clean Technology' includes ag-biotech or sustainability in agriculture""]"
startup_013,MENTOR_011,0.58,0.65,"Moderate overlap exists: M4Life operates in ag-biotech with climate-resilient soil solutions, while Lida brings 25+ years in capital markets, climate finance expertise, and ESG/decarbonization focus relevant to sustainable agriculture. However, mentor profile lacks specific agriculture, biotech, or operational domain expertise, limiting the match to primarily investment and climate policy dimensions.","[{'from': 'startup', 'quote': 'climate change accelerates this process through salinization, drought, and extreme weather, calling for scalable, sustainable solutions'}, {'from': 'mentor', 'quote': '25+ years Canadian capital markets; B20 taskforce member; speaker at COP28; climate finance advisor'}]","['Climate finance and ESG alignment with sustainable ag-biotech', 'Investment expertise for scaling market-ready solutions', 'Policy influence relevant to climate-resilient agriculture', 'Decarbonization focus intersects with soil restoration mission']","[""No evidence of mentor's agriculture or biotech domain knowledge"", 'Unclear if mentor has operational or go-to-market experience in ag sector', ""Limited detail on mentor's specific investment thesis or portfolio relevance""]"
startup_013,MENTOR_012,0.58,0.65,"Moderate overlap exists: the mentor's climate tech expertise and EU-funded project coordination experience align with M4Life's ag-biotech sustainability mission and potential need for international funding. However, the mentor's specific technical tags (water treatment, SaaS) do not directly match M4Life's microbial ag-biotech domain, and there is no explicit evidence of agriculture, biotech, or Latin American market experience.","[{'from': 'startup', 'quote': 'ag-biotech company creating bio-trained microbial products that restore soils and boost crop resilience'}, {'from': 'mentor', 'quote': 'Climate Tech; EU-Funded Project Coordination; advisor to EU governments and European Commission'}]","['Climate tech and sustainability alignment', 'EU funding and public-private expertise', 'B2B sales experience relevant to ag markets', 'Policy influence for regulatory navigation']","['No explicit agriculture or biotech experience in mentor profile', 'No evidence of Latin American market knowledge', ""Limited detail on mentor's specific climate tech projects"", 'Unclear if water treatment expertise translates to soil/ag applications']"
startup_013,MENTOR_013,0.72,0.75,"Strong domain alignment: mentor's expertise in agri tech, sustainable agriculture, crop protection, and insect ecology directly overlaps with M4Life's ag-biotech focus on soil restoration and crop resilience. Mentor's operational tags (board governance, investment, project management) match the startup's commercialization stage and growth trajectory. Confidence is moderate due to limited detail on mentor's microbial/soil science experience.","[{'from': 'startup', 'quote': 'ag-biotech company creating bio-trained microbial products that restore soils and boost crop resilience'}, {'from': 'mentor', 'quote': 'Agri Tech; Sustainable Agriculture; crop protection & insect ecology expert'}]","['Agri tech and sustainable agriculture domain overlap', 'Crop protection expertise relevant to resilience solutions', 'Board governance and investment experience for scaling phase', 'Programme leadership at NIAB aligns with commercialization needs']","[""Mentor's specific experience with microbial products or soil science"", ""Mentor's geographic experience (Latin America or similar markets)"", ""Depth of mentor's commercialization track record in ag-biotech""]"
startup_013,MENTOR_014,0.58,0.65,"Moderate overlap exists: both operate in sustainable agriculture/agri-tech space, and the mentor has startup scaling experience relevant to M4Life's commercialization phase. However, the mentor's core expertise in vertical farming and brand/communications differs from M4Life's ag-biotech/microbial products focus, limiting technical domain alignment.","[{'from': 'startup', 'quote': 'ag-biotech company creating bio-trained microbial products that restore soils and boost crop resilience'}, {'from': 'mentor', 'quote': 'Vertical Farming; Sustainable Agriculture; Agri Tech'}]","['Sustainable agriculture sector overlap', 'Startup scaling operational experience', 'Agri-tech commercialization context']","[""Mentor's specific experience with biotech or microbial products unclear"", ""Depth of mentor's investment/fundraising track record not detailed"", ""Mentor's geographic market experience (Latin America, USA) not specified""]"
startup_013,MENTOR_015,0.48,0.65,"Moderate overlap exists: the mentor's Climate Tech and Biology tags align with M4Life's ag-biotech and soil restoration mission, and strategic IP management is relevant for protecting microbial strain innovations. However, the mentor's core expertise in EPO litigation and patent law is not directly matched to M4Life's immediate commercialization focus on field trials and market-ready products, limiting the strength of fit.","[{'from': 'startup', 'quote': 'ag-biotech company creating bio-trained microbial products that restore soils and boost crop resilience'}, {'from': 'mentor', 'quote': 'Climate Tech; Health Tech; Biology'}]","['Climate Tech and Biology domain overlap', 'Strategic IP for microbial strain protection', 'EPO litigation less relevant to current stage']","[""Mentor's operational or commercialization experience unclear"", ""Mentor's specific ag-biotech or microbial technology background not detailed""]"
startup_013,MENTOR_016,0.42,0.65,"Moderate overlap exists through climate tech investment expertise and startup scaling experience. However, mentor's core background is in platform engineering, SaaS, and marketplace tech (Eventbrite CTO), which has limited direct relevance to ag-biotech microbial products and soil science. The climate tech investment angle provides some domain connection but lacks specificity to agriculture or biotech.","[{'from': 'mentor', 'quote': '70+ climate tech investments'}, {'from': 'startup', 'quote': 'ag-biotech company creating bio-trained microbial products that restore soils and boost crop resilience'}]","['Climate tech investment experience', 'Startup scaling expertise', 'Board governance for growth-stage companies']","['No evidence of agriculture or biotech domain expertise', 'Unclear if climate tech investments include ag-biotech or soil science', ""Limited detail on mentor's specific climate tech focus areas""]"
startup_013,MENTOR_017,0.42,0.55,"Moderate overlap exists through sustainability and climate resilience themes. M4Life addresses soil degradation and climate change impacts in agriculture, while the mentor specializes in ESG strategy, climate tech, and sustainability transformation. However, the mentor's profile emphasizes corporate ESG compliance and data/AI applications rather than ag-biotech domain expertise or agricultural operations, limiting direct technical or market alignment.","[{'from': 'startup', 'quote': 'climate change accelerates this process through salinization, drought, and extreme weather, calling for scalable, sustainable solutions'}, {'from': 'mentor', 'quote': 'Climate Tech; Data & Analytics; AI for Sustainability'}]","['Climate resilience alignment', 'Sustainability strategy overlap', 'ESG and impact measurement potential']","[""Mentor's specific experience with ag-biotech or agriculture sector"", ""Mentor's operational or go-to-market expertise details"", ""Depth of mentor's climate tech applications beyond corporate ESG""]"
startup_013,MENTOR_018,0.72,0.65,"Strong domain alignment exists: the mentor has explicit agritech expertise and the startup is an ag-biotech company developing microbial soil products. The mentor's experience in scaling startups and GTM strategy is relevant to M4Life's commercialization phase (market-ready solutions with 100+ field trials, revenue projections to $50M by 2030). However, limited detail in the mentor profile reduces confidence in assessing depth of technical or operational overlap.","[{'from': 'startup', 'quote': 'M4Life is an ag-biotech company creating bio-trained microbial products that restore soils and boost crop resilience.'}, {'from': 'mentor', 'quote': 'scaled fintech, agritech & deep tech startups'}]","['Agritech domain expertise', 'Startup scaling experience', 'GTM strategy for commercialization', 'Climate tech alignment']","[""Mentor's specific agritech experience details (companies, outcomes, technical depth)"", ""Mentor's geographic market experience (Latin America vs. other regions)"", ""Depth of mentor's operations expertise in biotech/life sciences""]"
startup_013,MENTOR_019,0.68,0.72,"Strong domain alignment exists: M4Life operates in ag-biotech with climate resilience focus, matching Sabrina's Climate Tech and Sustainability Strategy expertise. Her experience in startup scaling and fundraising directly supports M4Life's commercialization phase and revenue growth targets. However, limited detail on Sabrina's specific ag-biotech or microbial product experience prevents a higher score.","[{'from': 'startup', 'quote': 'ag-biotech company creating bio-trained microbial products that restore soils and boost crop resilience'}, {'from': 'mentor', 'quote': 'Climate Tech; Deep Tech; Startup Scaling; Fundraising; Sustainability Strategy'}]","['Climate tech and sustainability alignment', 'Startup scaling for commercialization phase', 'Fundraising expertise for growth targets', 'Data-driven approach to market-ready solutions']","[""Mentor's specific agriculture or biotech sector experience"", ""Mentor's track record with Latin American or emerging market startups"", ""Depth of mentor's technical understanding of microbial/soil science""]"
startup_013,MENTOR_020,0.48,0.65,"Moderate overlap exists through climate tech focus and investment expertise. M4Life operates in ag-biotech addressing climate-driven soil degradation, which aligns with Magnus's climate tech domain. However, his specific expertise in nuclear, semiconductors, and industrial tech shows limited direct relevance to microbial agriculture solutions, reducing the strength of domain match.","[{'from': 'startup', 'quote': 'climate change accelerates this process through salinization, drought, and extreme weather, calling for scalable, sustainable solutions'}, {'from': 'mentor', 'quote': 'Climate Tech; Nuclear; Semiconductors; Industrial Tech'}]","['Climate tech domain alignment', 'Investment and board governance expertise', 'Deep-tech investor background']","['No evidence of ag-biotech or agriculture sector experience', ""Limited detail on mentor's climate tech sub-domains"", ""No information on mentor's operational scaling experience""]"
startup_013,MENTOR_021,0.48,0.65,"Moderate overlap exists through climate/sustainability themes. M4Life addresses climate-driven soil degradation with ag-biotech solutions, while Florent brings climate tech strategy and ESG expertise from corporate consulting. However, his 20+ years in energy & utilities consulting and corporate innovation focus show limited direct overlap with agricultural biotechnology, microbial product development, or ag-tech commercialization.","[{'from': 'startup', 'quote': 'climate change accelerates this process through salinization, drought, and extreme weather, calling for scalable, sustainable solutions'}, {'from': 'mentor', 'quote': 'Global Head Climate Tech; ESG; Climate Tech; AI for Sustainability; 20+ years energy & utilities consulting'}]","['Climate tech and sustainability alignment', 'ESG strategy relevant to ag-biotech impact', 'Corporate innovation experience']","['No evidence of agriculture or biotech domain expertise', 'No indication of startup/early-stage company experience', ""Limited detail on mentor's specific climate tech work beyond energy/utilities""]"
startup_013,MENTOR_022,0.28,0.45,"Weak overlap between ag-biotech microbial products and mentor's biofuels/energy focus. Policy influence expertise could offer generic value for regulatory navigation, but no specific evidence of agriculture, soil science, or microbial technology experience. Insufficient info on mentor's operational depth or relevant sector knowledge.","[{'from': 'startup', 'quote': 'ag-biotech company creating bio-trained microbial products that restore soils and boost crop resilience'}, {'from': 'mentor', 'quote': 'Biofuels; Energy'}]","['Bio-based technology tangential connection', 'Policy influence for regulatory strategy', 'Entrepreneurship/innovation leadership experience']","['No evidence of agriculture or soil science expertise', 'No microbial technology background mentioned', 'Unclear operational experience in biotech commercialization', ""Limited detail on mentor's specific achievements or sector depth""]"
startup_013,MENTOR_023,0.22,0.7,"Weak overlap. M4Life is an ag-biotech company focused on microbial soil products and crop resilience, while Laurent Bertiau's expertise centers on global finance, institutional sales, and ESG/fintech. No evidence of agriculture, biotech, or operational domain match. Potential tangential relevance via ESG (sustainable agriculture) and finance leadership for fundraising, but no specific ag-tech or life sciences background is indicated.","[{'from': 'startup', 'quote': 'ag-biotech company creating bio-trained microbial products that restore soils and boost crop resilience'}, {'from': 'mentor', 'quote': '35 years global finance leadership; former Amundi Global Head of Sales; ex-CEO SGAM Asia'}]","['ESG expertise may touch sustainable agriculture themes', 'Finance leadership relevant for fundraising/institutional capital', 'No direct ag-biotech or life sciences domain match']","[""Mentor's specific ESG focus areas (e.g., agriculture, climate) not detailed"", ""No evidence of mentor's experience with biotech, ag-tech, or early-stage startups"", ""Startup's current fundraising stage and capital needs not provided""]"
startup_013,MENTOR_024,0.25,0.3,"Insufficient info. The mentor profile provides only a title (PhD Candidate at Carnegie Mellon) and CDL fellowship status, with no domain expertise, technical background, or operational experience described. The startup operates in ag-biotech with microbial products for soil restoration, but no evidence exists to assess whether the mentor has relevant knowledge in agriculture, biotechnology, microbiology, commercialization, or related fields.","[{'from': 'startup', 'quote': 'ag-biotech company creating bio-trained microbial products that restore soils and boost crop resilience'}, {'from': 'mentor', 'quote': 'PhD Candidate'}]","['Academic background (PhD level)', 'CDL ecosystem familiarity']","[""Mentor's research area or PhD focus"", ""Mentor's technical expertise or domain knowledge"", ""Mentor's operational or commercialization experience"", ""Mentor's industry background or functional skills""]"
startup_013,MENTOR_025,0.12,0.85,"No credible overlap between ag-biotech/microbial soil products and automotive/software-defined vehicles expertise. The mentor's 30+ years in automotive leadership, EV, and autonomous vehicles does not intersect with M4Life's agricultural biotechnology domain, crop resilience, or microbial product development.","[{'from': 'startup', 'quote': 'ag-biotech company creating bio-trained microbial products that restore soils and boost crop resilience'}, {'from': 'mentor', 'quote': '30+ years automotive leadership; GM Canada & China; SDV transformation expert'}]","['No domain overlap (ag-biotech vs automotive)', 'No functional overlap (microbial R&D vs vehicle software)', 'Potential generic business scaling advice only']",[]
startup_013,MENTOR_026,0.28,0.55,"Weak overlap between mentor's digital transformation/SaaS/robotics expertise and M4Life's ag-biotech microbial products focus. Operations experience may offer generic value, but no evidence of agriculture, biotech, or life sciences domain knowledge. Insufficient info on mentor's specific background limits confidence.","[{'from': 'startup', 'quote': 'ag-biotech company creating bio-trained microbial products that restore soils and boost crop resilience'}, {'from': 'mentor', 'quote': 'SaaS; Robotics; Digital Transformation'}]","['Operations expertise applicable cross-sector', 'Investment experience relevant for scaling', 'Digital transformation for commercialization infrastructure']","['No agriculture or biotech domain expertise evident', 'No life sciences or agtech experience mentioned', 'Mentor bio and detailed background empty', 'Unclear relevance of blockchain/circular economy to microbial ag products']"
startup_013,MENTOR_027,0.22,0.65,"Weak overlap between M4Life's ag-biotech/microbial products focus and the mentor's robotics, industrial automation, and space tech expertise. The mentor's M&A and executive experience at Siemens could provide generic strategic guidance, but there is no clear domain match in agriculture, biotechnology, or soil science.","[{'from': 'startup', 'quote': 'ag-biotech company creating bio-trained microbial products that restore soils and boost crop resilience'}, {'from': 'mentor', 'quote': 'Robotics; Industrial Automation; Space Tech'}]","['M&A operational experience', 'Executive-level strategic guidance', 'Industrial scaling insights']","['No mentor expertise in agriculture, biotechnology, or life sciences', 'No evidence of mentor experience in ag-tech or soil/crop science', 'Limited mentor bio/profile detail to assess hidden relevant experience']"
startup_013,MENTOR_028,0.68,0.75,"Strong domain overlap exists: Julian Gray has explicit biotechnology and climate tech expertise, directly matching M4Life's ag-biotech and climate-resilient soil solutions. His background as bp CIO/VP Digital Science and DeepTech venturing leader suggests relevant experience scaling science-driven ventures, though specific agriculture or microbial product experience is not stated.","[{'from': 'mentor', 'quote': 'Biotechnology; Climate Tech'}, {'from': 'startup', 'quote': 'ag-biotech company creating bio-trained microbial products that restore soils and boost crop resilience'}]","['Biotechnology domain expertise', 'Climate tech focus aligns with climate-resilient agriculture', 'DeepTech venturing experience relevant to science-based startup', 'Investment background matches growth-stage needs']","['No explicit agriculture or agtech experience mentioned', 'Unclear if biotechnology expertise includes microbial/soil science', ""Limited detail on mentor's operational scaling experience in biotech""]"
startup_013,MENTOR_029,0.08,0.85,"No credible overlap exists between M4Life's ag-biotech/microbial soil solutions and the mentor's expertise in autonomous systems, AI safety assurance, and mobility. The domains (agriculture/biotechnology vs. autonomous vehicles/AI safety) are fundamentally distinct with no evident intersection points.","[{'from': 'startup', 'quote': 'ag-biotech company creating bio-trained microbial products that restore soils and boost crop resilience'}, {'from': 'mentor', 'quote': 'Autonomous Systems; Safety Assurance; EV; Mobility'}]","['No domain overlap', 'Unrelated technical expertise', 'Distinct industry sectors']",[]
startup_013,MENTOR_030,0.22,0.7,"Weak domain overlap. M4Life is an ag-biotech company focused on microbial soil products, while Olivier Perquel's expertise centers on fintech, data security, M&A, and investment banking (Lazard, Goldman Sachs, Citadel, Natixis). His financial and M&A experience could provide generic strategic or fundraising guidance, but there is no evidence of agriculture, biotech, or life sciences domain knowledge.","[{'from': 'startup', 'quote': 'ag-biotech company creating bio-trained microbial products that restore soils and boost crop resilience'}, {'from': 'mentor', 'quote': 'Fintech; Data Security'}]","['M&A and investment banking experience', 'Potential fundraising and deal structuring support', 'No agriculture or biotech domain expertise']","[""Mentor's experience in agriculture, biotech, or life sciences sectors"", ""Mentor's involvement in sustainability or climate-related investments"", ""Startup's specific needs for financial structuring or M&A guidance""]"
startup_013,MENTOR_031,0.42,0.55,"Moderate overlap exists: the mentor's 24+ years in digital marketing and data-driven marketing could support M4Life's go-to-market and customer acquisition strategies in the ag-biotech space. However, the mentor's domain expertise is in connected medical solutions, not agriculture or biotech, limiting direct technical or sector-specific value. Insufficient detail on mentor's broader experience reduces confidence.","[{'from': 'startup', 'quote': ""M4Life's market-ready solutions, Bio.R and Bio.C, have shown 10-25% yield gains and 40x ROI in 100+ field trials""}, {'from': 'mentor', 'quote': '24+ years digital marketing; connected medical solutions specialist'}]","['Digital marketing expertise for commercialization', 'Data-driven marketing for ROI messaging', 'Investment and M&A operational tags']","[""Mentor's experience in agriculture or biotech sectors"", ""Mentor's track record with B2B or ag-tech clients"", ""Details on mentor's investment or M&A activities""]"
startup_013,MENTOR_032,0.48,0.55,"Moderate overlap exists: the mentor's Climate Tech expertise and experience raising £2bn+ capital align with M4Life's ag-biotech climate-resilience mission and scaling ambitions. However, the mentor's profile lacks specific agriculture, biotech, or microbial product domain experience, limiting the depth of match. Insufficient detail on mentor's operational background in relevant sectors.","[{'from': 'startup', 'quote': 'climate change accelerates this process through salinization, drought, and extreme weather, calling for scalable, sustainable solutions.'}, {'from': 'mentor', 'quote': 'Climate Tech; Raised £2bn+; Startup Scaling'}]","['Climate Tech alignment with ag-biotech resilience', 'Capital raising experience (£2bn+) for scaling', 'Startup scaling expertise relevant to growth phase', 'Board governance for commercialization stage']","['No evidence of agriculture or biotech domain expertise', 'Unclear operational experience in life sciences or microbial products', ""Limited detail on mentor's specific Climate Tech focus areas"", ""No information on mentor's network in ag or biotech sectors""]"
startup_013,MENTOR_033,0.42,0.55,"Moderate overlap exists through clean tech and policy dimensions. M4Life's ag-biotech focus on soil restoration aligns tangentially with Michael's clean tech expertise and government advisory experience, which could support market access and regulatory strategy. However, his core domains (space tech, telecommunications, materials, energy policy) show limited direct intersection with agricultural microbial products and biotech commercialization.","[{'from': 'startup', 'quote': 'ag-biotech company creating bio-trained microbial products that restore soils and boost crop resilience'}, {'from': 'mentor', 'quote': 'Clean Tech; Government Advisory; Policy Influence; UK energy policymaker'}]","['Clean tech sustainability alignment', 'Government/policy advisory for market access', 'Strategic analysis background (BNEF, McKinsey)']","[""Mentor's specific clean tech sub-domains unclear"", 'No evidence of agriculture or biotech experience', 'Mentor bio and detailed profile empty']"
startup_013,MENTOR_034,0.42,0.55,"Moderate overlap exists through climate/sustainability focus and materials science relevance to microbial product development. However, mentor's core expertise in carbon removal and direct air capture (DAC) chemistry does not directly align with ag-biotech, soil microbiology, or agricultural commercialization. Insufficient detail on mentor's broader scientific background limits confidence.","[{'from': 'startup', 'quote': 'creating bio-trained microbial products that restore soils and boost crop resilience'}, {'from': 'mentor', 'quote': 'Head of Science at CDR-focused VC; former Climeworks DAC chemist'}]","['Climate adaptation/mitigation alignment', 'Materials science applicable to biotech formulations', 'VC science leadership perspective']","[""Mentor's experience with biological systems or agriculture"", ""Mentor's knowledge of microbial product development"", ""Mentor's operational experience in ag-biotech or field trials""]"
startup_014,MENTOR_001,0.42,0.65,"Moderate overlap exists: both operate in climate/energy transition sectors, and the mentor's 17+ years in renewables and transaction structuring experience could inform CURA's commercialization and deployment strategy. However, the mentor's expertise is in solar/wind energy and renewable project finance, not industrial decarbonization, carbon capture, or cement/lime chemistry, limiting direct technical or domain alignment.","[{'from': 'startup', 'quote': 'industrial decarbonization company that has developed a patent-pending pre-calcination carbon capture system'}, {'from': 'mentor', 'quote': 'General Counsel for EMEA and Global Head of Transactions at Lightsource bp; 17+ years in renewables'}]","['Climate/energy transition sector alignment', 'Transaction structuring and scaling experience', 'Policy and regulatory navigation (renewables to industrial)']","[""Mentor's experience with industrial processes or carbon capture"", ""Mentor's familiarity with hard-tech commercialization beyond renewables"", ""Startup's specific legal, policy, or transaction needs""]"
startup_014,MENTOR_002,0.78,0.85,"Strong domain match: CURA is decarbonizing cement/lime production, and Magali Anderson was Chief Sustainability & Innovation Officer at Holcim, a global cement leader. Her 27+ years in industrial operations (Schlumberger, oil & gas) and board experience in industrial transformation align well with CURA's hard-tech scaling challenge in heavy industry.","[{'from': 'startup', 'quote': 'tackling the climate-critical challenge of lime and cement emissions, which are chemically unavoidable with legacy methods'}, {'from': 'mentor', 'quote': 'former Chief Sustainability & Innovation Officer at Holcim'}]","['Cement industry expertise (Holcim)', 'Sustainability & decarbonization leadership', 'Heavy industrial operations scaling', 'Board-level strategic guidance']",[]
startup_014,MENTOR_003,0.72,0.75,Strong domain alignment between CURA's industrial decarbonization technology and Julien's 20+ years in sustainable innovation and clean/industrial technology. His experience selling a 100+ employee startup and leading strategic partnerships directly matches CURA's commercialization stage needs. Confidence is moderate due to limited detail on Julien's specific technical depth in carbon capture or cement/lime chemistry.,"[{'from': 'startup', 'quote': 'industrial decarbonization company that has developed a patent-pending pre-calcination carbon capture system'}, {'from': 'mentor', 'quote': '20+ years developing sustainable innovation; sold 100+ employee startup to Screen Japan'}]","['Industrial decarbonization + clean tech expertise', 'Scaling hard tech startups to exit', 'Strategic partnerships for commercialization', 'Sustainability/climate focus alignment']","[""Mentor's specific experience with carbon capture or cement/lime industries"", ""Details on mentor's technical vs. business focus split"", ""Mentor's network relevance to industrial manufacturing sectors""]"
startup_014,MENTOR_004,0.72,0.75,"Strong domain alignment: Elizabeth Grier's climate tech and energy transition expertise directly matches CURA's industrial decarbonization mission. Her financial services background (venture capital, investment banking) and startup scaling experience are highly relevant for a recently incorporated hard-tech company seeking capital and growth. The match is strong but not exceptional due to limited detail on her specific technical or operational experience in cement/industrial processes.","[{'from': 'mentor', 'quote': 'Climate Tech; Energy Transition'}, {'from': 'startup', 'quote': 'industrial decarbonization company that has developed a patent-pending pre-calcination carbon capture system'}]","['Climate tech and energy transition domain expertise', 'Financial services and venture capital experience for capital raising', 'Startup scaling operational knowledge', 'Board governance for early-stage governance needs']","[""Mentor's specific experience with industrial/hard-tech sectors (cement, chemicals)"", ""Mentor's track record with deep-tech or capital-intensive startups"", ""Details on mentor's investment thesis or portfolio companies""]"
startup_014,MENTOR_005,0.68,0.75,"Strong domain overlap in climate tech and decarbonization. Mentor's expertise in climate tech, policy influence, and government advisory aligns well with CURA's industrial decarbonization mission and need to navigate regulatory environments for cement/lime industry transformation. Systems design engineering background is relevant to CURA's retrofit technology approach.","[{'from': 'mentor', 'quote': 'Climate Tech'}, {'from': 'startup', 'quote': 'industrial decarbonization company that has developed a patent-pending pre-calcination carbon capture system'}]","['Climate tech domain expertise', 'Policy and government advisory experience', 'Systems engineering background', 'Investment experience relevant to scaling hard tech']","[""Mentor's specific climate tech sub-domains unclear"", 'Depth of industrial decarbonization experience not specified', 'No detail on cement/materials sector experience']"
startup_014,MENTOR_006,0.72,0.75,"Strong domain alignment: CURA is an industrial decarbonization company targeting cement/lime emissions, and Arnaud has 20+ years in cleantech, renewable energy, ESG strategy, and cleantech commercial development. His experience with major industrial players (ENGIE, Michelin) and sustainability strategy directly overlaps with CURA's climate-critical mission and commercialization needs. Confidence is moderate due to limited detail on his cement/carbon capture technical depth.","[{'from': 'startup', 'quote': 'industrial decarbonization company that has developed a patent-pending pre-calcination carbon capture system'}, {'from': 'mentor', 'quote': '20+ years global experience; ESG strategy; worked with ENGIE, Michelin, Temasek'}]","['Cleantech commercial development expertise', 'ESG and sustainability strategy alignment', 'Experience with large industrial partners', 'Renewable energy systems background']","[""Mentor's specific experience with carbon capture or cement industry"", ""Depth of mentor's technical vs. strategic focus""]"
startup_014,MENTOR_007,0.78,0.85,"Strong domain and operational match. Gaetan's climate tech investment focus at Breakthrough Energy Ventures Europe directly aligns with CURA's industrial decarbonization mission. His deep materials science expertise (PhD, Kurion CTO) is highly relevant to CURA's proprietary CURALYTE molecule and pre-calcination chemistry. His track record scaling a hard-tech startup (Kurion) to $350M acquisition provides valuable operational insight for CURA's commercialization phase.","[{'from': 'mentor', 'quote': 'Climate Tech; Nuclear Waste Management; Materials Science; Aerospace Applications'}, {'from': 'startup', 'quote': 'CURALYTE(TM), a proprietary molecule that reduces energy use and cost by up to 50%'}]","['Climate tech investment expertise', 'Materials science PhD relevant to proprietary chemistry', 'Hard-tech scaling experience (Kurion $350M exit)', 'Breakthrough Energy network for industrial decarbonization']","[""Mentor's specific experience with cement/lime or process industries"", ""Details on mentor's investment thesis and portfolio focus areas""]"
startup_014,MENTOR_008,0.78,0.85,Strong domain match: Lisa's 27 years as McKinsey Senior Partner with sustainability and industrial focus directly aligns with CURA's industrial decarbonization mission in cement/lime. Her expertise advising European green tech investors and M&A/consulting background are highly relevant for scaling a capital-intensive climate tech hardware company targeting global deployment.,"[{'from': 'mentor', 'quote': '27 years McKinsey Senior Partner; sustainability & industrial focus; advises European green tech investors'}, {'from': 'startup', 'quote': 'industrial decarbonization company that has developed a patent-pending pre-calcination carbon capture system that retrofits into existing facilities'}]","['Industrial sustainability expertise', 'Climate tech investor advisory experience', 'M&A and scaling consulting background', 'Strategic fit for capital-intensive hardware deployment']","['Specific cement/lime industry experience unclear', 'Geographic focus (European vs. global) not fully specified']"
startup_014,MENTOR_009,0.42,0.65,"Moderate overlap exists through deep-tech startup scaling expertise and strategic IP management, both relevant to CURA's patent-pending technology commercialization. However, mentor's technical domain (semiconductors, silicon carbide, nanographics) shows no direct connection to industrial decarbonization, carbon capture, or cement/lime chemistry, limiting the depth of domain-specific value.","[{'from': 'startup', 'quote': 'patent-pending pre-calcination carbon capture system that retrofits into existing facilities'}, {'from': 'mentor', 'quote': 'Manages deep-tech startup programs at CEA-Liten; coordinator of HLF Startup Show & Contest'}]","['Deep-tech startup scaling experience', 'Strategic IP management for patent-pending tech', 'Startup program management expertise']","[""Mentor's experience with industrial/chemical process technologies"", ""Mentor's knowledge of carbon capture or decarbonization sectors"", ""Specific examples of mentor's startup outcomes or portfolio companies""]"
startup_014,MENTOR_010,0.52,0.65,"Moderate overlap exists through clean technology domain alignment and startup scaling expertise. Jason's background as a serial entrepreneur who scaled and exited ROOT, plus his investment role at OMC Capital, provides relevant operational and capital-raising guidance for CURA's industrial decarbonization venture. However, no specific evidence of cement/industrial process expertise or deep carbontech domain knowledge limits the match strength.","[{'from': 'startup', 'quote': 'industrial decarbonization company that has developed a patent-pending pre-calcination carbon capture system'}, {'from': 'mentor', 'quote': 'Serial entrepreneur; sold ROOT in 2019; founded family office OMC Capital'}]","['Clean technology sector alignment', 'Startup scaling experience (ROOT exit)', 'Investment/capital expertise via OMC Capital', 'Serial entrepreneur operational knowledge']","['No evidence of cement/lime industry expertise', 'No specific carbontech or industrial process background', 'Unclear if ROOT or other ventures involved hard tech or deep science', ""Limited detail on mentor's technical depth in clean tech""]"
startup_014,MENTOR_011,0.72,0.75,"Strong domain alignment: mentor has deep decarbonization expertise and climate finance experience (COP28 speaker, climate finance advisor) matching CURA's industrial decarbonization mission. Her 25+ years in Canadian capital markets and investment operations expertise are highly relevant for a BC-incorporated carbontech startup seeking to scale. Policy influence capability (B20 taskforce) aligns with CURA's need to navigate regulatory frameworks for cement/lime industry transformation.","[{'from': 'mentor', 'quote': 'Decarbonization; ESG; Risk Assessment'}, {'from': 'startup', 'quote': 'industrial decarbonization company that has developed a patent-pending pre-calcination carbon capture system'}]","['Decarbonization domain expertise', 'Climate finance and capital markets experience', 'Canadian market knowledge (BC incorporation)', 'Policy influence for industrial transformation']","[""Mentor's specific technical depth in cement/lime or carbon capture"", ""Mentor's track record with hard-tech or industrial startups"", 'Details on investment stage focus or ticket sizes']"
startup_014,MENTOR_012,0.52,0.65,"Moderate overlap exists: Caroline's climate tech expertise and 20+ years in public-private funding align with CURA's industrial decarbonization mission and likely capital needs. However, her specific domain tags (water treatment, SaaS) do not directly match cement/lime carbon capture technology, and no evidence of hard-tech scaling or industrial process experience is provided.","[{'from': 'mentor', 'quote': '20+ years public-private funding expertise; advisor to EU governments and European Commission'}, {'from': 'startup', 'quote': 'industrial decarbonization company that has developed a patent-pending pre-calcination carbon capture system'}]","['Climate tech sector alignment', 'Public-private funding expertise relevant to capital-intensive hard tech', 'Policy influence useful for regulatory navigation', 'EU experience may support international expansion']","[""No evidence of mentor's experience with industrial processes or hard-tech scaling"", ""Mentor's tech tags (water treatment, SaaS) do not overlap with cement/carbon capture"", 'Unclear if mentor has experience with North American markets (startup is BC-based)']"
startup_014,MENTOR_013,0.12,0.75,"Minimal domain overlap. CURA focuses on industrial decarbonization, cement/lime carbon capture, and electrochemistry, while the mentor's expertise is in entomology, crop protection, insect ecology, and sustainable agriculture. No credible intersection in technical domain, industry sector, or operational context.","[{'from': 'startup', 'quote': 'industrial decarbonization company that has developed a patent-pending pre-calcination carbon capture system that retrofits into existing facilities'}, {'from': 'mentor', 'quote': 'Entomologist; Programme Leader at NIAB; PhD Imperial College; crop protection & insect ecology expert'}]","['Both operate in sustainability/climate space', 'Mentor has project management experience']","[""No detail on mentor's board governance or investment experience scope"", 'Insufficient mentor bio to assess transferable hard-tech scaling skills']"
startup_014,MENTOR_014,0.25,0.65,"Weak domain overlap. CURA operates in industrial decarbonization (cement/lime carbon capture), while Osnat's expertise is in vertical farming and sustainable agriculture. Both address sustainability, but the technical domains, customer bases, and operational challenges differ substantially. Her startup scaling experience offers generic value, but lacks specific relevance to heavy industrial retrofits or carbontech.","[{'from': 'startup', 'quote': 'industrial decarbonization company that has developed a patent-pending pre-calcination carbon capture system that retrofits into existing facilities'}, {'from': 'mentor', 'quote': 'Vertical Farming; Sustainable Agriculture; Agri Tech'}]","['Both sustainability-focused ventures', 'Startup scaling experience', 'Brand/communications leadership']","[""Mentor's detailed bio unavailable"", 'No evidence of carbontech, heavy industry, or B2B industrial experience', 'Unclear if mentor has relevant technical or operational depth for cement/chemical processes']"
startup_014,MENTOR_015,0.48,0.65,"Moderate overlap exists: the mentor's Climate Tech tag and Strategic IP Management expertise align with CURA's patent-pending carbon capture technology in an industrial decarbonization context. However, the mentor's profile lacks specific domain expertise in industrial chemistry, cement/lime production, or electrochemistry that would provide deeper technical guidance. The IP litigation and patent law focus offers functional value but not operational or technical depth.","[{'from': 'startup', 'quote': 'patent-pending pre-calcination carbon capture system that retrofits into existing facilities to capture 100% of process emissions'}, {'from': 'mentor', 'quote': 'Climate Tech; Strategic IP Management; EPO litigation specialist'}]","['Climate Tech sector alignment', 'Patent/IP strategy for patent-pending technology', 'European patent law expertise for global scaling']","[""Mentor's specific experience with industrial decarbonization or chemical processes"", ""Mentor's track record with hard-tech startups or cement/materials sector"", ""Depth of mentor's operational or commercialization experience beyond legal/IP""]"
startup_014,MENTOR_016,0.42,0.65,"Moderate overlap exists through climate tech investment experience and startup scaling expertise relevant to CURA's industrial decarbonization mission. However, mentor's background is primarily in platform engineering, SaaS, and marketplace tech rather than hard tech, industrial processes, or chemical engineering, limiting domain-specific alignment with CURA's cement/lime carbon capture technology.","[{'from': 'mentor', 'quote': '70+ climate tech investments'}, {'from': 'startup', 'quote': 'industrial decarbonization company that has developed a patent-pending pre-calcination carbon capture system'}]","['Climate tech investment experience', 'Startup scaling operational expertise', 'Board governance for growth-stage companies']","[""Mentor's specific climate tech sub-sectors (software vs. hard tech)"", ""Mentor's experience with industrial/manufacturing startups"", ""Details on mentor's technical depth in physical sciences or chemical processes""]"
startup_014,MENTOR_017,0.48,0.65,"Moderate overlap exists: CURA is a climate tech/industrial decarbonization company, and Aurélie has Climate Tech tags and global sustainability leadership. However, her profile emphasizes ESG compliance, CSRD/ESRS frameworks, and corporate sustainability strategy rather than deep industrial process engineering, carbon capture technology, or cement/lime manufacturing. The match is functional (sustainability/climate) but lacks specific technical or operational domain alignment with CURA's core innovation.","[{'from': 'startup', 'quote': 'industrial decarbonization company that has developed a patent-pending pre-calcination carbon capture system'}, {'from': 'mentor', 'quote': 'Climate Tech; Data & Analytics; AI for Sustainability'}]","['Climate tech / decarbonization alignment', 'Sustainability strategy expertise', 'ESG and corporate innovation experience']","[""Mentor's detailed bio and profile_int are empty"", ""No evidence of mentor's experience with industrial carbon capture, cement/lime sector, or hard tech scaling"", 'Unclear if mentor has worked with early-stage deep tech startups vs. large corporates only']"
startup_014,MENTOR_018,0.68,0.72,"Strong domain overlap exists: Daniel Dib has 35+ years scaling deep tech and climate tech startups, directly relevant to CURA's industrial decarbonization mission and hard-tech commercialization needs. His operational and GTM expertise aligns well with CURA's stage (recently incorporated, moving toward deployment). Confidence is moderate due to limited detail on his specific climate tech or industrial process experience.","[{'from': 'mentor', 'quote': '35+ years executive leadership; scaled fintech, agritech & deep tech startups'}, {'from': 'startup', 'quote': 'CURA is an industrial decarbonization company that has developed a patent-pending pre-calcination carbon capture system'}]","['Deep tech scaling experience', 'Climate tech domain tag', 'Operations and GTM strategy expertise', 'Startup scaling focus matches commercialization stage']","['Specific climate tech or industrial decarbonization projects mentor has worked on', ""Details on mentor's deep tech sectors (e.g., materials, chemicals, energy)"", 'Geographic focus or network relevant to cement/lime industry']"
startup_014,MENTOR_019,0.58,0.65,"Moderate overlap exists: the mentor's climate tech and deep tech expertise aligns with CURA's industrial decarbonization mission, and her focus on startup scaling, fundraising, and sustainability strategy matches CURA's stage as a newly incorporated company seeking to commercialize breakthrough technology. However, there is no evidence of specific domain expertise in cement/lime manufacturing, carbon capture systems, or industrial process engineering, which limits the depth of technical fit.","[{'from': 'startup', 'quote': 'industrial decarbonization company that has developed a patent-pending pre-calcination carbon capture system'}, {'from': 'mentor', 'quote': 'Climate Tech; Deep Tech; Data-Driven Sales; Carbon & Biodiversity'}]","['Climate tech and carbon focus alignment', 'Startup scaling and fundraising expertise', 'Deep tech commercialization experience', 'Sustainability strategy for industrial applications']","['No evidence of cement/lime industry expertise', 'No specific carbon capture technology background', ""Limited detail on mentor's deep tech domain experience"", 'No information on industrial B2B sales experience']"
startup_014,MENTOR_020,0.72,0.75,Strong domain alignment between CURA's industrial decarbonization focus and Magnus's Climate Tech and Industrial Tech expertise. His deep-tech investment background and board governance experience are highly relevant for a hardware-intensive carbontech company scaling patent-pending technology. Confidence is moderate due to limited detail in mentor bio about specific cement/materials experience.,"[{'from': 'startup', 'quote': 'industrial decarbonization company that has developed a patent-pending pre-calcination carbon capture system'}, {'from': 'mentor', 'quote': 'Climate Tech; Nuclear; Semiconductors; Industrial Tech'}]","['Climate Tech and Industrial Tech domain overlap', 'Deep-tech investor experience for hardware scaling', 'Board governance for growth-stage hard tech', 'Investment expertise for capital-intensive carbontech']","['No specific cement/lime/materials sector experience mentioned', ""Limited detail on mentor's operational or technical depth in carbontech"", ""No information on mentor's network in industrial decarbonization""]"
startup_014,MENTOR_021,0.68,0.72,"Strong domain alignment between CURA's industrial decarbonization technology and Florent's climate tech and sustainability strategy expertise. His 20+ years in energy & utilities consulting and role leading climate tech at Capgemini provide relevant sector knowledge for cement/lime carbon capture commercialization, though specific industrial process or carbontech experience is not explicitly documented.","[{'from': 'startup', 'quote': 'industrial decarbonization company that has developed a patent-pending pre-calcination carbon capture system'}, {'from': 'mentor', 'quote': 'Global Head Climate Tech; 20+ years energy & utilities consulting'}]","['Climate tech domain expertise', 'Industrial sustainability strategy experience', 'Energy sector consulting background', 'Corporate innovation and ESG focus']","[""Mentor's specific experience with industrial process emissions or carbon capture"", ""Mentor's track record with hard-tech or deep-tech startups"", ""Details on mentor's AI/data analytics applications to climate solutions""]"
startup_014,MENTOR_022,0.48,0.55,"Moderate overlap exists through shared energy/climate domain and policy expertise relevant to industrial decarbonization. However, mentor's biofuels/energy background lacks specific cement/lime manufacturing or carbon capture technology experience. The entrepreneurship and innovation leadership could support commercialization strategy, but insufficient detail on mentor's hard-tech scaling experience limits confidence.","[{'from': 'startup', 'quote': 'industrial decarbonization company that has developed a patent-pending pre-calcination carbon capture system'}, {'from': 'mentor', 'quote': 'Director of Entrepreneurship & Innovation at École Polytechnique; former SATT President; energy policy expert'}]","['Energy/climate domain alignment', 'Policy expertise for industrial regulation', 'Entrepreneurship & innovation leadership', 'Commercialization experience (SATT)']","[""Mentor's specific experience with hard-tech scaling"", ""Mentor's knowledge of cement/lime industry"", ""Mentor's carbon capture technology expertise"", 'Detailed mentor bio and profile text']"
startup_014,MENTOR_023,0.28,0.65,"Weak overlap. CURA is a deep-tech industrial decarbonization company requiring expertise in hard tech, chemical engineering, and industrial operations. Laurent's 35-year finance career (asset management, institutional sales) offers generic business/fundraising support but lacks specific domain relevance to cement/lime carbon capture technology or industrial-scale deployment.","[{'from': 'startup', 'quote': 'CURA is an industrial decarbonization company that has developed a patent-pending pre-calcination carbon capture system'}, {'from': 'mentor', 'quote': '35 years global finance leadership; former Amundi Global Head of Sales; ex-CEO SGAM Asia'}]","['ESG expertise relevant to climate/decarbonization narrative', 'Finance leadership for fundraising/institutional capital', 'Risk assessment applicable to scaling capital-intensive projects']","['No evidence of industrial/manufacturing sector experience', 'No technical or operational expertise in hard tech or chemical processes', 'Unclear if mentor has climate tech or deep tech investment/advisory experience']"
startup_014,MENTOR_024,0.25,0.3,"Insufficient info to assess fit. The mentor profile provides only academic affiliation (PhD Candidate at Carnegie Mellon) and CDL Fellow status, with no domain expertise, technical background, or operational experience described. Cannot determine relevance to CURA's industrial decarbonization, carbon capture technology, or cement manufacturing focus.","[{'from': 'startup', 'quote': 'industrial decarbonization company that has developed a patent-pending pre-calcination carbon capture system'}, {'from': 'mentor', 'quote': 'PhD Candidate'}]","['Academic research background (potential)', 'CDL network connection']","[""Mentor's research area/technical expertise"", ""Mentor's industry experience or domain knowledge"", ""Mentor's operational or commercialization background"", ""Relevance of mentor's work to climate tech, materials science, or industrial processes""]"
startup_014,MENTOR_025,0.22,0.75,"Minimal domain overlap. CURA operates in industrial decarbonization (cement/lime carbon capture), while Tobias has 30+ years in automotive (EVs, autonomous vehicles, software-defined vehicles). Both involve hard tech and scaling industrial operations, but the technical domains, supply chains, and customer bases are fundamentally different. Insufficient info to identify transferable strategic insights.","[{'from': 'startup', 'quote': 'industrial decarbonization company that has developed a patent-pending pre-calcination carbon capture system'}, {'from': 'mentor', 'quote': '30+ years automotive leadership; GM Canada & China; SDV transformation expert'}]","['Hard tech scaling experience', 'Industrial operations management', 'Canada market presence']","[""Mentor's experience with industrial process industries or heavy manufacturing"", ""Mentor's knowledge of carbon markets, climate tech, or decarbonization"", ""Startup's go-to-market strategy and customer engagement model""]"
startup_014,MENTOR_026,0.28,0.45,"Weak overlap between CURA's industrial decarbonization hardware/chemistry focus and Antoine's SaaS/digital transformation expertise. His operations and investment experience may offer generic business guidance, but no specific domain match in carbontech, cement/lime manufacturing, or electrochemistry is evident. Insufficient info on mentor's industrial or climate tech background.","[{'from': 'startup', 'quote': 'patent-pending pre-calcination carbon capture system that retrofits into existing facilities to capture 100% of process emissions'}, {'from': 'mentor', 'quote': 'Digital transformation leader; Blockchain & Circular Economy Committee President'}]","['Operations experience (generic)', 'Circular economy interest (tangential)', 'Investment background (generic)']","['No evidence of carbontech or industrial decarbonization expertise', 'No cement/lime manufacturing domain knowledge indicated', 'Minimal mentor bio/profile detail provided', 'Unclear relevance of SaaS/robotics to hardware chemistry startup']"
startup_014,MENTOR_027,0.48,0.65,"Moderate overlap exists: the mentor's deep industrial automation and Siemens Executive Committee experience is relevant to CURA's industrial retrofit deployment and scaling of hard tech in cement/lime facilities. However, the mentor's core expertise (robotics, space tech, nuclear physics) does not directly intersect with carbon capture chemistry, electrolysis, or decarbonization technology. M&A experience could support future growth strategy.","[{'from': 'startup', 'quote': 'CURA is an industrial decarbonization company that has developed a patent-pending pre-calcination carbon capture system that retrofits into existing facilities'}, {'from': 'mentor', 'quote': 'Former Siemens Executive Committee; ex-McKinsey Global Director; PhD Nuclear Physics'}]","['Industrial automation and large-scale facility integration', 'Executive leadership at global industrial conglomerate (Siemens)', 'M&A expertise for scaling hard tech', 'Strategic advisory for complex industrial deployments']","[""Mentor's specific experience with chemical processes or decarbonization"", ""Mentor's involvement in cleantech or carbon capture sectors"", ""Details on mentor's robotics/automation applications in heavy industry""]"
startup_014,MENTOR_028,0.68,0.72,"Strong domain overlap in climate tech and deep tech commercialization. Julian's background as bp CIO/VP Digital Science and climate venturing leader aligns well with CURA's industrial decarbonization mission and hard-tech scaling needs. However, limited specific detail on cement/industrial process expertise or electrochemistry reduces confidence in exceptional fit.","[{'from': 'mentor', 'quote': 'Former bp CIO & VP Digital Science; DeepTech & climate venturing leader'}, {'from': 'startup', 'quote': 'industrial decarbonization company that has developed a patent-pending pre-calcination carbon capture system'}]","['Climate tech domain expertise', 'Deep tech commercialization experience', 'Industrial-scale operations background (bp)', 'Investment and venturing leadership']","['No specific cement/lime industry experience mentioned', 'Limited detail on electrochemistry or carbon capture technical depth', 'Unclear if experience includes hardware-intensive industrial retrofits']"
startup_014,MENTOR_029,0.12,0.85,"No credible overlap between CURA's industrial decarbonization/carbon capture technology and Miles Elsden's expertise in autonomous systems, safety assurance, and mobility. The mentor's domain (AI, autonomy, EV) is entirely distinct from the startup's domain (cement/lime production, carbon capture chemistry, industrial process engineering).","[{'from': 'startup', 'quote': 'patent-pending pre-calcination carbon capture system that retrofits into existing facilities to capture 100% of process emissions'}, {'from': 'mentor', 'quote': 'Autonomous Systems; Safety Assurance; EV; Mobility'}]","['No domain overlap', 'Distinct technical expertise areas', 'No functional intersection']",[]
startup_014,MENTOR_030,0.28,0.65,"Weak overlap between CURA's industrial decarbonization technology and Olivier's finance/M&A expertise. His background in investment banking (Lazard, Goldman Sachs) and corporate restructuring could provide generic strategic/fundraising guidance, but there is no evidence of climate tech, industrial process, or cleantech domain experience. His tech tags (Fintech, Data Security) are unrelated to cement/carbon capture.","[{'from': 'mentor', 'quote': 'Former Lazard & Goldman Sachs banker; ex-Citadel; Natixis executive'}, {'from': 'mentor', 'quote': 'M&A; Corporate Restructuring; Investment'}]","['M&A and investment structuring experience', 'Corporate finance and fundraising guidance', 'No climate/industrial tech domain overlap']","['No evidence of cleantech, climate, or industrial sector experience in mentor profile', 'Mentor bio and detailed profile are empty', 'No indication of relevant technical or operational expertise for hard tech scaling']"
startup_014,MENTOR_031,0.22,0.65,"Weak overlap. CURA is a deep-tech industrial decarbonization company focused on cement/lime carbon capture with proprietary chemistry and electrolysis systems. André's expertise is in digital marketing, data-driven marketing, and UX for connected medical solutions. There is no evident domain match (industrial hardware vs. digital health marketing) and no clear functional overlap with CURA's current stage needs in hard tech commercialization.","[{'from': 'startup', 'quote': 'patent-pending pre-calcination carbon capture system that retrofits into existing facilities to capture 100% of process emissions'}, {'from': 'mentor', 'quote': '24+ years digital marketing; connected medical solutions specialist'}]","['Generic marketing expertise applicable to any B2B', 'No industrial decarbonization or hard tech domain experience evident']","[""Mentor's experience with industrial B2B or climate tech"", ""Mentor's involvement in hard tech commercialization or capital equipment sales"", ""Startup's current go-to-market strategy and marketing needs""]"
startup_014,MENTOR_032,0.72,0.75,Strong domain overlap: Andrew's Climate Tech and Energy expertise directly align with CURA's industrial decarbonization mission in cement/lime. His track record raising £2bn+ and scaling startups is highly relevant for a capital-intensive hard-tech venture targeting global deployment. Moderate confidence due to limited detail on Andrew's specific industrial decarbonization or materials/chemical process experience.,"[{'from': 'mentor', 'quote': 'Climate Tech; Space Tech; Energy; Fintech'}, {'from': 'startup', 'quote': 'industrial decarbonization company that has developed a patent-pending pre-calcination carbon capture system'}]","['Climate Tech & Energy domain alignment', '£2bn+ capital raising experience for hard tech', 'Startup scaling expertise for global deployment', 'Board governance for growth-stage industrial ventures']","[""Mentor's specific experience in industrial processes or materials science"", ""Details on mentor's prior engagements in cement/lime or heavy industry"", ""Mentor's network depth in industrial decarbonization ecosystem""]"
startup_014,MENTOR_033,0.72,0.75,"Strong domain overlap: mentor has deep clean tech expertise as former Global Head of Analysis at BNEF (Bloomberg New Energy Finance) and UK energy policy experience, directly relevant to CURA's industrial decarbonization mission in cement/lime. His McKinsey background and policy influence align well with scaling hard tech in regulated, capital-intensive sectors. Moderate confidence due to limited detail on mentor's specific materials or carbon capture experience.","[{'from': 'startup', 'quote': 'industrial decarbonization company that has developed a patent-pending pre-calcination carbon capture system'}, {'from': 'mentor', 'quote': 'Former Global Head of Analysis at BNEF; ex-McKinsey Partner; UK energy policymaker'}]","['Clean tech sector expertise (BNEF)', 'Energy policy and government advisory experience', 'Strategic scaling experience (McKinsey)', 'Materials tech tag relevant to cement innovation']","[""Mentor's specific experience with carbon capture or cement/lime industries"", ""Details on mentor's materials tech work"", ""Mentor's track record with hard tech commercialization""]"
startup_014,MENTOR_034,0.78,0.85,"Strong domain alignment: mentor has direct carbon removal and decarbonization expertise as Head of Science at a CDR-focused VC, plus hands-on experience as a Climeworks DAC chemist. CURA's industrial carbon capture system and proprietary CURALYTE molecule align well with mentor's materials science and decarbonization technical background, though mentor's DAC experience is adjacent rather than identical to CURA's pre-calcination capture approach.","[{'from': 'startup', 'quote': 'patent-pending pre-calcination carbon capture system that retrofits into existing facilities to capture 100% of process emissions'}, {'from': 'mentor', 'quote': 'Head of Science at CDR-focused VC; former Climeworks DAC chemist; PhD EPFL'}]","['Carbon capture technical expertise', 'Materials science for proprietary molecules', 'Decarbonization domain knowledge', 'Industrial climate tech scaling experience']","[""Mentor's specific materials chemistry expertise areas"", ""Mentor's experience with industrial retrofit vs. DAC systems"", ""Depth of mentor's cement/lime industry knowledge""]"
startup_015,MENTOR_001,0.28,0.65,"Weak overlap. Mentor's expertise is in renewable energy (solar/wind), legal/transactional work, and policy, while the startup focuses on sustainable materials for electronics packaging. Both operate in sustainability domains, but the mentor lacks specific experience in materials science, electronics supply chains, or semiconductor packaging. Insufficient info on mentor's bio limits assessment.","[{'from': 'startup', 'quote': 'sustainable materials company which has developed a revolutionary biofoam that transforms renewable bio-based content into a high-performance conductive material'}, {'from': 'mentor', 'quote': 'General Counsel for EMEA and Global Head of Transactions at Lightsource bp; 17+ years in renewables'}]","['Shared sustainability focus', 'Legal/transactional expertise for scaling', 'Policy influence relevant to ESG positioning']","['Mentor bio and detailed profile unavailable', 'No evidence of materials science or electronics industry experience', 'Unclear if mentor has B2B manufacturing or supply chain expertise']"
startup_015,MENTOR_002,0.68,0.75,"Strong domain overlap exists between Intace's sustainable materials innovation and Magali Anderson's deep expertise in sustainability strategy and industrial transformation. Her experience as Chief Sustainability & Innovation Officer at Holcim (a materials/construction company) and board roles focused on sustainability align well with Intace's mission to disrupt petroleum-based packaging with biodegradable alternatives. However, her background is primarily in heavy industry (oil & gas, construction, mining) rather than electronics or semiconductor packaging specifically.","[{'from': 'startup', 'quote': 'sustainable materials company which has developed a revolutionary biofoam that transforms renewable bio-based content into a high-performance conductive material'}, {'from': 'mentor', 'quote': 'former Chief Sustainability & Innovation Officer at Holcim'}]","['Sustainability strategy and innovation leadership', 'Materials industry experience (construction materials at Holcim)', 'Industrial transformation expertise', 'Board-level strategic guidance capability']","[""Mentor's specific experience with electronics/semiconductor industries"", ""Mentor's knowledge of biopolymers or advanced materials R&D"", ""Details on mentor's innovation portfolio at Holcim""]"
startup_015,MENTOR_003,0.78,0.82,"Strong domain alignment exists between Intace's sustainable materials for semiconductor packaging and Julien's expertise in sustainability, clean technology, and semiconductor technology. His 20+ years developing sustainable innovation and experience scaling/selling a 100+ employee startup provide highly relevant operational context for Intace's market entry strategy.","[{'from': 'startup', 'quote': 'sustainable materials company which has developed a revolutionary biofoam that transforms renewable bio-based content into a high-performance conductive material, suitable for specialized electronics and semiconductor packaging'}, {'from': 'mentor', 'quote': '20+ years developing sustainable innovation; sold 100+ employee startup to Screen Japan; Sustainability; Clean Technology; Industrial Technology; Semiconductor Technology'}]","['Semiconductor packaging domain overlap', 'Sustainability/clean tech expertise alignment', 'Startup scaling and exit experience', 'Industrial technology commercialization background']","[""Mentor's specific semiconductor industry connections unclear"", ""Details on mentor's materials science depth not provided""]"
startup_015,MENTOR_004,0.48,0.55,"Moderate overlap exists: Intace is a climate-focused sustainable materials startup, and Elizabeth Grier has climate tech expertise and experience in startup scaling and investment. However, her background is primarily in financial services, energy transition, and venture capital rather than materials science, electronics packaging, or semiconductor supply chains, limiting domain-specific alignment.","[{'from': 'startup', 'quote': 'sustainable materials company which has developed a revolutionary biofoam that transforms renewable bio-based content into a high-performance conductive material'}, {'from': 'mentor', 'quote': 'Climate Tech; Energy Transition'}]","['Climate tech and sustainability alignment', 'Startup scaling and investment experience', 'Board governance for growth-stage companies']","[""Mentor's specific experience with materials science or manufacturing startups"", ""Mentor's knowledge of electronics/semiconductor supply chains"", 'Detailed mentor bio and profile text unavailable']"
startup_015,MENTOR_005,0.42,0.55,"Moderate overlap exists through climate tech alignment and policy/investment expertise relevant to sustainable materials commercialization. However, mentor's quantum and systems engineering background shows limited direct connection to biopolymer materials science or electronics packaging. Insufficient detail on mentor's specific climate tech experience limits confidence.","[{'from': 'startup', 'quote': 'sustainable materials company which has developed a revolutionary biofoam that transforms renewable bio-based content into a high-performance conductive material'}, {'from': 'mentor', 'quote': 'Climate Tech; Investment; Policy Influence; Government Advisory'}]","['Climate tech/sustainability alignment', 'Policy and investment expertise for commercialization', 'Government advisory relevant to regulatory navigation']","[""Mentor's specific climate tech domain experience unclear"", 'No evidence of materials science or electronics packaging expertise', 'Quantum/systems engineering relevance to biofoam unclear']"
startup_015,MENTOR_006,0.68,0.75,"Strong domain overlap in sustainability and cleantech commercialization. Mentor's ESG strategy expertise and cleantech commercial development experience align well with Intace's biodegradable materials innovation and market entry goals. However, mentor lacks specific materials science or electronics packaging domain expertise, limiting technical depth of fit.","[{'from': 'startup', 'quote': 'biodegradable, low- cost, and reducing waste management fees by up to 30%'}, {'from': 'mentor', 'quote': 'Cleantech Commercial Development; Responsible Innovation'}]","['Sustainability/ESG strategy alignment', 'Cleantech commercialization experience', 'Global market development expertise', 'Environmental impact measurement']","[""Mentor's specific experience with materials companies or manufacturing scale-up"", ""Mentor's knowledge of electronics/semiconductor supply chains""]"
startup_015,MENTOR_007,0.72,0.8,"Strong domain match: mentor has deep materials science expertise (PhD) and climate tech investment focus, directly relevant to Intace's sustainable biofoam innovation. Mentor's experience scaling a materials/cleantech startup (Kurion) to $350M acquisition and current role investing in climate solutions align well with Intace's commercialization goals in sustainable materials.","[{'from': 'mentor', 'quote': 'Co-founder & CTO of Kurion; Fukushima deployment; acquired by Veolia for $350M; PhD Materials Science'}, {'from': 'startup', 'quote': 'sustainable materials company which has developed a revolutionary biofoam that transforms renewable bio-based content into a high-performance conductive material'}]","['Materials science PhD matches biofoam innovation', 'Climate tech investment focus aligns with sustainability mission', 'Startup scaling experience (Kurion $350M exit)', 'Managing Director at climate-focused VC']","[""Mentor's specific experience with biopolymers or electronics packaging unclear"", ""Details on mentor's investment thesis and portfolio companies not provided""]"
startup_015,MENTOR_008,0.68,0.75,"Strong domain alignment exists between Intace's sustainable materials focus and Lisa Aberg's 27-year McKinsey background in sustainability and industrial sectors, plus her climate tech expertise. Her M&A and consulting experience is relevant for scaling a materials company targeting a $1.7B market, though specific electronics/semiconductor packaging expertise is not evident.","[{'from': 'startup', 'quote': 'sustainable materials company which has developed a revolutionary biofoam that transforms renewable bio-based content into a high-performance conductive material'}, {'from': 'mentor', 'quote': '27 years McKinsey Senior Partner; sustainability & industrial focus; advises European green tech investors'}]","['Sustainability and climate tech alignment', 'Industrial sector experience for materials scaling', 'M&A expertise for market entry strategy', 'European green tech investor network']","['No evidence of electronics/semiconductor domain knowledge', ""Limited detail on mentor's specific industrial materials experience"", 'Unclear if mentor has B2B supply chain expertise']"
startup_015,MENTOR_009,0.68,0.72,"Strong domain overlap exists: Intace develops conductive biofoam for semiconductor packaging, while Céline has direct expertise in semiconductor technology and manages deep-tech startup programs at CEA-Liten. Her operational focus on startup scaling and strategic IP management aligns well with Intace's commercialization phase as a newly incorporated materials company targeting a specialized electronics market.","[{'from': 'startup', 'quote': 'biofoam that transforms renewable bio-based content into a high-performance conductive material, suitable for specialized electronics and semiconductor packaging'}, {'from': 'mentor', 'quote': 'Semiconductor Technology; Silicon Carbide; Nanographics'}]","['Semiconductor packaging domain overlap', 'Deep-tech startup program management experience', 'Strategic IP management for materials innovation', 'Startup scaling expertise for commercialization phase']","[""Mentor's specific experience with sustainable materials or biofoams"", ""Mentor's network in electronics packaging supply chain"", ""Details on CEA-Liten's materials science capabilities""]"
startup_015,MENTOR_010,0.42,0.55,"Moderate overlap exists through clean technology focus and startup scaling expertise. The mentor's infrastructure and data center background provides tangential relevance to electronics supply chain, though no direct materials science or semiconductor packaging experience is evident. Insufficient detail on mentor's specific clean tech domains limits confidence.","[{'from': 'startup', 'quote': 'sustainable materials company which has developed a revolutionary biofoam that transforms renewable bio-based content into a high-performance conductive material'}, {'from': 'mentor', 'quote': 'Data Centers; Infrastructure; Clean Technology; Applied AI'}]","['Clean technology sector alignment', 'Startup scaling operational expertise', 'Infrastructure/supply chain tangential relevance', 'Serial entrepreneur experience']","[""Mentor's specific clean tech investment domains unclear"", 'No evidence of materials science or manufacturing expertise', 'Unclear if mentor has electronics/semiconductor industry experience', ""Limited detail on mentor's portfolio companies or sector focus""]"
startup_015,MENTOR_011,0.58,0.65,"Moderate overlap exists between Intace's sustainable materials focus and Lida Preyma's decarbonization/ESG expertise and climate finance background. The mentor's capital markets experience and policy influence could support Intace's market entry strategy and sustainability positioning, though there's no direct materials science or electronics packaging domain expertise evident.","[{'from': 'startup', 'quote': 'reducing over 6,000 tons of CO2 emissions per year'}, {'from': 'mentor', 'quote': '25+ years Canadian capital markets; B20 taskforce member; speaker at COP28; climate finance advisor'}]","['Decarbonization and ESG alignment', 'Climate finance and capital markets expertise', 'Policy influence for sustainability ventures', 'Investment experience relevant to scaling']","[""Mentor's specific experience with materials science or manufacturing startups"", ""Mentor's knowledge of electronics/semiconductor industry"", ""Details on mentor's investment thesis or portfolio companies""]"
startup_015,MENTOR_012,0.42,0.55,"Moderate overlap exists through climate tech/sustainability alignment and potential EU funding expertise relevant to a UK-incorporated deep tech materials company. However, mentor's specific domains (water treatment, SaaS) and operational focus (B2B sales, policy) show limited direct connection to semiconductor packaging, biopolymers, or electronics supply chain challenges that define Intace's core business.","[{'from': 'startup', 'quote': 'sustainable materials company which has developed a revolutionary biofoam that transforms renewable bio-based content into a high-performance conductive material'}, {'from': 'mentor', 'quote': '20+ years public-private funding expertise; advisor to EU governments and European Commission'}]","['Climate tech/sustainability alignment', 'EU funding and policy expertise', 'Deep tech commercialization experience', 'B2B sales operational knowledge']","[""Mentor's specific materials science or electronics industry experience unclear"", ""Mentor's track record with hardware/manufacturing startups not specified"", ""Depth of mentor's climate tech involvement beyond water treatment unknown""]"
startup_015,MENTOR_013,0.22,0.65,"Weak overlap between mentor's agri-tech/entomology expertise and startup's sustainable materials/electronics packaging focus. Some tangential connection through sustainability themes and project management operational skills, but no direct domain match in materials science, electronics, semiconductors, or biopolymer chemistry.","[{'from': 'startup', 'quote': 'sustainable materials company which has developed a revolutionary biofoam that transforms renewable bio-based content into a high-performance conductive material'}, {'from': 'mentor', 'quote': 'Agri Tech; Sustainable Agriculture'}]","['Sustainability focus overlap', 'Project management operational skills', 'Bio-based materials tangential connection']","['No mentor expertise in materials science or electronics', 'No mentor background in semiconductor packaging or ESD protection', ""Limited detail on mentor's specific technical capabilities beyond entomology""]"
startup_015,MENTOR_014,0.28,0.65,"Weak overlap between mentor and startup. Both operate in sustainability-focused domains (sustainable agriculture vs. sustainable materials), but Intace's core business is specialized electronics packaging using biofoam, while the mentor's expertise is in vertical farming/agri-tech. The mentor's operational experience in startup scaling could provide generic value, but there is no specific domain match in materials science, electronics, semiconductors, or packaging.","[{'from': 'startup', 'quote': 'sustainable materials company which has developed a revolutionary biofoam that transforms renewable bio-based content into a high-performance conductive material'}, {'from': 'mentor', 'quote': 'Vertical Farming; Sustainable Agriculture; Agri Tech'}]","['Shared sustainability focus', 'Startup scaling experience', 'Brand/communications expertise']","['No mentor expertise in materials science or electronics', 'No mentor background in B2B manufacturing or packaging', 'Limited mentor bio details to assess deeper functional fit']"
startup_015,MENTOR_015,0.42,0.65,"Moderate overlap exists: the mentor's Climate Tech tag aligns with Intace's sustainability mission, and Strategic IP Management expertise is relevant for protecting novel biopolymer innovations. However, the mentor's focus on EPO litigation and patent law does not directly address materials science, manufacturing scale-up, or semiconductor packaging domains central to Intace's business.","[{'from': 'startup', 'quote': 'revolutionary biofoam that transforms renewable bio-based content into a high-performance conductive material'}, {'from': 'mentor', 'quote': 'Strategic IP Management; Climate Tech'}]","['Climate Tech alignment with sustainability goals', 'IP strategy for novel biopolymer protection', 'European patent expertise for UK-incorporated startup']","[""Mentor's experience with materials science or manufacturing"", ""Mentor's track record with electronics/semiconductor sector"", ""Depth of mentor's operational vs. purely legal expertise""]"
startup_015,MENTOR_016,0.42,0.65,"Moderate overlap exists through climate tech investment focus and scaling expertise. Mentor's climate tech portfolio (70+ investments) aligns with Intace's sustainability mission and CO2 reduction goals. However, mentor's core background is in platform/SaaS/marketplace tech (Eventbrite CTO), not materials science, manufacturing, or semiconductor/electronics domains that are central to Intace's biofoam product.","[{'from': 'mentor', 'quote': '70+ climate tech investments'}, {'from': 'startup', 'quote': 'sustainable materials company which has developed a revolutionary biofoam that transforms renewable bio-based content into a high-performance conductive material'}]","['Climate tech investment experience', 'Startup scaling expertise', 'Board governance for growth-stage companies']","['No evidence of materials science or manufacturing expertise', 'No semiconductor/electronics industry background', ""Limited detail on mentor's specific climate tech investment thesis or portfolio composition""]"
startup_015,MENTOR_017,0.68,0.72,"Strong overlap exists between Intace's sustainable materials mission and Aurélie's ESG/sustainability strategy expertise. Her focus on climate tech and corporate innovation aligns well with Intace's goal to reduce CO2 emissions and disrupt petroleum-based packaging. However, limited detail on her materials science or electronics industry experience prevents a higher score.","[{'from': 'startup', 'quote': 'reducing over 6,000 tons of CO2 emissions per year'}, {'from': 'mentor', 'quote': 'Climate Tech; ESG Compliance; Corporate Innovation'}]","['Sustainability strategy expertise matches climate impact goals', 'ESG compliance relevant to biodegradable materials positioning', 'Corporate innovation experience applicable to market entry']","['No evidence of materials science or electronics packaging domain knowledge', ""Limited detail on mentor's experience with hardware/manufacturing startups"", 'Unclear if mentor has worked with early-stage deep tech companies']"
startup_015,MENTOR_018,0.58,0.65,"Moderate overlap exists between mentor's climate tech expertise and Intace's sustainable materials focus, plus operational scaling experience relevant to manufacturing scale-up. However, mentor's background in fintech/agritech/SaaS differs from materials science and semiconductor packaging domains, limiting domain-specific technical alignment.","[{'from': 'startup', 'quote': 'sustainable materials company which has developed a revolutionary biofoam that transforms renewable bio-based content'}, {'from': 'mentor', 'quote': 'Climate Tech; Agri Tech; scaled fintech, agritech & deep tech startups'}]","['Climate tech / sustainability alignment', 'Deep tech startup scaling experience', 'Operations and GTM strategy for manufacturing', '35+ years executive leadership']","[""Mentor's specific materials science or electronics packaging experience unclear"", ""Details on mentor's deep tech domains not specified"", ""Mentor's manufacturing operations background not detailed""]"
startup_015,MENTOR_019,0.68,0.72,"Strong domain alignment exists between Intace's sustainable materials focus and Sabrina's Climate Tech/Deep Tech expertise. Her operational tags in Startup Scaling, Fundraising, and Sustainability Strategy directly match Intace's stage (recently incorporated, targeting market capture) and mission (biodegradable materials reducing CO2 emissions). However, limited detail on mentor's specific materials science or electronics packaging experience prevents a higher score.","[{'from': 'startup', 'quote': 'sustainable materials company which has developed a revolutionary biofoam that transforms renewable bio-based content into a high-performance conductive material'}, {'from': 'mentor', 'quote': 'Climate Tech; Deep Tech; Data-Driven Sales; Carbon & Biodiversity'}]","['Climate Tech/sustainability alignment', 'Deep Tech materials innovation overlap', 'Startup Scaling for early-stage company', 'Fundraising expertise for market entry']","[""Mentor's specific experience with materials science or electronics industry"", ""Mentor's track record with hardware/manufacturing startups"", ""Depth of mentor's biodiversity/carbon expertise application to materials""]"
startup_015,MENTOR_020,0.68,0.72,"Strong domain overlap exists: Magnus has semiconductors expertise and Intace produces materials for semiconductor packaging. His climate tech focus aligns with Intace's sustainability mission (biodegradable materials, CO2 reduction). Investment and board governance experience is relevant for a newly incorporated startup seeking capital and strategic guidance.","[{'from': 'startup', 'quote': 'sustainable materials company which has developed a revolutionary biofoam...suitable for specialized electronics and semiconductor packaging'}, {'from': 'mentor', 'quote': 'Climate Tech; Nuclear; Semiconductors; Industrial Tech'}]","['Semiconductors domain expertise', 'Climate tech / sustainability focus', 'Deep-tech investment experience', 'Board governance for early-stage company']","[""Mentor's specific semiconductor sector experience depth unclear"", ""No detail on mentor's materials science or packaging knowledge"", ""Limited information on mentor's operational vs. purely investment background""]"
startup_015,MENTOR_021,0.48,0.65,"Moderate overlap exists through sustainability and climate tech dimensions. The mentor's climate tech expertise and ESG focus align with Intace's biodegradable materials mission and CO2 reduction goals. However, the mentor's background in energy/utilities consulting and corporate innovation shows limited direct relevance to materials science, electronics packaging, or semiconductor supply chains.","[{'from': 'startup', 'quote': 'reducing over 6,000 tons of CO2 emissions per year'}, {'from': 'mentor', 'quote': 'Global Head Climate Tech; ESG; Climate Tech; AI for Sustainability'}]","['Climate tech and sustainability alignment', 'ESG strategy relevant to green materials', 'Corporate innovation experience']","[""Mentor's specific materials science or manufacturing expertise unclear"", 'No evidence of electronics/semiconductor industry experience', ""Limited detail on mentor's operational scaling experience in hardware/materials""]"
startup_015,MENTOR_022,0.42,0.65,"Moderate overlap exists through bio-based materials and sustainability focus. Mentor's biofuels/energy expertise and entrepreneurship leadership provide relevant but not specialized guidance for biofoam electronics packaging. Policy influence experience could help with sustainability market positioning, though semiconductor packaging is outside core energy domain.","[{'from': 'startup', 'quote': 'sustainable materials company which has developed a revolutionary biofoam that transforms renewable bio-based content'}, {'from': 'mentor', 'quote': 'Biofuels; Energy'}]","['Bio-based materials expertise overlap', 'Sustainability/renewable focus alignment', 'Entrepreneurship & innovation leadership', 'Policy influence for market positioning']","[""Mentor's specific experience with materials science or manufacturing"", ""Mentor's knowledge of electronics/semiconductor industry"", ""Details on mentor's commercialization track record""]"
startup_015,MENTOR_023,0.28,0.65,"Weak overlap between mentor's finance/institutional sales expertise and startup's sustainable materials/electronics packaging focus. Mentor's ESG tag provides minimal connection to sustainability, but lacks domain-specific knowledge in materials science, manufacturing, or electronics supply chain. Primarily generic business guidance potential.","[{'from': 'startup', 'quote': 'sustainable materials company which has developed a revolutionary biofoam that transforms renewable bio-based content into a high-performance conductive material'}, {'from': 'mentor', 'quote': '35 years global finance leadership; former Amundi Global Head of Sales; ex-CEO SGAM Asia'}]","['ESG tag suggests sustainability awareness', 'Finance expertise for fundraising/institutional engagement', 'Global sales leadership experience']","['No evidence of materials science or manufacturing expertise', 'No electronics/semiconductor industry experience indicated', 'No B2B supply chain or industrial sales background shown']"
startup_015,MENTOR_024,0.25,0.3,"Insufficient info. The mentor profile provides only academic affiliation (PhD Candidate at Carnegie Mellon) and CDL Fellow status, with no details on research focus, domain expertise, or operational experience. Cannot assess meaningful overlap with Intace's sustainable materials, biofoam technology, electronics packaging, or commercialization needs.","[{'from': 'startup', 'quote': 'sustainable materials company which has developed a revolutionary biofoam that transforms renewable bio-based content into a high-performance conductive material'}, {'from': 'mentor', 'quote': 'PhD Candidate'}]","['Academic background (PhD level)', 'CDL ecosystem connection']","[""Mentor's research domain/focus area"", ""Mentor's technical expertise or industry experience"", ""Mentor's functional skills (R&D, commercialization, operations, etc.)"", 'Relevance to materials science, electronics, sustainability, or manufacturing']"
startup_015,MENTOR_025,0.22,0.65,"Weak overlap. Intace focuses on sustainable biofoam materials for electronics/semiconductor packaging, while Tobias has deep automotive industry expertise (GM, software-defined vehicles, EVs). There is minimal domain intersection; automotive electronics packaging is a narrow potential bridge, but no evidence suggests Tobias has materials science, semiconductor supply chain, or sustainable packaging experience.","[{'from': 'startup', 'quote': 'biofoam that transforms renewable bio-based content into a high-performance conductive material, suitable for specialized electronics and semiconductor packaging'}, {'from': 'mentor', 'quote': '30+ years automotive leadership; GM Canada & China; SDV transformation expert'}]","['Automotive electronics tangential link', 'Supply chain management experience (GM)', 'No materials science or semiconductor expertise evident']","[""Mentor's experience with materials science or sustainable packaging"", ""Mentor's involvement in electronics supply chain beyond automotive"", ""Startup's specific go-to-market strategy or industry verticals targeted""]"
startup_015,MENTOR_026,0.42,0.55,"Moderate overlap exists through the mentor's circular economy expertise and digital transformation background, which could support Intace's sustainable materials business model and operational scaling. However, the mentor's core expertise in SaaS, robotics, and blockchain shows limited direct alignment with biofoam materials science, semiconductor packaging, or specialized electronics manufacturing.","[{'from': 'mentor', 'quote': 'Blockchain & Circular Economy Committee President'}, {'from': 'startup', 'quote': 'biodegradable, low- cost, and reducing waste management fees by up to 30%'}]","['Circular economy expertise', 'Digital transformation for operations scaling', 'Sustainability-focused business models']","[""Mentor's specific experience with materials science or manufacturing"", ""Mentor's knowledge of electronics/semiconductor supply chains"", ""Details on mentor's investment thesis or portfolio relevance""]"
startup_015,MENTOR_027,0.42,0.65,"Moderate overlap exists through industrial manufacturing and electronics supply chain experience. Mentor's Siemens executive background and industrial automation expertise provide relevant operational scaling knowledge for a materials manufacturing company targeting electronics packaging. However, no direct evidence of sustainable materials, biopolymers, or semiconductor packaging expertise is present.","[{'from': 'startup', 'quote': 'suitable for specialized electronics and semiconductor packaging without the need for any additives'}, {'from': 'mentor', 'quote': 'Former Siemens Executive Committee; ex-McKinsey Global Director'}]","['Industrial manufacturing scaling experience', 'Electronics industry exposure via Siemens', 'Strategic M&A expertise for market entry', 'Large-scale operations management']","['No evidence of sustainable materials expertise', 'No biopolymer or chemical engineering background', ""Limited detail on mentor's specific functional roles"", 'No indication of packaging or supply chain specialization']"
startup_015,MENTOR_028,0.68,0.72,"Strong domain overlap exists: Julian Gray has deep experience in climate tech and biotechnology, directly relevant to Intace's sustainable biofoam innovation. His background as bp CIO/VP Digital Science and DeepTech venturing leader aligns well with a materials science startup targeting industrial electronics markets. However, limited detail on his specific materials science or packaging industry experience prevents a higher score.","[{'from': 'startup', 'quote': 'sustainable materials company which has developed a revolutionary biofoam that transforms renewable bio-based content into a high-performance conductive material'}, {'from': 'mentor', 'quote': 'Former bp CIO & VP Digital Science; DeepTech & climate venturing leader'}]","['Climate tech and sustainability focus alignment', 'Biotechnology expertise matches bio-based materials', 'DeepTech venturing experience relevant to materials innovation', 'Investment background useful for scaling manufacturing']","['No explicit materials science or packaging industry experience mentioned', ""Limited detail on mentor's specific biotechnology domain expertise"", 'Unclear if mentor has electronics supply chain knowledge']"
startup_015,MENTOR_029,0.12,0.75,"Minimal overlap exists between Intace's sustainable materials/biofoam for electronics packaging and Miles Elsden's expertise in autonomous systems, safety assurance, and mobility. The mentor's focus on AI, autonomy, and policy advisory work does not align with the startup's core domain of biodegradable conductive materials and semiconductor packaging.","[{'from': 'startup', 'quote': 'biofoam that transforms renewable bio-based content into a high-performance conductive material, suitable for specialized electronics and semiconductor packaging'}, {'from': 'mentor', 'quote': 'Autonomous Systems; Safety Assurance; EV; Mobility'}]","['No domain overlap: materials vs. autonomy', 'No functional overlap: manufacturing vs. policy/safety', 'Potential tangential EV connection (weak)']","[""Mentor's detailed bio content not provided"", ""Startup's full profile text empty"", ""No evidence of mentor's materials or manufacturing expertise""]"
startup_015,MENTOR_030,0.28,0.7,"Weak overlap between mentor and startup. Mentor's expertise centers on fintech, M&A, and investment banking (Lazard, Goldman Sachs, Citadel, Natixis), while Intace operates in sustainable materials and biofoam for electronics packaging. The mentor could provide generic financial/M&A guidance but lacks domain-specific knowledge in materials science, manufacturing, or electronics supply chains.","[{'from': 'startup', 'quote': 'sustainable materials company which has developed a revolutionary biofoam that transforms renewable bio-based content into a high-performance conductive material'}, {'from': 'mentor', 'quote': 'Former Lazard & Goldman Sachs banker; ex-Citadel; Natixis executive'}]","['M&A and investment experience applicable to fundraising', 'Corporate restructuring skills for scaling operations', 'Financial advisory for market entry strategy']","['No evidence of materials science or manufacturing expertise', 'No indication of electronics/semiconductor industry knowledge', 'No sustainability or cleantech sector experience mentioned']"
startup_015,MENTOR_031,0.42,0.65,"Moderate overlap exists through the mentor's digital marketing expertise and the startup's need to penetrate a specialized B2B market for sustainable electronics packaging. However, the mentor's background in connected medical solutions and digital media does not directly align with materials science, semiconductor packaging, or sustainable manufacturing operations that define Intace's core business.","[{'from': 'startup', 'quote': 'capturing 5% of the $1.7B global market by selling 2,500 tons annually'}, {'from': 'mentor', 'quote': '24+ years digital marketing; connected medical solutions specialist'}]","['B2B marketing for specialized industrial products', 'Data-driven go-to-market strategies', 'Commercial scaling experience']","[""Mentor's experience with materials/manufacturing sectors unclear"", 'No evidence of sustainability or electronics industry background', ""Startup's specific marketing/commercial challenges not detailed""]"
startup_015,MENTOR_032,0.48,0.55,"Moderate overlap exists: Intace operates in sustainable materials (Climate Tech alignment), and Andrew's expertise in startup scaling and capital raising (£2bn+) is relevant for a company targeting 5% of a $1.7B market. However, his specific domain tags (Space Tech, Energy, Fintech) do not directly intersect with biofoam materials or electronics packaging, limiting the depth of technical or sector-specific match.","[{'from': 'startup', 'quote': 'sustainable materials company which has developed a revolutionary biofoam'}, {'from': 'mentor', 'quote': 'Climate Tech; Raised £2bn+; Startup Scaling'}]","['Climate Tech / sustainability alignment', 'Capital raising experience (£2bn+)', 'Startup scaling expertise', 'Board governance for growth-stage companies']","[""Mentor's specific experience in materials science or electronics packaging"", ""Mentor's track record in manufacturing or supply chain operations"", ""Details on mentor's involvement in hardware or deep-tech startups""]"
startup_015,MENTOR_033,0.68,0.72,"Strong domain overlap exists: mentor has Materials and Clean Tech expertise matching Intace's sustainable biofoam innovation, plus policy/government advisory experience relevant to navigating regulatory landscapes for novel materials in electronics. However, mentor's background in energy policy and telecommunications is less directly applicable to semiconductor packaging and ESD protection markets.","[{'from': 'startup', 'quote': 'sustainable materials company which has developed a revolutionary biofoam that transforms renewable bio-based content into a high-performance conductive material'}, {'from': 'mentor', 'quote': 'Materials; Clean Tech'}]","['Materials innovation expertise', 'Clean tech/sustainability focus', 'Policy and regulatory navigation', 'Market analysis background (ex-BNEF)']","[""Mentor's specific materials science depth unclear"", 'No evidence of electronics/semiconductor sector experience', ""Limited detail on mentor's clean tech portfolio focus""]"
startup_015,MENTOR_034,0.68,0.75,"Strong domain overlap in sustainable materials and decarbonization. Mentor's materials science expertise and carbon reduction focus align well with Intace's biodegradable biofoam innovation and CO2 reduction goals. However, mentor's background in direct air capture chemistry may not directly translate to conductive biopolymer development or electronics packaging.","[{'from': 'startup', 'quote': 'reducing over 6,000 tons of CO2 emissions per year'}, {'from': 'mentor', 'quote': 'Decarbonization; Materials Science'}]","['Materials science expertise', 'Decarbonization/carbon reduction alignment', 'Sustainable materials development', 'Climate-tech venture experience']","[""Mentor's specific materials science sub-domains beyond DAC"", ""Mentor's experience with biopolymers or electronics applications"", ""Depth of mentor's commercialization/manufacturing expertise""]"
startup_016,MENTOR_001,0.68,0.75,"Strong domain overlap exists: HalioGen operates in clean energy storage to enable renewable integration, while Alexandra has 17+ years in renewables and leads transactions at a major solar developer. Her legal/transactional expertise and policy influence align well with a hardware cleantech startup navigating regulatory frameworks, partnerships, and capital raises. However, her solar/wind focus is adjacent rather than directly in energy storage technology.","[{'from': 'startup', 'quote': 'addresses the critical challenge of renewable intermittency by providing safe, affordable, and scalable storage to balance supply and demand'}, {'from': 'mentor', 'quote': 'General Counsel for EMEA and Global Head of Transactions at Lightsource bp; 17+ years in renewables'}]","['Renewables sector experience (17+ years)', 'Legal/transactional expertise for cleantech scaling', 'Policy influence via Solar Energy UK board', 'Adjacent domain: solar/wind complements storage']","[""Mentor's specific experience with energy storage or battery technologies"", ""Mentor's involvement in hardware manufacturing or supply chain"", ""Details on mentor's transaction types (M&A, project finance, etc.)""]"
startup_016,MENTOR_002,0.72,0.78,"Strong domain overlap exists between HalioGen's clean-tech energy storage mission and Magali Anderson's extensive energy sector experience (27+ years at Schlumberger, oil & gas operations) combined with her sustainability leadership role at Holcim. Her board-level strategic perspective on industrial transformation and sustainability strategy aligns well with HalioGen's goal to scale manufacturing and capture market share in the medium-duration storage segment.","[{'from': 'startup', 'quote': 'clean-tech company developing a membrane-free zinc-bromine redox flow battery for long-duration energy storage'}, {'from': 'mentor', 'quote': 'former Chief Sustainability & Innovation Officer at Holcim; 27+ years at Schlumberger including Angola CEO'}]","['Energy sector operations expertise', 'Sustainability and industrial transformation leadership', 'Board-level strategic scaling experience', 'Clean energy transition domain knowledge']","[""Mentor's specific experience with battery technology or electrochemistry"", ""Mentor's involvement in early-stage hardware startups vs. large corporates only""]"
startup_016,MENTOR_003,0.72,0.75,"Strong domain alignment: mentor has 20+ years in sustainable innovation and clean technology, directly matching HalioGen's clean-tech energy storage mission. Mentor's experience scaling and selling a 100+ employee startup provides relevant operational and exit insights for a hardware-intensive venture. Business development and strategic partnerships expertise align well with HalioGen's need to penetrate the medium-duration storage market and achieve mass manufacturing scale.","[{'from': 'mentor', 'quote': '20+ years developing sustainable innovation; sold 100+ employee startup to Screen Japan'}, {'from': 'startup', 'quote': 'clean-tech company developing a membrane-free zinc-bromine redox flow battery for long-duration energy storage'}]","['Clean technology and sustainability domain expertise', 'Scaled and exited hardware/industrial startup', 'Business development and strategic partnerships', 'Investment and growth strategy experience']","[""Mentor's specific technical depth in electrochemistry or battery systems unclear"", ""Mentor's geographic focus and network relevance to UK/Europe not specified"", ""Details on mentor's involvement in manufacturing scale-up not provided""]"
startup_016,MENTOR_004,0.72,0.75,"Strong domain alignment: Elizabeth Grier's climate tech and energy transition expertise directly matches HalioGen's clean-tech energy storage mission. Her financial services background (venture capital, investment banking) and startup scaling experience are highly relevant for a 2023-incorporated company targeting mass manufacturing and market capture. The match is strong but not exceptional due to limited detail on her specific technical depth in battery/electrochemistry or manufacturing operations.","[{'from': 'mentor', 'quote': 'Climate Tech; Energy Transition'}, {'from': 'startup', 'quote': 'clean-tech company developing a membrane-free zinc-bromine redox flow battery for long-duration energy storage'}]","['Climate tech and energy transition domain expertise', 'Financial services and venture capital experience for scaling', 'Startup scaling and investment guidance', 'Board governance for early-stage growth']","[""Mentor's specific experience with hardware/manufacturing startups"", ""Mentor's technical depth in electrochemistry or battery systems"", ""Mentor's track record with UK or European cleantech ventures""]"
startup_016,MENTOR_005,0.68,0.72,"Strong domain overlap exists: HalioGen operates in clean-tech energy storage, and Jason has deep climate tech expertise, policy influence experience, and government advisory background—all highly relevant for a cleantech startup targeting grid-scale deployment and regulatory environments. However, mentor profile lacks specific detail on electrochemistry, battery technology, or manufacturing scale-up experience that would elevate fit to exceptional.","[{'from': 'startup', 'quote': 'clean-tech company developing a membrane-free zinc-bromine redox flow battery for long-duration energy storage'}, {'from': 'mentor', 'quote': 'Climate Tech'}]","['Climate tech domain alignment', 'Policy influence for grid-scale deployment', 'Government advisory relevant to energy regulation', 'Systems design engineering perspective']","['No explicit battery/electrochemistry expertise mentioned', 'No manufacturing or hardware scale-up experience detailed', 'Limited operational detail in mentor profile']"
startup_016,MENTOR_006,0.72,0.78,"Strong domain alignment: mentor has 20+ years in renewable energy systems and cleantech commercial development, directly matching HalioGen's long-duration energy storage mission. Experience with major energy players (ENGIE) and ESG strategy aligns well with HalioGen's clean-tech positioning and market ambitions. Moderate confidence due to limited detail on mentor's specific battery/storage expertise.","[{'from': 'mentor', 'quote': '20+ years global experience; ESG strategy; worked with ENGIE, Michelin, Temasek'}, {'from': 'startup', 'quote': 'clean-tech company developing a membrane-free zinc-bromine redox flow battery for long-duration energy storage'}]","['Renewable energy systems expertise', 'Cleantech commercial development experience', 'ESG and sustainability strategy alignment', 'Major energy sector relationships (ENGIE)']","[""Mentor's specific experience with energy storage technologies"", ""Mentor's track record in hardware/manufacturing scale-up"", ""Details on mentor's commercial partnerships or market entry strategies""]"
startup_016,MENTOR_007,0.72,0.8,"Strong domain match: Gaetan has deep climate tech investment experience at Breakthrough Energy Ventures Europe and operational scaling expertise from co-founding Kurion (acquired for $350M). His materials science PhD and startup-to-exit track record align well with HalioGen's membrane-free battery innovation and scale-up ambitions. However, his background is nuclear/aerospace-focused rather than electrochemistry or energy storage specifically, limiting perfect alignment.","[{'from': 'mentor', 'quote': 'Managing Director Breakthrough Energy Ventures Europe Climate Tech Co-founder & CTO of Kurion acquired by Veolia for $350M'}, {'from': 'startup', 'quote': 'membrane-free zinc-bromine redox flow battery for long-duration energy storage addresses the critical challenge of renewable intermittency'}]","['Climate tech investment expertise (BEV Europe)', 'Materials science PhD relevant to battery innovation', 'Proven startup scaling and exit (Kurion $350M)', 'Clean energy infrastructure focus']","['No explicit energy storage or electrochemistry experience mentioned', 'Unclear if mentor has direct battery/flow battery domain knowledge']"
startup_016,MENTOR_008,0.72,0.78,"Strong domain alignment: Lisa Aberg's 27-year McKinsey Senior Partner background with sustainability and industrial focus directly matches HalioGen's clean-tech energy storage mission. Her expertise advising European green tech investors and M&A/consulting operations tags align well with HalioGen's UK incorporation, scaling ambitions, and need for strategic positioning in the medium-duration storage segment.","[{'from': 'mentor', 'quote': '27 years McKinsey Senior Partner; sustainability & industrial focus; advises European green tech investors'}, {'from': 'startup', 'quote': 'clean-tech company developing a membrane-free zinc-bromine redox flow battery for long-duration energy storage'}]","['Sustainability & climate tech domain expertise', 'European green tech investor advisory experience', 'Industrial scaling and M&A operational knowledge', 'Strategic consulting for market positioning']","[""Mentor's specific technical depth in electrochemistry or battery systems unclear"", ""Mentor's direct experience with hardware manufacturing scale-up not detailed""]"
startup_016,MENTOR_009,0.42,0.55,"Moderate overlap exists: the mentor manages deep-tech startup programs and strategic IP, which aligns with HalioGen's clean-tech commercialization needs. However, the mentor's technical expertise (semiconductors, silicon carbide, nanographics) does not directly intersect with electrochemical energy storage or flow battery technology, limiting domain-specific value.","[{'from': 'mentor', 'quote': 'Manages deep-tech startup programs at CEA-Liten'}, {'from': 'startup', 'quote': 'membrane-free zinc-bromine redox flow battery for long-duration energy storage'}]","['Deep-tech startup scaling experience', 'Strategic IP management expertise', 'Clean-tech ecosystem familiarity']","[""Mentor's experience with energy storage or electrochemistry"", ""Mentor's track record with hardware manufacturing scale-up"", ""Mentor's network in energy/grid infrastructure sectors""]"
startup_016,MENTOR_010,0.68,0.72,"Strong domain overlap exists: the mentor's expertise in clean technology and data centers aligns well with HalioGen's long-duration energy storage for grids and critical infrastructure. His experience scaling startups and investment background through OMC Capital is relevant to HalioGen's commercialization and market capture goals. However, limited detail on the mentor's specific clean-tech domain knowledge and operational experience in hardware/manufacturing reduces confidence.","[{'from': 'mentor', 'quote': 'Data Centers; Infrastructure; Clean Technology; Applied AI'}, {'from': 'startup', 'quote': 'enable 24/7 clean power for grids, industry, critical infrastructure and others'}]","['Clean technology sector alignment', 'Infrastructure and data center energy needs', 'Startup scaling and investment experience', 'Critical infrastructure power applications']","[""Depth of mentor's clean-tech domain expertise unclear"", ""No detail on mentor's hardware/manufacturing experience"", 'Unclear if mentor has energy storage or electrochemistry knowledge']"
startup_016,MENTOR_011,0.58,0.65,"Moderate overlap exists: the mentor's 25+ years in Canadian capital markets and climate finance advisory align with HalioGen's need for capital to scale manufacturing and achieve market penetration goals. However, the mentor's profile lacks specific technical expertise in energy storage, battery technology, or cleantech operations that would directly match HalioGen's membrane-free zinc-bromine innovation.","[{'from': 'mentor', 'quote': '25+ years Canadian capital markets; climate finance advisor'}, {'from': 'startup', 'quote': 'capture about 3% of the total market, yielding a $2B USD market by 2050'}]","['Capital markets expertise for scaling', 'Climate finance alignment with cleantech mission', 'Decarbonization focus matches energy storage sector']","[""Mentor's specific experience with battery/energy storage companies"", ""Mentor's operational or technical advisory background in cleantech"", ""Details on mentor's investment thesis or portfolio relevance""]"
startup_016,MENTOR_012,0.48,0.65,"Moderate overlap exists: the mentor's climate tech expertise and EU-funded project coordination experience align with HalioGen's clean-tech battery development and UK/European market context. However, the mentor's specific domain tags (water treatment, SaaS) do not directly match energy storage hardware, and no evidence of electrochemistry, manufacturing scale-up, or battery sector experience is provided.","[{'from': 'startup', 'quote': 'clean-tech company developing a membrane-free zinc-bromine redox flow battery for long-duration energy storage'}, {'from': 'mentor', 'quote': 'Climate Tech; EU-Funded Project Coordination; advisor to EU governments and European Commission'}]","['Climate tech sector alignment', 'EU funding and policy navigation expertise', 'B2B sales relevant to grid/industrial customers', 'Public-private funding for capital-intensive cleantech']","['No evidence of energy storage or battery sector experience', 'No hardware/manufacturing scale-up expertise mentioned', ""Mentor's water treatment and SaaS tags do not match startup's core technology""]"
startup_016,MENTOR_013,0.12,0.75,"Minimal domain overlap exists between HalioGen's clean-tech energy storage focus and Gia Aradottir's expertise in agri-tech, entomology, and crop protection. While both operate in sustainability-adjacent sectors, the mentor's technical background in insect ecology and sustainable agriculture offers no credible intersection with membrane-free zinc-bromine battery technology, grid-scale energy storage, or electrochemical systems.","[{'from': 'startup', 'quote': 'membrane-free zinc-bromine redox flow battery for long-duration energy storage'}, {'from': 'mentor', 'quote': 'Entomologist; crop protection & insect ecology expert'}]","['Both in sustainability domains', 'No technical domain overlap', 'No energy storage expertise evident']","[""Mentor's bio and detailed profile are empty"", 'No evidence of energy/cleantech experience in mentor profile', 'Unclear if mentor has board governance experience relevant to hardware/energy startups']"
startup_016,MENTOR_014,0.22,0.75,"Weak overlap between mentor and startup domains. Mentor's expertise is in vertical farming, sustainable agriculture, and agri-tech brand building, while the startup develops zinc-bromine flow batteries for energy storage. The only potential connection is generic startup scaling experience, but no evidence of cleantech, energy storage, hardware manufacturing, or battery technology expertise.","[{'from': 'mentor', 'quote': 'Co-founder of Infarm; leads brand and communications; background in film and journalism'}, {'from': 'startup', 'quote': 'developing a membrane-free zinc-bromine redox flow battery for long-duration energy storage'}]","['Startup scaling experience', 'Brand building for sustainability-focused ventures']","['No evidence of cleantech or energy storage domain expertise', 'No hardware/manufacturing experience indicated', ""Limited detail on mentor's operational scaling methods"", 'No indication of B2B industrial sales experience relevant to grid/infrastructure customers']"
startup_016,MENTOR_015,0.42,0.65,"Moderate overlap exists: the mentor's Climate Tech tag and Strategic IP Management expertise align with HalioGen's clean-tech battery innovation and likely need for patent protection in a competitive energy storage market. However, the mentor's profile lacks specific energy storage, electrochemistry, or manufacturing scale-up experience, limiting the depth of domain match.","[{'from': 'startup', 'quote': 'membrane-free zinc-bromine redox flow battery for long-duration energy storage'}, {'from': 'mentor', 'quote': 'Climate Tech; Strategic IP Management; EPO litigation specialist'}]","['Climate Tech sector alignment', 'IP strategy for novel battery architecture', 'European patent expertise (UK incorporation)']","['No evidence of energy storage or electrochemistry domain knowledge', 'No operational or manufacturing scale-up experience mentioned', ""Limited detail on mentor's Climate Tech depth beyond tag""]"
startup_016,MENTOR_016,0.48,0.65,"Moderate overlap exists: Renaud has deep climate tech investment experience (70+ investments) and startup scaling expertise, which align with HalioGen's clean-tech mission and growth ambitions. However, his background is primarily in software (SaaS, platform engineering, Eventbrite CTO) rather than hardware, energy storage, or electrochemistry, limiting direct technical or operational relevance to a membrane-free battery company.","[{'from': 'mentor', 'quote': '70+ climate tech investments'}, {'from': 'startup', 'quote': 'clean-tech company developing a membrane-free zinc-bromine redox flow battery for long-duration energy storage'}]","['Climate tech investment expertise', 'Startup scaling and board governance experience', 'Venture capital perspective for growth stage']","['No evidence of hardware or energy storage domain expertise', 'No indication of manufacturing or supply chain experience relevant to battery production', 'Unclear if climate tech investments include energy storage or hardware companies']"
startup_016,MENTOR_017,0.42,0.65,"Moderate overlap exists: the mentor's climate tech and sustainability strategy expertise aligns with HalioGen's clean-tech mission and long-duration energy storage for renewable grids. However, the mentor's profile emphasizes ESG compliance, corporate sustainability transformation, and AI-driven analytics rather than deep technical or operational expertise in battery technology, energy storage systems, or hardware manufacturing that would directly match HalioGen's membrane-free zinc-bromine innovation and scale-up challenges.","[{'from': 'startup', 'quote': 'clean-tech company developing a membrane-free zinc-bromine redox flow battery for long-duration energy storage'}, {'from': 'mentor', 'quote': 'Climate Tech; ESG; Sustainability Strategy; Corporate Innovation'}]","['Climate tech and clean energy alignment', 'Sustainability strategy for scaling clean-tech ventures', 'Corporate innovation and ESG positioning']","[""Mentor's technical depth in energy storage or battery systems unclear"", ""Mentor's experience with hardware manufacturing or supply chain scale-up not evident"", ""Mentor's direct involvement with early-stage deep-tech startups not specified""]"
startup_016,MENTOR_018,0.68,0.72,"Strong domain overlap exists: the mentor has deep tech and climate tech expertise, directly relevant to HalioGen's clean-tech battery innovation. His 35+ years scaling startups and operations experience align well with HalioGen's ambition to mass-manufacture and capture market share by 2050. However, specifics on energy storage, electrochemistry, or hardware manufacturing are absent, limiting confidence.","[{'from': 'mentor', 'quote': '35+ years executive leadership; scaled fintech, agritech & deep tech startups'}, {'from': 'startup', 'quote': 'mass manufacturing, to capture about 3% of the total market, yielding a $2B USD market by 2050'}]","['Climate Tech and Deep Tech domain alignment', 'Startup scaling and operations expertise', 'GTM strategy relevant to market capture goals', 'Executive leadership for growth-stage ambitions']","['No explicit energy storage or battery technology experience mentioned', 'Lack of detail on hardware/manufacturing scaling', 'No evidence of electrochemistry or materials science background']"
startup_016,MENTOR_019,0.52,0.65,"Moderate overlap exists: the mentor's climate tech and deep tech expertise aligns with HalioGen's clean-tech battery innovation, and her startup scaling and fundraising experience matches the company's growth ambitions toward mass manufacturing and market capture. However, the mentor profile lacks specific energy storage, electrochemistry, or hardware manufacturing depth that would create stronger technical or operational synergy.","[{'from': 'startup', 'quote': 'clean-tech company developing a membrane-free zinc-bromine redox flow battery for long-duration energy storage'}, {'from': 'mentor', 'quote': 'Climate Tech; Deep Tech; Data-Driven Sales; Carbon & Biodiversity'}]","['Climate tech / clean energy alignment', 'Startup scaling and fundraising expertise', 'Deep tech advisory experience', 'Sustainability strategy for market positioning']","[""Mentor's specific experience with energy storage or battery technologies"", ""Mentor's track record with hardware or manufacturing startups"", ""Mentor's depth in technical domains (electrochemistry, materials science)""]"
startup_016,MENTOR_020,0.72,0.75,"Strong domain alignment exists: Magnus Eriksson's Climate Tech investment focus directly matches HalioGen's clean-tech energy storage mission. His deep-tech investor background and board governance expertise are highly relevant for a hardware startup targeting mass manufacturing and market scale. However, the mentor profile lacks specific battery/electrochemistry or energy storage detail, preventing a higher score.","[{'from': 'mentor', 'quote': 'Climate Tech; Nuclear; Semiconductors; Industrial Tech'}, {'from': 'startup', 'quote': 'clean-tech company developing a membrane-free zinc-bromine redox flow battery for long-duration energy storage'}]","['Climate Tech investment expertise', 'Deep-tech investor experience', 'Board governance for scaling hardware', 'Industrial Tech sector alignment']","['No specific energy storage or battery technology expertise mentioned', ""Limited detail on mentor's operational or technical depth in electrochemistry"", ""No information on mentor's experience with UK or European markets""]"
startup_016,MENTOR_021,0.68,0.72,"Strong domain alignment exists: HalioGen develops clean-tech energy storage solutions, and Florent brings 20+ years in energy & utilities consulting plus climate tech leadership at a major consultancy. His expertise in sustainability strategy and corporate innovation is directly relevant to HalioGen's mission of enabling 24/7 clean power and scaling renewable storage. However, limited detail on his specific technical depth in battery technology or manufacturing scale-up slightly constrains confidence.","[{'from': 'startup', 'quote': 'clean-tech company developing a membrane-free zinc-bromine redox flow battery for long-duration energy storage'}, {'from': 'mentor', 'quote': 'Global Head Climate Tech; 20+ years energy & utilities consulting'}]","['Energy & utilities sector expertise', 'Climate tech leadership', 'Sustainability strategy alignment', 'Corporate innovation experience']","[""Mentor's specific experience with battery/storage technologies"", ""Mentor's involvement in hardware manufacturing or scale-up"", ""Details on mentor's AI/data analytics application to energy storage""]"
startup_016,MENTOR_022,0.48,0.55,"Moderate overlap exists in the energy sector broadly, with the mentor's energy policy expertise and entrepreneurship/innovation leadership potentially relevant to HalioGen's clean-tech commercialization and market positioning. However, the mentor's specific technical tags (biofuels) do not align closely with zinc-bromine battery technology, and insufficient detail is provided about the mentor's operational or technical depth in electrochemical storage, manufacturing scale-up, or hardware cleantech.","[{'from': 'startup', 'quote': 'clean-tech company developing a membrane-free zinc-bromine redox flow battery for long-duration energy storage'}, {'from': 'mentor', 'quote': 'Director of Entrepreneurship & Innovation at École Polytechnique; former SATT President; energy policy expert'}]","['Energy sector overlap', 'Entrepreneurship & innovation leadership', 'Policy expertise relevant to cleantech market entry']","[""Mentor's specific experience with battery/electrochemical storage technologies"", ""Mentor's operational or manufacturing scale-up experience"", ""Depth of mentor's energy policy work (grid integration, storage incentives, etc.)"", ""Mentor's track record with hardware cleantech startups""]"
startup_016,MENTOR_023,0.28,0.65,"Laurent Bertiau's 35 years of global finance leadership and institutional client experience offer generic value for fundraising and investor relations, but there is no evidence of domain expertise in clean-tech, energy storage, battery technology, or hardware manufacturing. The mentor's tags (Risk Assessment, ESG, Fintech) show weak overlap with HalioGen's core technical and operational challenges in electrochemistry and energy systems.","[{'from': 'mentor', 'quote': '35 years global finance leadership; former Amundi Global Head of Sales; ex-CEO SGAM Asia'}, {'from': 'startup', 'quote': 'membrane-free zinc-bromine redox flow battery for long-duration energy storage'}]","['Finance/fundraising experience', 'Institutional client relationships', 'ESG awareness (tangential to clean-tech)']","['No evidence of energy sector experience', 'No hardware/manufacturing expertise', 'No clean-tech or battery technology background']"
startup_016,MENTOR_024,0.25,0.3,"Insufficient info. The mentor profile provides only academic status (PhD Candidate at Carnegie Mellon) and CDL fellowship participation, with no domain expertise, functional experience, or technical background disclosed. Cannot assess alignment with HalioGen's clean-tech battery development, manufacturing scale-up, or market entry needs.","[{'from': 'startup', 'quote': 'membrane-free zinc-bromine redox flow battery for long-duration energy storage'}, {'from': 'mentor', 'quote': 'PhD Candidate'}]","['CDL ecosystem familiarity', 'Academic research background (unspecified field)']","[""Mentor's research domain/technical expertise"", ""Mentor's industry experience or functional skills"", ""Mentor's relevance to energy storage, clean-tech, or hardware scale-up"", ""Mentor's operational or commercialization background""]"
startup_016,MENTOR_025,0.28,0.65,"Weak domain overlap. HalioGen develops zinc-bromine flow batteries for grid-scale energy storage, while Tobias has deep automotive/EV expertise. Some tangential connection exists via EV battery knowledge and operational scaling, but his core experience in software-defined vehicles and automotive joint ventures does not directly align with stationary energy storage technology or clean-tech commercialization.","[{'from': 'startup', 'quote': 'membrane-free zinc-bromine redox flow battery for long-duration energy storage'}, {'from': 'mentor', 'quote': '30+ years automotive leadership; GM Canada & China; SDV transformation expert'}]","['EV battery domain adjacency', 'Operational scaling experience', 'Manufacturing and supply chain expertise']","[""Mentor's specific experience with energy storage systems"", ""Mentor's involvement in clean-tech or stationary battery sectors"", ""Details on mentor's consulting focus areas beyond automotive""]"
startup_016,MENTOR_026,0.28,0.45,"Weak overlap between mentor and startup domains. HalioGen develops hardware-intensive zinc-bromine flow batteries for energy storage, while the mentor's expertise centers on SaaS, digital transformation, and robotics—none directly relevant to electrochemical energy storage or clean-tech hardware. The mentor's operations and investment experience offers only generic potential value. Insufficient detail in mentor profile limits confidence.","[{'from': 'startup', 'quote': 'membrane-free zinc-bromine redox flow battery for long-duration energy storage'}, {'from': 'mentor', 'quote': 'SaaS; Robotics; Digital Transformation'}]","['Operations experience (generic applicability)', 'Investment background (potential capital/strategy insight)']","[""Mentor's specific operational or investment experience in hardware, manufacturing, or energy sectors"", ""Details on mentor's blockchain/circular economy work and relevance to battery recycling or supply chains"", ""Mentor's track record with deep-tech or capital-intensive startups""]"
startup_016,MENTOR_027,0.48,0.65,"Moderate overlap exists: the mentor's deep industrial automation and Siemens Executive Committee experience aligns with HalioGen's need to scale manufacturing and deploy energy storage systems in industrial settings. However, the mentor's core expertise in robotics and space tech does not directly address electrochemistry, battery technology, or renewable energy storage, limiting the strength of the match.","[{'from': 'startup', 'quote': 'mass manufacturing, to capture about 3% of the total market, yielding a $2B USD market by 2050'}, {'from': 'mentor', 'quote': 'Former Siemens Executive Committee; ex-McKinsey Global Director'}]","['Industrial scaling and manufacturing strategy', 'Executive leadership at large industrial conglomerate', 'M&A expertise for growth and partnerships', 'Operations in complex technical sectors']","[""Mentor's direct experience in energy storage or cleantech"", ""Mentor's knowledge of electrochemical systems or battery technology"", ""Mentor's involvement in renewable energy or grid infrastructure""]"
startup_016,MENTOR_028,0.72,0.75,"Strong domain overlap exists: Julian Gray has deep climate tech and DeepTech venturing experience, directly relevant to HalioGen's clean-tech energy storage mission. His background as bp CIO and VP Digital Science suggests operational and strategic expertise applicable to scaling hardware-intensive, capital-intensive ventures. However, no explicit battery/electrochemistry or manufacturing expertise is evident in the provided mentor text.","[{'from': 'startup', 'quote': 'clean-tech company developing a membrane-free zinc-bromine redox flow battery for long-duration energy storage'}, {'from': 'mentor', 'quote': 'DeepTech & climate venturing leader'}]","['Climate tech domain alignment', 'DeepTech venture experience', 'Corporate energy sector background (bp)', 'Investment and consulting expertise']","['No explicit battery or electrochemistry expertise mentioned', 'No manufacturing or hardware scale-up experience detailed', ""Limited detail on mentor's specific climate tech sub-sectors""]"
startup_016,MENTOR_029,0.12,0.75,"HalioGen Power develops membrane-free zinc-bromine flow batteries for energy storage, while Miles Elsden specializes in autonomous systems, safety assurance, EV, and mobility—domains with minimal overlap to electrochemical energy storage technology or clean-tech commercialization. The mentor's policy and government advisory experience does not directly address HalioGen's core technical, manufacturing, or market challenges in stationary storage.","[{'from': 'startup', 'quote': 'membrane-free zinc-bromine redox flow battery for long-duration energy storage'}, {'from': 'mentor', 'quote': 'Autonomous Systems; Safety Assurance; EV; Mobility'}]","['Weak tangential link via EV (batteries)', 'Policy/government advisory (generic utility)']","['No evidence of mentor expertise in electrochemistry, energy storage systems, or clean-tech scale-up', 'No indication mentor has worked with stationary storage or grid integration']"
startup_016,MENTOR_030,0.42,0.65,"Moderate overlap exists primarily through the mentor's M&A, investment, and corporate restructuring expertise, which could support HalioGen's capital raising and strategic growth ambitions toward mass manufacturing and market capture. However, the mentor's background in fintech and data security shows no direct relevance to clean-tech, energy storage, or electrochemical systems, limiting domain-specific value.","[{'from': 'startup', 'quote': 'the team aspires, through mass manufacturing, to capture about 3% of the total market, yielding a $2B USD market by 2050'}, {'from': 'mentor', 'quote': 'Former Lazard & Goldman Sachs banker; ex-Citadel; Natixis executive'}]","['M&A and investment banking experience for capital strategy', 'Corporate restructuring skills for scaling operations', 'Financial advisory for market expansion goals']","['No evidence of clean-tech or energy storage domain expertise', 'No operational experience in manufacturing or hardware scaling', ""Limited detail on mentor's specific deal experience in relevant sectors""]"
startup_016,MENTOR_031,0.28,0.65,"The mentor's 24+ years in digital marketing and connected medical solutions experience offers generic marketing and communications expertise that could apply broadly to any B2B hardware startup. However, there is no evidence of domain knowledge in energy storage, clean-tech, battery technology, industrial sales, or grid infrastructure—all central to HalioGen's business. The match is weak and primarily functional rather than domain-specific.","[{'from': 'mentor', 'quote': '24+ years digital marketing; connected medical solutions specialist'}, {'from': 'startup', 'quote': 'membrane-free zinc-bromine redox flow battery for long-duration energy storage'}]","['Generic B2B marketing expertise', 'No clean-tech or energy storage domain knowledge', 'Medical devices ≠ industrial energy systems']","[""Mentor's experience in industrial/energy sectors unclear"", 'No evidence of technical product marketing for hardware', ""Startup's current marketing needs not specified""]"
startup_016,MENTOR_032,0.72,0.75,Strong domain alignment: Andrew Beswick's Climate Tech and Energy expertise directly matches HalioGen's clean-tech battery focus. His track record raising £2bn+ and scaling startups is highly relevant for a hardware company targeting mass manufacturing and $2B market capture by 2050. Moderate confidence due to limited detail on mentor's specific energy storage or hardware manufacturing experience.,"[{'from': 'mentor', 'quote': 'Climate Tech; Space Tech; Energy; Fintech'}, {'from': 'startup', 'quote': 'membrane-free zinc-bromine redox flow battery for long-duration energy storage'}]","['Climate Tech & Energy domain overlap', 'Capital raising experience (£2bn+) for hardware scaling', 'Startup scaling expertise for manufacturing ambitions', 'Board governance for growth-stage cleantech']","[""Mentor's specific experience in energy storage or battery technology"", ""Details on mentor's involvement in hardware vs. software startups"", ""Geographic focus of mentor's portfolio (UK/Europe alignment unclear)""]"
startup_016,MENTOR_033,0.78,0.72,"Strong domain match: mentor's clean tech expertise, former Global Head of Analysis at BNEF (Bloomberg New Energy Finance), and UK energy policymaker background align well with HalioGen's clean-tech energy storage mission and UK incorporation. McKinsey partnership suggests strategic and operational insight relevant to scaling manufacturing and market capture goals.","[{'from': 'mentor', 'quote': 'Former Global Head of Analysis at BNEF; ex-McKinsey Partner; UK energy policymaker'}, {'from': 'startup', 'quote': 'clean-tech company developing a membrane-free zinc-bromine redox flow battery for long-duration energy storage'}]","['Clean tech sector expertise (BNEF)', 'UK energy policy experience', 'Strategic scaling insight (McKinsey)', 'Energy storage market knowledge']","[""Mentor's specific technical depth in battery/electrochemistry"", ""Mentor's direct experience with hardware manufacturing scale-up"", ""Details on mentor's advisory focus areas within clean tech""]"
startup_016,MENTOR_034,0.42,0.65,"Moderate overlap exists: both operate in decarbonization/clean energy, and the mentor's materials science background could inform battery chemistry and membrane-free architecture. However, the mentor's focus is carbon removal (DAC) rather than energy storage, and no direct battery or electrochemistry expertise is evident in the provided text.","[{'from': 'startup', 'quote': 'membrane-free zinc-bromine redox flow battery for long-duration energy storage'}, {'from': 'mentor', 'quote': 'Head of Science at CDR-focused VC; former Climeworks DAC chemist; PhD EPFL'}]","['Decarbonization domain alignment', 'Materials science expertise applicable to battery chemistry', 'VC/investment perspective for scaling clean-tech']","[""Mentor's specific electrochemistry or battery expertise unclear"", ""Mentor's operational or commercialization experience in energy storage not provided"", ""Depth of mentor's materials science work (e.g., electrochemical systems) not detailed""]"
startup_017,MENTOR_001,0.22,0.65,"PhaseTree operates in materials discovery using physics simulations and AI, with no stated focus on energy or renewables. Alexandra's expertise is in renewable energy law, transactions, and policy—domains with minimal direct overlap to computational materials science or the startup's core technology platform. Potential weak connection exists only if PhaseTree targets energy materials, but this is not stated.","[{'from': 'startup', 'quote': 'accelerates materials discovery by using advanced in silico physics simulations and Al to predict how materials behave'}, {'from': 'mentor', 'quote': 'General Counsel for EMEA and Global Head of Transactions at Lightsource bp; 17+ years in renewables'}]","['No stated energy/renewables focus in startup', 'Mentor expertise in legal/transactions, not materials science', 'Possible indirect fit if materials target energy sector']","[""Startup's target industries or material application domains not specified"", 'No indication if PhaseTree serves energy/renewables customers', ""Mentor's technical or operational depth in materials unclear""]"
startup_017,MENTOR_002,0.68,0.75,"Strong domain overlap exists: PhaseTree accelerates materials discovery for industrial applications, while Magali Anderson brings deep materials industry experience through her board role at Anglo American (a major mining/materials company) and former executive role at Holcim (cement/construction materials). Her sustainability strategy expertise aligns with PhaseTree's paradigm-shifting approach to reduce trial-and-error waste in materials development.","[{'from': 'startup', 'quote': 'accelerates materials discovery by using advanced in silico physics simulations and Al to predict how materials behave'}, {'from': 'mentor', 'quote': 'Board member of Anglo American and Capitals Coalition; former Chief Sustainability & Innovation Officer at Holcim'}]","['Materials industry expertise (mining, construction materials)', 'Innovation leadership in industrial sectors', 'Sustainability strategy for resource-intensive industries', 'Board-level perspective on materials companies']","[""Mentor's specific technical depth in materials science/simulation"", ""Mentor's experience with AI/software platforms"", ""Startup's target customer segments (mining, construction, other)""]"
startup_017,MENTOR_003,0.58,0.65,"Moderate overlap exists between PhaseTree's materials discovery platform and Julien's expertise in industrial technology and sustainable innovation. His 20+ years in sustainable innovation and experience scaling/selling a 100+ employee startup provide relevant operational context for a materials science company. However, the match lacks specific evidence of computational materials science, AI/simulation platforms, or direct materials R&D experience.","[{'from': 'startup', 'quote': 'accelerates materials discovery by using advanced in silico physics simulations and Al to predict how materials behave'}, {'from': 'mentor', 'quote': '20+ years developing sustainable innovation; sold 100+ employee startup to Screen Japan'}]","['Industrial technology domain alignment', 'Sustainability/cleantech relevance to materials', 'Startup scaling and exit experience', 'Strategic partnerships and business development']","['No evidence of computational/simulation platform expertise', 'No specific materials science or chemistry background mentioned', ""Limited detail on mentor's technical depth in AI/physics modeling"", ""Unclear if 'industrial technology' includes materials discovery""]"
startup_017,MENTOR_004,0.42,0.55,"Moderate overlap exists: PhaseTree operates in materials discovery with potential climate/energy applications, and Elizabeth Grier has climate tech and energy transition expertise plus startup scaling experience. However, the mentor's profile emphasizes financial services, investment, and board governance rather than deep materials science or simulation technology, limiting the technical alignment. Insufficient detail on both sides to assess stronger domain-specific fit.","[{'from': 'startup', 'quote': 'accelerates materials discovery by using advanced in silico physics simulations and Al to predict how materials behave'}, {'from': 'mentor', 'quote': 'Climate Tech; Energy Transition; Partnerships Development Director at BRITE Energy Innovators'}]","['Climate/energy tech domain overlap', 'Startup scaling and investment experience', 'Partnership development relevant to commercialization']","[""Mentor's specific materials science or simulation expertise unclear"", ""Startup's target market segments (climate/energy vs. other) not specified"", ""Depth of mentor's technical vs. purely financial/strategic background""]"
startup_017,MENTOR_005,0.42,0.55,"Moderate overlap exists: the mentor's systems design engineering background and climate tech focus could relate to PhaseTree's materials simulation platform, especially if targeting sustainability applications. However, the mentor's core expertise in policy influence, government advisory, and quantum tech does not directly align with PhaseTree's computational materials science and commercial B2B focus. Insufficient detail on mentor's materials science or simulation expertise limits confidence.","[{'from': 'startup', 'quote': 'accelerates materials discovery by using advanced in silico physics simulations and Al to predict how materials behave'}, {'from': 'mentor', 'quote': 'Systems Design Engineering; Climate Tech'}]","['Systems engineering perspective for complex simulation platforms', 'Climate tech relevance if materials target sustainability', 'Policy/government connections for regulatory navigation']","[""Mentor's direct experience with materials science or computational chemistry"", ""Mentor's involvement in B2B SaaS or simulation software commercialization"", 'Specific technical depth in physics-based modeling or AI for materials']"
startup_017,MENTOR_006,0.42,0.55,"Moderate overlap exists: PhaseTree accelerates materials discovery for real-world applications, and Arnaud has deep experience in cleantech commercial development and sustainability strategy, which could inform go-to-market and ESG positioning for advanced materials. However, his core expertise (renewable energy systems, ESG strategy) does not directly address computational physics, AI-driven simulation platforms, or materials science R&D, limiting the depth of technical and domain-specific match.","[{'from': 'startup', 'quote': 'accelerates materials discovery by using advanced in silico physics simulations and Al to predict how materials behave'}, {'from': 'mentor', 'quote': 'Cleantech Commercial Development; Responsible Innovation'}]","['Cleantech/sustainability commercial strategy', 'ESG positioning for advanced materials', 'Global go-to-market experience', 'Innovation commercialization']","[""Mentor's direct experience with materials science or computational simulation platforms"", ""Mentor's familiarity with AI/ML in R&D contexts"", ""Startup's specific target industries or sustainability focus""]"
startup_017,MENTOR_007,0.78,0.85,"Strong domain match: mentor has PhD in Materials Science and co-founded Kurion (materials-focused cleantech), directly aligning with PhaseTree's materials discovery platform. Mentor's experience scaling a deep-tech startup to $350M acquisition and current role investing in climate tech at Breakthrough Energy Ventures provides highly relevant operational and strategic expertise for PhaseTree's commercialization phase.","[{'from': 'mentor', 'quote': 'PhD Materials Science'}, {'from': 'startup', 'quote': 'accelerates materials discovery by using advanced in silico physics simulations and Al to predict how materials behave'}]","['Materials science PhD matches core technology domain', 'Deep-tech startup scaling experience (Kurion to $350M exit)', 'Climate tech investment expertise relevant to commercialization', 'Technical founder background aligns with simulation platform complexity']","['Specific materials domains mentor specialized in (nuclear vs. general materials)', ""Mentor's experience with AI/ML in materials (startup uses AI heavily)"", ""Details on mentor's go-to-market strategies for B2B technical products""]"
startup_017,MENTOR_008,0.48,0.65,"Moderate overlap exists. Lisa's 27-year McKinsey background in sustainability and industrial focus aligns with PhaseTree's materials discovery mission, which likely serves industrial and climate-relevant applications. However, the mentor profile lacks specific materials science, simulation/AI, or deep tech commercialization expertise that would create a stronger match for PhaseTree's highly technical platform.","[{'from': 'mentor', 'quote': '27 years McKinsey Senior Partner; sustainability & industrial focus; advises European green tech investors'}, {'from': 'startup', 'quote': 'accelerates materials discovery by using advanced in silico physics simulations and Al to predict how materials behave'}]","['Industrial sector experience relevant to materials applications', 'Sustainability focus aligns with materials innovation impact', 'M&A and consulting expertise for scaling strategy']","['No evidence of materials science or deep tech domain expertise', 'Unclear if mentor has experience with simulation/AI platforms', ""Limited detail on mentor's specific industrial verticals or technical depth""]"
startup_017,MENTOR_009,0.48,0.65,"Moderate overlap exists between PhaseTree's materials discovery focus and Céline's deep-tech startup program management at CEA-Liten, a materials/energy research institute. Her semiconductor and silicon carbide expertise provides some domain relevance to materials science, though not directly aligned with PhaseTree's multi-scale simulation platform. Her operational tags (startup scaling, strategic IP management) are generically relevant but lack specific evidence of materials discovery or simulation domain expertise.","[{'from': 'startup', 'quote': 'accelerates materials discovery by using advanced in silico physics simulations and Al to predict how materials behave'}, {'from': 'mentor', 'quote': 'Manages deep-tech startup programs at CEA-Liten'}]","['Deep-tech startup program experience', 'Materials science domain proximity (semiconductors, SiC)', 'Strategic IP management relevant to novel material compositions', 'CEA-Liten affiliation (materials/energy research)']","[""Mentor's specific experience with simulation platforms or computational materials science"", ""Evidence of mentor's work with AI/ML-driven discovery companies"", ""Details on mentor's hands-on technical depth vs. program management focus"", ""Mentor's track record with scaling deep-tech startups in materials space""]"
startup_017,MENTOR_010,0.42,0.55,"Moderate overlap exists. PhaseTree operates in materials discovery using AI/simulation, while Jason has 'Applied AI' and 'Clean Technology' tags, suggesting some domain adjacency. His operational expertise in 'Startup Scaling' and 'Investment' aligns with PhaseTree's growth stage (incorporated 2021, targeting $50m+ revenue). However, no explicit materials science, computational physics, or deep tech commercialization experience is evident in the provided mentor text, limiting the strength of the match.","[{'from': 'startup', 'quote': 'accelerates materials discovery by using advanced in silico physics simulations and Al'}, {'from': 'mentor', 'quote': 'Applied AI; Clean Technology; Startup Scaling; Investment'}]","['Applied AI overlap with simulation/AI platform', 'Clean Technology adjacency to materials innovation', 'Startup Scaling expertise for growth-stage company', 'Investment experience relevant to capital strategy']","['No explicit materials science or computational physics background for mentor', ""No detail on mentor's experience with deep tech or B2B SaaS commercialization"", 'Limited mentor bio/profile text to assess depth of AI or cleantech expertise']"
startup_017,MENTOR_011,0.42,0.55,"Moderate overlap exists through potential climate/decarbonization applications of advanced materials and the mentor's investment expertise, which could help PhaseTree navigate capital markets and ESG positioning. However, the mentor's profile lacks specific materials science, simulation technology, or deep-tech operational experience that directly aligns with PhaseTree's core physics-based simulation platform and materials discovery domain.","[{'from': 'startup', 'quote': 'accelerates materials discovery by using advanced in silico physics simulations and Al to predict how materials behave'}, {'from': 'mentor', 'quote': '25+ years Canadian capital markets; B20 taskforce member; speaker at COP28; climate finance advisor'}]","['Investment/capital markets expertise for scaling', 'Potential decarbonization materials applications', 'ESG positioning for materials innovation', 'Policy/climate finance connections']","[""Mentor's specific experience with deep-tech or materials companies"", ""Mentor's technical understanding of simulation/AI platforms"", ""Startup's explicit focus on climate/decarbonization materials"", ""Mentor's operational experience in materials or manufacturing sectors""]"
startup_017,MENTOR_012,0.42,0.55,"Moderate overlap exists primarily through the mentor's deep tech fundraising expertise and EU-funded project coordination experience, which could support PhaseTree's capital-intensive materials discovery platform. However, the mentor's technical focus (water treatment, climate tech, SaaS) shows limited direct alignment with advanced materials simulation and AI-driven physics modeling. The B2B sales experience offers some operational relevance for customer acquisition.","[{'from': 'mentor', 'quote': '20+ years public-private funding expertise; advisor to EU governments and European Commission'}, {'from': 'startup', 'quote': 'accelerates materials discovery by using advanced in silico physics simulations and Al to predict how materials behave'}]","['Deep tech fundraising expertise', 'EU public-private funding navigation', 'B2B sales for enterprise customers', 'Denmark/EU regional alignment']","[""Mentor's specific experience with materials science or computational physics startups"", ""Mentor's track record with AI/simulation technology companies"", ""Details on mentor's policy influence areas and relevance to materials innovation"", ""Startup's specific funding needs and stage details""]"
startup_017,MENTOR_013,0.12,0.75,"PhaseTree focuses on materials discovery through physics simulations and AI, targeting industrial materials development. Gia Aradottir's expertise is in entomology, crop protection, insect ecology, and sustainable agriculture. There is no credible overlap between materials science/physics simulation and agricultural/biological sciences.","[{'from': 'startup', 'quote': 'accelerates materials discovery by using advanced in silico physics simulations and Al to predict how materials behave'}, {'from': 'mentor', 'quote': 'Entomologist; Programme Leader at NIAB; PhD Imperial College; crop protection & insect ecology expert'}]",['No domain overlap: materials vs. agriculture/biology'],"['Mentor bio empty - limited detail on transferable skills', 'Startup team backgrounds unclear regarding specific material domains']"
startup_017,MENTOR_014,0.22,0.65,"Weak domain overlap. PhaseTree operates in materials discovery using physics simulations and AI, while Osnat's expertise is in vertical farming, sustainable agriculture, and agri-tech brand building. The only potential connection is generic startup scaling experience, but there's no evidence of materials science, computational physics, or B2B enterprise software expertise relevant to PhaseTree's core business.","[{'from': 'startup', 'quote': 'accelerates materials discovery by using advanced in silico physics simulations and Al to predict how materials behave'}, {'from': 'mentor', 'quote': 'Vertical Farming; Sustainable Agriculture; Agri Tech'}]","['Startup scaling experience (generic)', 'Co-founder operational perspective']","['No materials science or computational modeling expertise evident', 'No B2B enterprise software or simulation platform experience mentioned', ""Limited detail on mentor's specific scaling achievements or investment focus areas""]"
startup_017,MENTOR_015,0.42,0.65,"Moderate overlap exists: PhaseTree's materials discovery platform will likely generate patented novel material compositions, aligning with Alexander's strategic IP management and patent law expertise. However, there is no direct evidence of materials science, computational simulation, or cleantech domain experience in Alexander's profile, limiting the depth of fit.","[{'from': 'startup', 'quote': 'develop a portfolio of more than 10 patented, novel material compositions'}, {'from': 'mentor', 'quote': 'Strategic IP Management; Law'}]","['Patent strategy for novel materials', 'IP portfolio development expertise', 'European patent law (EPO) relevant for Denmark incorporation']","['No evidence of materials science or computational physics domain knowledge', 'No indication of cleantech/climate tech experience beyond tag', 'Unclear if mentor has worked with simulation/AI platforms']"
startup_017,MENTOR_016,0.42,0.55,"Moderate overlap exists through climate tech investment experience and SaaS/platform expertise that could apply to PhaseTree's simulation platform business model. However, the mentor's background is primarily in software/marketplace scaling rather than deep materials science or computational physics domains. Insufficient detail on mentor's specific climate tech focus areas limits confidence in assessing domain-specific value.","[{'from': 'mentor', 'quote': '70+ climate tech investments'}, {'from': 'startup', 'quote': 'accelerates materials discovery by using advanced in silico physics simulations and Al'}]","['Climate tech investment experience', 'SaaS/platform scaling expertise', 'Startup scaling operational knowledge']","[""Mentor's specific climate tech investment sectors unclear"", 'No evidence of materials science or computational simulation domain expertise', ""Limited detail on mentor's technical depth beyond software platforms""]"
startup_017,MENTOR_017,0.28,0.45,"Weak overlap exists primarily through potential ESG/sustainability applications of materials discovery and AI usage, but the mentor's core expertise in ESG compliance, CSRD/ESRS frameworks, and corporate sustainability strategy does not directly align with PhaseTree's core technical focus on computational materials science and physics simulations. The connection is tangential rather than substantive.","[{'from': 'startup', 'quote': 'accelerates materials discovery by using advanced in silico physics simulations and Al to predict how materials behave'}, {'from': 'mentor', 'quote': 'ESG; Climate Tech; Data & Analytics; AI for Sustainability'}]","['AI technology overlap (generic)', 'Potential climate tech/sustainability angle', 'Data analytics commonality']","[""Mentor's technical depth in materials science or computational physics unclear"", ""Mentor's experience with deep-tech B2B business models not evident"", ""Startup's specific sustainability focus or ESG positioning not described"", ""Mentor's bio and detailed profile empty, limiting assessment""]"
startup_017,MENTOR_018,0.42,0.55,"Moderate overlap exists: the mentor has deep tech scaling experience and operational expertise relevant to PhaseTree's commercialization phase. However, there is no explicit evidence of materials science, computational physics, or simulation platform domain knowledge, which limits the strength of the match for this highly technical startup.","[{'from': 'mentor', 'quote': 'scaled fintech, agritech & deep tech startups'}, {'from': 'startup', 'quote': 'accelerates materials discovery by using advanced in silico physics simulations and Al'}]","['Deep tech startup scaling experience', 'Operations and GTM strategy expertise', 'Startup commercialization leadership']","['No evidence of materials science or computational simulation domain expertise', 'Mentor bio and detailed profile are empty', 'Unclear if mentor has B2B enterprise sales experience relevant to materials customers']"
startup_017,MENTOR_019,0.42,0.55,"Moderate overlap exists: PhaseTree is a deep tech startup requiring scaling and fundraising expertise, which aligns with Sabrina's operational tags. However, her domain focus (Climate Tech, Carbon & Biodiversity, Data-Driven Sales) shows limited direct connection to materials discovery and physics simulations. The match is primarily functional (scaling, fundraising) rather than domain-specific.","[{'from': 'startup', 'quote': 'accelerates materials discovery by using advanced in silico physics simulations and Al'}, {'from': 'mentor', 'quote': 'Deep Tech; Startup Scaling; Fundraising; Sustainability Strategy'}]","['Deep tech startup experience', 'Fundraising and scaling expertise', 'Operational growth advisory', 'Limited materials science domain overlap']","[""Mentor's specific experience with materials science or computational physics startups"", ""Mentor's track record with B2B enterprise sales in technical domains"", ""Startup's current stage and immediate operational challenges""]"
startup_017,MENTOR_020,0.68,0.72,"Strong domain overlap exists: PhaseTree operates in advanced materials discovery using physics simulations and AI, which aligns well with Magnus's deep-tech investment focus and industrial tech expertise. His background as a Swedish Technical Attaché and ex-Gartner VP suggests exposure to complex technical domains and commercialization pathways relevant to materials science ventures. However, the mentor profile lacks specific materials science or simulation platform experience, preventing a higher score.","[{'from': 'startup', 'quote': 'accelerates materials discovery by using advanced in silico physics simulations and Al'}, {'from': 'mentor', 'quote': 'Deep-tech investor; Industrial Tech'}]","['Deep-tech investment expertise matches materials discovery startup', 'Industrial tech domain aligns with materials applications', 'Board governance experience relevant for scaling phase', 'Technical attaché background suggests complex tech understanding']","['No explicit materials science or simulation platform experience mentioned', 'Unclear if mentor has prior exposure to computational materials or AI-driven discovery', ""Limited detail on mentor's specific industrial tech sub-domains""]"
startup_017,MENTOR_021,0.42,0.55,"Moderate overlap exists through sustainability and climate tech angles, as materials discovery can support climate solutions. However, the mentor's expertise centers on ESG strategy, corporate innovation, and energy/utilities consulting, while PhaseTree's core is computational materials science and physics simulations. The connection is thematic rather than deeply technical or operational.","[{'from': 'startup', 'quote': 'accelerates materials discovery by using advanced in silico physics simulations and Al to predict how materials behave'}, {'from': 'mentor', 'quote': 'Global Head Climate Tech; ESG; Climate Tech; Data & Analytics; AI for Sustainability'}]","['Climate tech and sustainability alignment', 'AI application domain overlap', 'Corporate innovation experience']","[""Mentor's specific technical depth in materials science or computational physics"", ""Mentor's experience with deep-tech B2B sales or R&D partnerships"", ""Details on mentor's AI/analytics work beyond sustainability context""]"
startup_017,MENTOR_022,0.42,0.55,"Moderate overlap exists: PhaseTree's materials discovery platform could intersect with energy materials (biofuels, energy storage), where Marc's energy sector expertise and entrepreneurship/innovation leadership may provide relevant guidance. However, the mentor profile lacks detail on computational materials science, AI/simulation platforms, or deep-tech commercialization specifics, limiting confidence in a strong match.","[{'from': 'startup', 'quote': 'accelerates materials discovery by using advanced in silico physics simulations and Al to predict how materials behave'}, {'from': 'mentor', 'quote': 'Director of Entrepreneurship & Innovation at École Polytechnique; former SATT President; energy policy expert'}]","['Energy sector relevance (biofuels, energy materials)', 'Entrepreneurship & innovation leadership experience', 'Policy influence for deep-tech commercialization']","[""Mentor's depth in computational materials science or AI/simulation platforms unclear"", 'Specific experience with B2B deep-tech or materials R&D commercialization not detailed', 'Mentor bio and extended profile empty, limiting assessment']"
startup_017,MENTOR_023,0.12,0.75,"PhaseTree operates in materials discovery using physics simulations and AI, targeting technical R&D customers. Laurent Bertiau's expertise is in global finance, institutional sales, and fintech/ESG—domains with no evident overlap with materials science, simulation platforms, or deep-tech commercialization. Insufficient info to identify any credible intersection.","[{'from': 'startup', 'quote': 'accelerates materials discovery by using advanced in silico physics simulations and Al to predict how materials behave'}, {'from': 'mentor', 'quote': '35 years global finance leadership; former Amundi Global Head of Sales; ex-CEO SGAM Asia'}]","['No domain overlap (materials vs. finance)', 'No functional overlap (simulation/AI vs. institutional sales)', 'No evident customer segment match']","[""Mentor's experience with deep-tech or materials sector clients"", ""Mentor's involvement in corporate innovation or strategic partnerships outside finance"", ""Startup's go-to-market strategy and customer acquisition channels""]"
startup_017,MENTOR_024,0.25,0.3,"Insufficient info. The mentor profile provides only a title (PhD Candidate at Carnegie Mellon) and CDL fellowship status, with no details on research focus, domain expertise, or operational experience. Without knowing the mentor's specific area of study or skills, it is impossible to assess meaningful overlap with PhaseTree's materials discovery and simulation platform.","[{'from': 'startup', 'quote': 'accelerates materials discovery by using advanced in silico physics simulations and Al to predict how materials behave'}, {'from': 'mentor', 'quote': 'PhD Candidate'}]","['Academic background (PhD level)', 'CDL ecosystem connection']","[""Mentor's research domain/focus area"", ""Mentor's technical expertise or specialization"", ""Mentor's operational or industry experience"", ""Mentor's relevance to materials science, simulation, or AI""]"
startup_017,MENTOR_025,0.28,0.65,"PhaseTree focuses on materials discovery through physics simulations and AI, while Tobias has deep automotive industry expertise in software-defined vehicles, EVs, and joint venture management. There is minimal direct overlap between materials science/simulation platforms and automotive operational leadership. Potential weak connection exists if automotive materials are a target vertical, but no evidence supports this.","[{'from': 'startup', 'quote': 'accelerates materials discovery by using advanced in silico physics simulations and Al to predict how materials behave'}, {'from': 'mentor', 'quote': '30+ years automotive leadership; GM Canada & China; SDV transformation expert'}]","['Automotive industry connections (if materials target auto)', 'Enterprise customer development experience', 'International market expansion (China, Canada)']","[""Startup's target industries/verticals unclear"", ""Mentor's technical depth in materials or simulation unclear"", ""No evidence of mentor's experience with deep-tech or materials companies""]"
startup_017,MENTOR_026,0.28,0.45,"Weak overlap detected. PhaseTree operates in materials science simulation and AI-driven discovery, while the mentor's expertise centers on SaaS, robotics, digital transformation, and circular economy. No direct domain match in materials science, physics simulation, or chemistry. Potential generic value in operations and digital transformation, but insufficient evidence of specific relevance to materials discovery workflows.","[{'from': 'startup', 'quote': 'accelerates materials discovery by using advanced in silico physics simulations and Al to predict how materials behave'}, {'from': 'mentor', 'quote': 'SaaS; Robotics; Digital Transformation'}]","['Digital transformation experience (generic applicability)', 'Operations expertise (potential process optimization)', 'SaaS background (software delivery model overlap)']","['No evidence of materials science or computational physics expertise', 'No indication of AI/ML or simulation platform experience', ""Insufficient detail on mentor's operational focus areas"", 'Unclear if robotics experience relates to lab automation or manufacturing']"
startup_017,MENTOR_027,0.42,0.55,"Moderate overlap exists through shared technical rigor (PhD Nuclear Physics aligns with PhaseTree's physics-based simulations) and industrial scaling experience (Siemens Executive Committee relevant to materials commercialization). However, mentor's core expertise in robotics, automation, and space tech does not directly intersect with materials discovery or computational chemistry domains. Insufficient detail on mentor's specific technical contributions limits confidence.","[{'from': 'startup', 'quote': 'accelerates materials discovery by using advanced in silico physics simulations and Al to predict how materials behave'}, {'from': 'mentor', 'quote': 'Former Siemens Executive Committee; ex-McKinsey Global Director; PhD Nuclear Physics'}]","['Physics simulation technical foundation overlap', 'Industrial scaling and commercialization experience', 'M&A expertise for potential partnerships']","[""Mentor's specific experience with materials science or computational modeling"", ""Details on mentor's Siemens portfolio (industrial materials vs. other sectors)"", ""Mentor's track record with deep-tech startups or simulation platforms""]"
startup_017,MENTOR_028,0.58,0.65,"Moderate overlap exists. Julian Gray's climate tech focus and deep tech venturing experience align with PhaseTree's materials discovery mission, which likely serves climate/sustainability applications. However, the mentor profile lacks specifics on materials science, computational physics, or simulation platforms, limiting the strength of the match.","[{'from': 'startup', 'quote': 'accelerates materials discovery by using advanced in silico physics simulations and Al to predict how materials behave'}, {'from': 'mentor', 'quote': 'DeepTech & climate venturing leader'}]","['Climate tech and deep tech alignment', 'Investment and venturing expertise for scaling', 'Digital/computational background (former CIO)']","['No explicit materials science or simulation domain expertise in mentor profile', 'Unclear if mentor has experience with B2B scientific software or materials R&D customers', ""Limited detail on mentor's specific deep tech portfolio or technical depth""]"
startup_017,MENTOR_029,0.22,0.65,"PhaseTree focuses on materials discovery through physics simulations and AI, while Miles Elsden specializes in autonomous systems, safety assurance, and mobility/EV domains. There is minimal domain overlap; the mentor's expertise in AI is generic and does not specifically address materials science, computational chemistry, or industrial R&D workflows relevant to PhaseTree's core business.","[{'from': 'startup', 'quote': 'accelerates materials discovery by using advanced in silico physics simulations and Al to predict how materials behave'}, {'from': 'mentor', 'quote': 'Autonomous Systems; Safety Assurance; EV; Mobility'}]","['Generic AI overlap', 'No materials science expertise evident', ""Policy/government advisory not aligned with startup's commercial focus""]","[""Mentor's detailed bio content not provided"", ""Startup's full profile text empty"", ""No evidence of mentor's experience in materials, simulation platforms, or industrial R&D""]"
startup_017,MENTOR_030,0.28,0.65,"Weak overlap between PhaseTree's materials science/simulation focus and the mentor's finance/M&A expertise. The mentor's background in investment and corporate restructuring could provide generic strategic or fundraising guidance, but there is no evident domain-specific match to materials discovery, physics simulations, or AI-driven R&D.","[{'from': 'startup', 'quote': 'accelerates materials discovery by using advanced in silico physics simulations and Al to predict how materials behave'}, {'from': 'mentor', 'quote': 'Former Lazard & Goldman Sachs banker; ex-Citadel; Natixis executive'}]","['Investment/fundraising strategy', 'M&A and corporate structuring', 'No materials science or simulation expertise']","[""Mentor's experience with deep-tech or materials/science startups"", ""Mentor's familiarity with AI/ML or simulation platforms"", ""Startup's current stage and capital needs""]"
startup_017,MENTOR_031,0.22,0.45,"Weak overlap between mentor's digital marketing expertise and PhaseTree's materials simulation platform. While the mentor has deep marketing experience, there is no evidence of domain knowledge in materials science, B2B enterprise software, or computational physics—the core areas where PhaseTree operates. The mentor's background in connected medical solutions does not translate to materials discovery workflows.","[{'from': 'startup', 'quote': 'accelerates materials discovery by using advanced in silico physics simulations and Al to predict how materials behave'}, {'from': 'mentor', 'quote': '24+ years digital marketing; connected medical solutions specialist'}]","['Generic marketing expertise applicable to any B2B', 'No materials science or simulation domain overlap']","[""Mentor's experience with technical B2B or enterprise software sales"", ""Mentor's familiarity with deep-tech or scientific customer segments"", ""Startup's current go-to-market strategy and marketing maturity""]"
startup_017,MENTOR_032,0.42,0.55,"Moderate overlap exists. PhaseTree operates in materials discovery with potential climate/energy applications, which aligns with Andrew's Climate Tech and Energy tags. His expertise in startup scaling, investment, and fundraising (£2bn+ raised) is relevant to PhaseTree's growth ambitions. However, there is no explicit evidence of domain expertise in materials science, computational physics, or AI-driven simulation platforms, limiting the depth of technical fit.","[{'from': 'startup', 'quote': 'accelerates materials discovery by using advanced in silico physics simulations and Al to predict how materials behave'}, {'from': 'mentor', 'quote': 'Raised £2bn+; founder of Torvius; serial entrepreneur'}]","['Climate Tech / Energy sector alignment', 'Startup scaling and investment expertise', 'Serial entrepreneur experience', 'Fundraising track record relevant to growth goals']","['No evidence of materials science or computational simulation expertise', 'Unclear if mentor has experience with deep-tech or AI-driven platforms', ""Limited detail on mentor's specific operational or technical contributions in past ventures""]"
startup_017,MENTOR_033,0.68,0.72,"Strong domain overlap exists: the mentor has 'Materials' and 'Clean Tech' expertise tags that align with PhaseTree's materials discovery focus. His background as former Global Head of Analysis at BNEF and ex-McKinsey Partner suggests strategic and analytical capabilities relevant to a deep-tech startup accelerating R&D cycles. However, the mentor profile lacks detailed technical or operational specifics, limiting confidence in assessing depth of materials science expertise.","[{'from': 'startup', 'quote': 'accelerates materials discovery by using advanced in silico physics simulations and Al to predict how materials behave'}, {'from': 'mentor', 'quote': 'Space Tech; Telecommunications; Materials; Clean Tech'}]","['Materials domain expertise', 'Clean Tech sector alignment', 'Strategic advisory experience (BNEF, McKinsey)', 'Policy and government advisory background']","[""Depth of mentor's materials science or simulation expertise unclear"", ""No detail on mentor's hands-on experience with materials R&D or deep-tech startups"", ""Limited information on mentor's specific achievements or portfolio companies""]"
startup_017,MENTOR_034,0.72,0.75,"Strong domain overlap: mentor has materials science expertise and direct R&D experience (Climeworks DAC chemist, PhD EPFL), which aligns well with PhaseTree's materials discovery platform. The mentor's background in decarbonization and carbon removal suggests familiarity with advanced materials applications, though the connection to PhaseTree's broader market focus is less explicit.","[{'from': 'startup', 'quote': 'accelerates materials discovery by using advanced in silico physics simulations and Al to predict how materials behave'}, {'from': 'mentor', 'quote': 'Materials Science; former Climeworks DAC chemist; PhD EPFL'}]","['Materials science domain expertise', 'R&D and chemistry background', 'Advanced materials applications experience', 'Scientific rigor and PhD-level training']","[""Mentor's specific computational/simulation experience unclear"", ""Breadth of mentor's materials expertise beyond decarbonization applications"", ""Mentor's familiarity with AI/ML in materials discovery""]"
startup_018,MENTOR_001,0.42,0.65,"Moderate overlap exists through sustainability/climate impact focus and European market operations. Mentor's renewables legal/transactional expertise and policy influence could provide value for Mykor's scaling strategy and offtake agreements, though the core domain mismatch (solar energy vs. mycelium construction materials) limits direct technical relevance.","[{'from': 'startup', 'quote': ""Mykor's scalable business model envisions manufacturing and installation partners in each major country in Europe""}, {'from': 'mentor', 'quote': 'General Counsel for EMEA and Global Head of Transactions at Lightsource bp'}]","['European market expansion experience', 'Legal/transactional expertise for partnerships', 'Sustainability sector knowledge', 'Policy and regulatory navigation']","[""Mentor's specific experience with construction/materials sector"", ""Mentor's knowledge of circular economy or biomaterials"", ""Details on mentor's transaction types and partnership structuring experience""]"
startup_018,MENTOR_002,0.78,0.85,"Strong domain match between Mykor's sustainable construction materials and Magali Anderson's expertise as former Chief Sustainability & Innovation Officer at Holcim (a major construction materials company). Her board experience at Anglo American and Capitals Coalition, combined with deep operations management background, aligns well with Mykor's scalable manufacturing vision and sustainability-driven business model.","[{'from': 'mentor', 'quote': 'former Chief Sustainability & Innovation Officer at Holcim'}, {'from': 'startup', 'quote': 'sustainable construction materials using mycelium-based biotechnology that transforms industrial biomass residues into high-performance insulation systems'}]","['Construction materials industry expertise (Holcim)', 'Sustainability strategy and innovation leadership', 'Operations management at industrial scale', 'Board-level governance experience']","[""Mentor's specific experience with novel/bio-based materials vs traditional construction materials"", ""Mentor's familiarity with European residential construction market dynamics""]"
startup_018,MENTOR_003,0.78,0.72,"Strong domain alignment: mentor has 20+ years in sustainable innovation and industrial technology, directly matching Mykor's mycelium-based sustainable construction materials. Mentor's experience scaling and selling a 100+ employee startup provides relevant operational insight for Mykor's ambitious European expansion plan. Business development and strategic partnerships expertise aligns well with Mykor's need to establish manufacturing and installation partners across Europe.","[{'from': 'mentor', 'quote': '20+ years developing sustainable innovation; sold 100+ employee startup to Screen Japan'}, {'from': 'startup', 'quote': 'Mykor develops sustainable construction materials using mycelium-based biotechnology that transforms industrial biomass residues into high-performance insulation systems.'}]","['Sustainability and clean technology expertise', 'Industrial technology scaling experience', 'Strategic partnerships for European expansion', 'Exit experience with 100+ employee company']","[""Mentor's specific construction/materials industry experience unclear"", ""Mentor's geographic focus (Europe vs other regions) not specified"", ""Depth of mentor's biotechnology knowledge unknown""]"
startup_018,MENTOR_004,0.58,0.65,"Moderate overlap exists: Mykor operates in climate tech (sustainable construction materials, CO2 sequestration) which aligns with Elizabeth's climate tech and energy transition expertise. Her background in venture capital, investment banking, and startup scaling is relevant to Mykor's growth ambitions and offtake agreements. However, the mentor profile lacks specific detail on construction materials, biomaterials, or manufacturing operations, limiting assessment of deeper domain fit.","[{'from': 'startup', 'quote': 'sustainable construction materials using mycelium-based biotechnology that transforms industrial biomass residues into high-performance insulation systems'}, {'from': 'mentor', 'quote': 'Climate Tech; Energy Transition'}]","['Climate tech domain alignment', 'Venture capital and investment experience', 'Startup scaling expertise', 'Energy transition focus']","['No evidence of construction/building materials expertise', 'No evidence of manufacturing or supply chain experience', ""Limited detail on mentor's specific climate tech focus areas"", 'No evidence of B2B sales or offtake agreement experience']"
startup_018,MENTOR_005,0.58,0.65,"Moderate overlap exists: Jason Blackstock's climate tech expertise and policy influence background align with Mykor's sustainable construction materials mission and need to navigate regulatory frameworks (fire safety, circularity standards). However, his quantum and systems design engineering focus does not directly match mycelium biotechnology or construction materials manufacturing, limiting the depth of technical fit.","[{'from': 'mentor', 'quote': 'Climate Tech'}, {'from': 'startup', 'quote': 'sustainable construction materials using mycelium-based biotechnology that transforms industrial biomass residues into high-performance insulation systems'}]","['Climate tech domain alignment', 'Policy influence for regulatory navigation', 'Scalability and systems thinking']","[""Mentor's specific climate tech sub-domains unclear"", 'No evidence of construction/materials sector experience', ""Lack of detail on mentor's operational or commercialization expertise""]"
startup_018,MENTOR_006,0.72,0.78,"Strong domain alignment exists between Mykor's sustainable construction materials and Arnaud's expertise in ESG strategy, cleantech commercial development, and sustainability strategy. His 20+ years of global experience with major corporations (ENGIE, Michelin, Temasek) directly overlaps with Mykor's need to scale a circular economy product in the construction sector. The match is particularly strong in cleantech commercialization and responsible innovation, though specific mycelium/biotech expertise is not evident.","[{'from': 'startup', 'quote': ""Mykor's advanced biomaterials deliver insulation systems which convert walls from being a significant CO2e and waste contributor to a prefabricated circular system""}, {'from': 'mentor', 'quote': 'Sustainability Strategy; Cleantech Commercial Development; Responsible Innovation'}]","['ESG strategy expertise for circular economy product', 'Cleantech commercial development experience', 'Global corporate partnerships (ENGIE, Michelin) relevant to construction sector scaling', 'Sustainability and responsible innovation focus']","['No evidence of construction materials or building sector expertise', 'No biotechnology or mycelium-specific knowledge indicated', ""Limited detail on mentor's actual cleantech commercialization track record""]"
startup_018,MENTOR_007,0.72,0.78,Strong domain match exists between Mykor's mycelium-based construction materials and Gaetan's deep materials science expertise (PhD) and climate tech investment focus at Breakthrough Energy Ventures Europe. His experience scaling a materials/cleantech startup (Kurion) from founding through $350M acquisition directly aligns with Mykor's scaling ambitions in sustainable construction.,"[{'from': 'startup', 'quote': 'Mykor develops sustainable construction materials using mycelium-based biotechnology that transforms industrial biomass residues into high-performance insulation systems.'}, {'from': 'mentor', 'quote': 'Co-founder & CTO of Kurion; Fukushima deployment; acquired by Veolia for $350M; PhD Materials Science'}]","['Materials science PhD matches advanced biomaterials development', 'Climate tech investment focus aligns with carbon sequestration mission', 'Proven scaling experience (Kurion $350M exit) matches growth ambitions', 'Startup founding/CTO background relevant to technical commercialization']","[""Mentor's specific experience with construction/building materials sector unclear"", ""Mentor's knowledge of European residential construction market unknown"", ""Details on mentor's hands-on involvement style vs. investment-only role""]"
startup_018,MENTOR_008,0.72,0.78,"Strong domain alignment: Lisa Aberg's 27 years as McKinsey Senior Partner with sustainability and industrial focus directly matches Mykor's sustainable construction materials business. Her expertise in ESG, Climate Tech, and advising European green tech investors aligns well with Mykor's carbon-sequestering biomaterials and European expansion strategy. M&A and consulting experience are relevant for scaling manufacturing partnerships across Europe.","[{'from': 'mentor', 'quote': '27 years McKinsey Senior Partner; sustainability & industrial focus; advises European green tech investors'}, {'from': 'startup', 'quote': ""Mykor's scalable business model envisions manufacturing and installation partners in each major country in Europe""}]","['Sustainability & industrial expertise matches mycelium construction materials', 'Climate Tech/ESG focus aligns with carbon sequestration mission', 'European green tech investor advisory relevant to expansion plans', 'M&A/consulting experience supports partnership scaling strategy']","[""Mentor's specific construction/materials industry experience unclear"", ""Depth of mentor's biotech or biomaterials knowledge unknown""]"
startup_018,MENTOR_009,0.42,0.65,"Moderate overlap exists primarily through operational expertise in deep-tech startup scaling and strategic IP management, which are relevant to Mykor's commercialization phase and scalable manufacturing model. However, the mentor's technical domain (semiconductors, silicon carbide, nanographics) shows no direct connection to mycelium-based biomaterials or construction materials, limiting the depth of domain-specific value.","[{'from': 'mentor', 'quote': 'Manages deep-tech startup programs at CEA-Liten'}, {'from': 'startup', 'quote': ""Mykor's scalable business model envisions manufacturing and installation partners in each major country in Europe""}]","['Deep-tech startup scaling experience', 'Strategic IP management relevant to biotech materials', 'Program management for commercialization phases']","[""Mentor's experience with biomaterials or construction sector"", ""Mentor's knowledge of circular economy or sustainability ventures"", ""Specific examples of mentor's startup outcomes or methodologies""]"
startup_018,MENTOR_010,0.42,0.55,"Moderate overlap exists through clean technology focus and startup scaling experience. Jason's background in infrastructure and clean tech aligns with Mykor's sustainable construction materials, and his serial entrepreneur experience is relevant to scaling a hardware/materials startup. However, no specific evidence of construction, materials science, or biomaterials expertise limits the match strength.","[{'from': 'mentor', 'quote': 'Clean Technology'}, {'from': 'startup', 'quote': 'Mykor develops sustainable construction materials using mycelium-based biotechnology'}]","['Clean technology sector alignment', 'Startup scaling operational experience', 'Infrastructure investment background', 'Serial entrepreneur perspective on growth']","['No evidence of construction/building materials domain expertise', 'No evidence of biotech or materials science knowledge', ""Limited detail on mentor's specific clean tech focus areas"", 'No evidence of B2B manufacturing or supply chain experience']"
startup_018,MENTOR_011,0.58,0.65,"Moderate overlap exists: Mykor's decarbonization focus (CO2 sequestration, 180% less carbon) aligns with mentor's decarbonization and ESG expertise. Mentor's 25+ years in capital markets and climate finance advisory could support Mykor's scaling and offtake execution. However, no specific construction materials, biotech, or manufacturing expertise is evident in mentor profile, limiting technical/operational fit.","[{'from': 'startup', 'quote': 'emits 180% less carbon in manufacturing vs incumbents'}, {'from': 'mentor', 'quote': '25+ years Canadian capital markets; climate finance advisor'}]","['Decarbonization alignment', 'Climate finance expertise', 'ESG and risk assessment', 'Capital markets experience for scaling']","['No construction materials or biotech domain expertise evident', 'No manufacturing or supply chain operational experience mentioned', ""Limited detail on mentor's specific investment thesis or sector focus""]"
startup_018,MENTOR_012,0.52,0.65,"Moderate overlap exists: the mentor's climate tech expertise and EU-funded project coordination align with Mykor's sustainable construction materials and European expansion strategy. However, the mentor's specific domains (water treatment, SaaS) do not directly match mycelium-based biomaterials or construction industry operations, limiting the depth of technical fit.","[{'from': 'mentor', 'quote': 'Climate Tech; EU-Funded Project Coordination; Policy Influence'}, {'from': 'startup', 'quote': 'manufacturing and installation partners in each major country in Europe'}]","['Climate tech sector alignment', 'EU expansion and policy navigation', 'Public-private funding expertise', 'B2B sales for construction markets']","['No evidence of construction materials or biotech expertise', ""Mentor's water treatment/SaaS focus not directly relevant to mycelium insulation"", ""Limited detail on mentor's specific climate tech sub-domains""]"
startup_018,MENTOR_013,0.28,0.55,"Weak overlap exists primarily through sustainability and biological systems knowledge. The mentor's entomology and sustainable agriculture expertise has limited direct application to mycelium-based construction materials, though some transferable knowledge in biological cultivation and project management may provide generic value.","[{'from': 'startup', 'quote': 'mycelium-based biotechnology that transforms industrial biomass residues into high-performance insulation systems'}, {'from': 'mentor', 'quote': 'Entomologist; Programme Leader at NIAB; PhD Imperial College; crop protection & insect ecology expert'}]","['Sustainability focus alignment', 'Biological systems knowledge', 'Project management experience', 'Research program leadership']","[""Mentor's specific experience with fungi/mycelium or biomaterials"", ""Mentor's construction industry knowledge"", ""Mentor's manufacturing scale-up experience"", 'Detailed mentor bio unavailable']"
startup_018,MENTOR_014,0.42,0.65,"Moderate overlap exists through shared sustainability focus and scaling challenges in physical product businesses. Both operate in adjacent bio-based sectors (mycelium construction vs. vertical farming) requiring manufacturing partnerships and market penetration strategies. However, the mentor's expertise in agri-tech and vertical farming does not directly translate to construction materials, and brand/communications focus may offer limited technical leverage for Mykor's biomaterial development.","[{'from': 'startup', 'quote': ""Mykor's scalable business model envisions manufacturing and installation partners in each major country in Europe""}, {'from': 'mentor', 'quote': 'Co-founder of Infarm; leads brand and communications; Startup Scaling'}]","['Scaling physical product businesses across Europe', 'Sustainability-focused venture experience', 'Building manufacturing partner networks', 'Brand positioning for B2B construction markets']","[""Mentor's specific experience with construction/materials sector"", ""Mentor's involvement in technical operations vs. brand-only"", ""Details on Infarm's scaling challenges and solutions"", ""Mentor's investment thesis or portfolio focus areas""]"
startup_018,MENTOR_015,0.48,0.65,"Moderate overlap exists: the mentor's Climate Tech and Biology tags align with Mykor's mycelium-based sustainable materials, and Strategic IP Management expertise is relevant for protecting novel biomaterial innovations. However, the mentor's primary focus on EPO litigation and patent law does not directly address Mykor's core operational challenges in manufacturing scale-up, construction industry partnerships, or go-to-market execution.","[{'from': 'startup', 'quote': 'mycelium-based biotechnology that transforms industrial biomass residues into high-performance insulation systems'}, {'from': 'mentor', 'quote': 'Climate Tech; Health Tech; Biology'}]","['Climate Tech and Biology domain alignment', 'IP strategy for novel biomaterials', 'Patent protection for biotechnology innovations']","[""Mentor's experience with construction/materials industry"", ""Mentor's operational or commercialization expertise beyond IP"", ""Startup's specific IP strategy needs or legal challenges""]"
startup_018,MENTOR_016,0.48,0.65,"Moderate overlap exists through climate tech investment expertise and startup scaling experience. However, mentor's background is heavily software/platform-focused (SaaS, marketplace tech, Eventbrite CTO), while Mykor operates in deep-tech biomaterials and construction—a fundamentally different domain requiring materials science, manufacturing, and construction industry knowledge.","[{'from': 'mentor', 'quote': '70+ climate tech investments'}, {'from': 'startup', 'quote': 'Mykor develops sustainable construction materials using mycelium-based biotechnology that transforms industrial biomass residues'}]","['Climate tech investment experience', 'Startup scaling operational knowledge', 'Board governance expertise']","['No evidence of materials science or biotech expertise', 'No construction industry experience mentioned', 'No hardware/manufacturing scaling background evident']"
startup_018,MENTOR_017,0.68,0.72,"Strong domain alignment exists between Mykor's sustainable construction materials and Aurélie's expertise in Climate Tech, ESG strategy, and sustainability transformation. Her experience with ESG compliance (CSRD/ESRS) and corporate innovation directly supports Mykor's carbon sequestration claims and circular economy positioning. However, limited detail on mentor's construction/materials sector experience and startup scaling expertise prevents a higher score.","[{'from': 'startup', 'quote': 'convert walls from being a significant CO2e and waste contributor to a prefabricated circular system that sequesters CO2'}, {'from': 'mentor', 'quote': 'Climate Tech; ESG Compliance; Sustainability Strategy; AI-driven sustainability transformation'}]","['Climate Tech & carbon reduction alignment', 'ESG compliance for sustainability claims validation', 'Corporate innovation for B2B construction partnerships', 'Data analytics for impact measurement']","[""Mentor's direct experience with construction/materials sector unclear"", ""Mentor's track record with early-stage vs. corporate contexts not specified"", ""Mentor's operational scaling experience in manufacturing not evident""]"
startup_018,MENTOR_018,0.68,0.72,"Strong domain overlap exists: Daniel's Climate Tech and Agri Tech expertise aligns well with Mykor's mycelium-based sustainable construction materials (biomass transformation). His 35+ years scaling deep tech startups and operations/GTM strategy experience directly matches Mykor's need to scale manufacturing partnerships across Europe and fulfill £67.5M offtake agreements. However, no explicit construction materials or biotech experience is stated, limiting confidence.","[{'from': 'mentor', 'quote': 'Climate Tech; Agri Tech; SaaS; Digital Transformation'}, {'from': 'startup', 'quote': 'transforms industrial biomass residues into high-performance insulation systems'}]","['Climate Tech expertise matches sustainability mission', 'Agri Tech relevant to biomass/mycelium biotech', 'Startup scaling & operations for European expansion', 'GTM strategy for fulfilling offtake agreements']","['No explicit construction materials experience mentioned', 'No biotech or materials science background stated', ""Limited detail on mentor's specific deep tech domains""]"
startup_018,MENTOR_019,0.68,0.72,"Strong domain alignment exists: Mykor operates in climate tech (sustainable construction materials, CO2 sequestration) matching mentor's Climate Tech and Sustainability Strategy expertise. Mentor's Startup Scaling and Fundraising tags align with Mykor's growth phase (existing offtake agreements, expansion vision). However, limited detail on mentor's specific construction/materials experience and no evidence of deep tech biotech expertise reduces confidence.","[{'from': 'startup', 'quote': ""Mykor's scalable business model envisions manufacturing and installation partners in each major country in Europe""}, {'from': 'mentor', 'quote': 'Climate Tech; Deep Tech; Data-Driven Sales; Carbon & Biodiversity'}]","['Climate tech and carbon reduction alignment', 'Startup scaling expertise for European expansion', 'Fundraising support for growth capital needs', 'Sustainability strategy for circular economy positioning']","[""Mentor's specific experience with construction/materials sector"", ""Mentor's depth in biotech or advanced materials"", ""Mentor's track record with B2B sales in industrial markets"", ""Details on mentor's advisory methodology and engagement model""]"
startup_018,MENTOR_020,0.68,0.72,"Strong domain overlap exists: Magnus focuses on Climate Tech and Industrial Tech, directly relevant to Mykor's sustainable construction materials and manufacturing scale-up. His investment and board governance expertise aligns well with a capital-intensive, scaling deep-tech venture targeting significant market penetration. However, no specific construction materials, biotech, or manufacturing operations experience is evident in the provided mentor text.","[{'from': 'mentor', 'quote': 'Climate Tech; Nuclear; Semiconductors; Industrial Tech'}, {'from': 'startup', 'quote': ""Mykor's scalable business model envisions manufacturing and installation partners in each major country in Europe""}]","['Climate Tech investor focus matches sustainable materials mission', 'Industrial Tech expertise relevant to manufacturing scale-up', 'Investment and board governance skills for capital-intensive growth', 'Deep-tech background aligns with advanced biomaterials innovation']","['No evidence of construction materials or biotech sector experience', 'Unclear if mentor has manufacturing operations expertise', ""No information on mentor's network in construction or building sectors""]"
startup_018,MENTOR_021,0.58,0.65,"Moderate overlap exists between Mykor's sustainable construction materials focus and Florent's climate tech and sustainability strategy expertise. His 20+ years in energy & utilities consulting and corporate innovation experience could provide strategic value for scaling a climate-focused materials company, though his background lacks specific construction materials, biotechnology, or manufacturing domain expertise that would create exceptional alignment.","[{'from': 'startup', 'quote': 'sustainable construction materials using mycelium-based biotechnology that transforms industrial biomass residues into high-performance insulation systems'}, {'from': 'mentor', 'quote': 'Global Head Climate Tech; ESG; Climate Tech; AI for Sustainability; Sustainability Strategy; Corporate Innovation'}]","['Climate tech and sustainability alignment', 'Corporate innovation and scaling experience', 'ESG strategy relevant to green building materials', 'Energy sector experience tangential to construction']","['No evidence of construction materials expertise', 'No biotechnology or manufacturing background mentioned', ""Limited detail on mentor's specific climate tech domains"", 'Unclear if mentor has B2B sales or offtake agreement experience']"
startup_018,MENTOR_022,0.42,0.55,"Moderate overlap exists through shared sustainability/biotech themes and policy navigation needs. Mentor's biofuels/energy background provides adjacent domain knowledge to mycelium-based biomaterials, and his policy influence expertise could help Mykor navigate construction regulations. However, the mentor lacks direct construction materials, manufacturing scale-up, or B2B sales experience that would create stronger alignment with Mykor's core business model.","[{'from': 'startup', 'quote': 'mycelium-based biotechnology that transforms industrial biomass residues into high-performance insulation systems'}, {'from': 'mentor', 'quote': 'Biofuels; Energy'}]","['Bio-based materials domain adjacency', 'Policy/regulatory navigation expertise', 'Sustainability sector experience', 'Innovation commercialization background']","[""Mentor's specific experience with construction/building materials sector"", ""Mentor's track record with manufacturing scale-up or B2B partnerships"", 'Detailed mentor bio unavailable for deeper assessment']"
startup_018,MENTOR_023,0.28,0.65,"Weak overlap. Mentor's expertise centers on finance, institutional sales, and ESG risk assessment, while Mykor is a deep-tech biomaterials startup focused on mycelium-based construction products. ESG knowledge provides limited relevance to Mykor's core technical and operational challenges in biotechnology and construction materials manufacturing.","[{'from': 'mentor', 'quote': '35 years global finance leadership; former Amundi Global Head of Sales'}, {'from': 'startup', 'quote': 'Mykor develops sustainable construction materials using mycelium-based biotechnology that transforms industrial biomass residues into high-performance insulation systems.'}]","['ESG expertise relevant to sustainability positioning', 'Finance background for scaling capital needs', 'Institutional client experience for B2B sales strategy']","['No evidence of construction industry experience', 'No biotechnology or materials science background', 'No manufacturing or supply chain expertise mentioned', ""Insufficient detail on mentor's ESG depth beyond risk assessment""]"
startup_018,MENTOR_024,0.25,0.3,"Insufficient info. The mentor profile provides only a title (PhD Candidate at Carnegie Mellon) and CDL-MCI Fellow status, with no domain expertise, functional experience, or technical background disclosed. The startup operates in sustainable construction materials and mycelium biotechnology, but without mentor bio, tech tags, or operational tags, no credible overlap can be assessed.","[{'from': 'startup', 'quote': 'Mykor develops sustainable construction materials using mycelium-based biotechnology that transforms industrial biomass residues into high-performance insulation systems.'}, {'from': 'mentor', 'quote': 'PhD Candidate'}]","['Academic research background (PhD candidate)', 'CDL program participation']","[""Mentor's research domain/focus area"", ""Mentor's technical expertise or tech tags"", ""Mentor's operational experience or op tags"", ""Mentor's bio or key accomplishments"", ""Mentor's industry background""]"
startup_018,MENTOR_025,0.22,0.75,"Minimal domain overlap exists between mycelium-based sustainable construction materials and automotive/software-defined vehicle expertise. The mentor's 30+ years in automotive leadership, EV, and autonomous vehicles does not align with Mykor's biotechnology, biomaterials, or construction industry focus. Generic consulting and joint venture management experience provides only weak, non-specific potential value.","[{'from': 'startup', 'quote': 'mycelium-based biotechnology that transforms industrial biomass residues into high-performance insulation systems'}, {'from': 'mentor', 'quote': '30+ years automotive leadership; GM Canada & China; SDV transformation expert'}]","['Generic consulting experience', 'Joint venture management skills']","['No evidence of construction industry experience', 'No evidence of biomaterials or sustainability sector knowledge', 'No evidence of manufacturing scale-up in non-automotive sectors']"
startup_018,MENTOR_026,0.42,0.55,"Moderate overlap exists through circular economy focus and operations expertise. The mentor's role as Blockchain & Circular Economy Committee President aligns with Mykor's circular construction materials mission. However, the mentor's tech tags (SaaS, Robotics, Digital Transformation) show limited direct relevance to mycelium biotechnology or construction materials manufacturing, creating a partial but not exceptional match.","[{'from': 'startup', 'quote': 'prefabricated circular system that sequesters CO2 and emits 180% less carbon in manufacturing vs incumbents'}, {'from': 'mentor', 'quote': 'Blockchain & Circular Economy Committee President'}]","['Circular economy expertise alignment', 'Operations experience for scaling manufacturing', 'Digital transformation for production systems']","[""Mentor's specific experience in materials science or construction sector"", ""Mentor's background in biotechnology or manufacturing operations"", ""Details on mentor's investment thesis or portfolio relevance""]"
startup_018,MENTOR_027,0.42,0.65,"Moderate overlap exists primarily through industrial operations and scaling expertise. The mentor's background in industrial automation, executive leadership at Siemens, and M&A experience align with Mykor's need to scale manufacturing partnerships across Europe. However, there is no direct domain match in sustainable materials, construction, or biotechnology.","[{'from': 'startup', 'quote': ""Mykor's scalable business model envisions manufacturing and installation partners in each major country in Europe""}, {'from': 'mentor', 'quote': 'Former Siemens Executive Committee; ex-McKinsey Global Director; Industrial Automation'}]","['Industrial scaling and manufacturing partnerships', 'Executive leadership in complex industrial operations', 'M&A expertise for partnership structuring']","['No evidence of construction or materials industry experience', 'No biotechnology or sustainability domain expertise mentioned', ""Limited detail on mentor's specific operational achievements""]"
startup_018,MENTOR_028,0.68,0.72,"Strong domain overlap exists: Julian Gray has explicit expertise in 'Biotechnology' and 'Climate Tech,' which directly align with Mykor's mycelium-based biotechnology for sustainable construction materials that sequester CO2. His background as 'DeepTech & climate venturing leader' and experience in investment/consulting are relevant to Mykor's scalable manufacturing model and offtake agreements. However, no specific construction materials, insulation, or circular economy expertise is mentioned, limiting the score.","[{'from': 'mentor', 'quote': 'Biotechnology; Climate Tech'}, {'from': 'startup', 'quote': 'mycelium-based biotechnology that transforms industrial biomass residues into high-performance insulation systems'}]","['Biotechnology domain expertise', 'Climate tech focus', 'DeepTech venturing experience', 'Investment and scaling knowledge']","['No explicit construction materials or insulation sector experience mentioned', 'No circular economy or manufacturing operations detail in mentor profile']"
startup_018,MENTOR_029,0.12,0.75,"No credible overlap between mentor's expertise in autonomous systems, safety assurance, EV, and mobility and the startup's focus on mycelium-based sustainable construction materials and insulation systems. The mentor's domain (AI, autonomy, transportation) is fundamentally misaligned with the startup's domain (biomaterials, construction, circular economy).","[{'from': 'mentor', 'quote': 'Autonomous Systems; Safety Assurance; EV; Mobility'}, {'from': 'startup', 'quote': 'mycelium-based biotechnology that transforms industrial biomass residues into high-performance insulation systems'}]","['No domain overlap', 'Mentor expertise in mobility/autonomy vs startup in biomaterials/construction']",[]
startup_018,MENTOR_030,0.28,0.65,"Weak domain overlap. Mykor operates in sustainable construction materials and mycelium biotechnology, while the mentor's expertise centers on fintech, data security, M&A, and investment banking (Lazard, Goldman Sachs, Citadel, Natixis). The mentor's M&A and investment experience could provide generic strategic or fundraising guidance, but there is no specific match to biotech, materials science, construction, or sustainability sectors.","[{'from': 'startup', 'quote': 'Mykor develops sustainable construction materials using mycelium-based biotechnology that transforms industrial biomass residues into high-performance insulation systems.'}, {'from': 'mentor', 'quote': 'Former Lazard & Goldman Sachs banker; ex-Citadel; Natixis executive'}]","['M&A and investment banking experience', 'Corporate restructuring knowledge', 'Financial strategy and capital raising']","['No evidence of mentor expertise in biotech, materials science, or construction', 'No indication of mentor experience in sustainability or circular economy sectors', ""Mentor's fintech/data security focus unrelated to startup's domain""]"
startup_018,MENTOR_031,0.28,0.55,"Weak overlap. Mentor's digital marketing and data-driven marketing expertise could provide generic go-to-market support, but there is no evidence of domain knowledge in construction materials, biotechnology, mycelium-based products, or B2B industrial sales. The mentor's background in connected medical solutions does not translate to sustainable construction materials.","[{'from': 'mentor', 'quote': '24+ years digital marketing; connected medical solutions specialist'}, {'from': 'startup', 'quote': 'Mykor develops sustainable construction materials using mycelium-based biotechnology that transforms industrial biomass residues into high-performance insulation systems.'}]","['Generic marketing expertise applicable across sectors', 'No construction/biotech domain alignment']","[""Mentor's experience with B2B industrial sales or construction sector"", ""Mentor's knowledge of sustainability/circular economy business models"", ""Startup's current marketing challenges or go-to-market strategy needs""]"
startup_018,MENTOR_032,0.68,0.72,"Strong domain overlap exists: Mykor operates in climate tech (sustainable construction materials, CO2 sequestration) and Andrew has explicit Climate Tech expertise. His experience raising £2bn+ and startup scaling directly aligns with Mykor's ambitious growth vision (£67.5M offtake agreements, scaling to 5% market share across UK & Europe). However, no specific construction materials, biotech, or manufacturing expertise is evident in Andrew's profile.","[{'from': 'startup', 'quote': ""Mykor's advanced biomaterials deliver insulation systems which convert walls from being a significant CO2e and waste contributor""}, {'from': 'mentor', 'quote': 'Climate Tech; Raised £2bn+; Startup Scaling'}]","['Climate tech domain alignment', 'Capital raising expertise for scale-up phase', 'Startup scaling experience matches growth ambitions', 'Investment and board governance for commercial expansion']","['No evidence of construction materials or biotech domain knowledge', 'No manufacturing or supply chain expertise mentioned', ""Limited detail on mentor's specific climate tech experience""]"
startup_018,MENTOR_033,0.68,0.72,"Strong domain overlap exists: Mykor operates in sustainable construction materials (Clean Tech), and Michael has Clean Tech and Materials expertise. His background as UK energy policymaker and former BNEF Global Head of Analysis aligns well with Mykor's carbon reduction focus and European market expansion strategy. However, limited detail on Michael's specific materials science or construction sector experience prevents a higher score.","[{'from': 'mentor', 'quote': 'Clean Tech; Materials; Government Advisory; Policy Influence; UK energy policymaker'}, {'from': 'startup', 'quote': 'sustainable construction materials using mycelium-based biotechnology; emits 180% less carbon in manufacturing vs incumbents'}]","['Clean Tech and Materials domain alignment', 'UK policy experience relevant to regulatory navigation', 'Carbon reduction and sustainability focus overlap', 'European market scaling strategy fits policy/advisory background']","[""Mentor's specific experience in construction or building materials sector"", ""Mentor's depth of knowledge in circular economy or biomaterials"", ""Mentor's track record with early-stage hardware/manufacturing startups""]"
startup_018,MENTOR_034,0.72,0.75,"Strong domain overlap exists: Mykor develops advanced biomaterials for carbon sequestration in construction, while Karen has deep expertise in decarbonization, materials science, and carbon removal technologies from her roles at Carbon Removal Partners and Climeworks. Her PhD-level chemistry background and CDR venture experience align well with Mykor's carbon-negative materials innovation and scaling challenges.","[{'from': 'startup', 'quote': 'biomaterials deliver insulation systems which convert walls from being a significant CO2e and waste contributor to a prefabricated circular system that sequesters CO2'}, {'from': 'mentor', 'quote': 'Head of Science at CDR-focused VC; former Climeworks DAC chemist; PhD EPFL'}]","['Carbon sequestration technology expertise', 'Materials science and chemistry background', 'Decarbonization domain knowledge', 'Climate tech venture scaling experience']","[""Mentor's specific experience with biomaterials or mycelium technology"", ""Mentor's knowledge of construction industry dynamics"", ""Details on mentor's operational vs technical focus areas""]"
