startup_id,mentor_id,FIT2,FIT2_confidence,FIT2_explicability,FIT2_evidence_quotes,FIT2_objective_alignment,FIT2_missing_info_flags
startup_001,MENTOR_001,0.42,0.7,"The mentor has strong legal and transactional expertise in renewables, which could support Objective 3 (IP/USP strategy) and potentially Objective 2 (investor outreach structuring). However, there is no evidence of technical expertise in industrial heat systems or supply chain management, limiting direct help with Objective 1 (24-hour system run) or the supply bottleneck challenge.","[{'from': 'mentor', 'quote': 'General Counsel for EMEA and Global Head of Transactions at Lightsource bp'}, {'from': 'startup', 'quote': 'Develop an IP and USP strategy for the R&D project aimed at optimizing the current heater design'}]","[{'objective': 1, 'alignment': 0.1, 'why': 'No technical or engineering expertise evident for system testing'}, {'objective': 2, 'alignment': 0.55, 'why': 'Transaction experience may help structure investor outreach and deals'}, {'objective': 3, 'alignment': 0.7, 'why': 'Legal background directly relevant to IP strategy development'}]","['No evidence of technical expertise in industrial heating or materials science', 'No explicit experience with supply chain or manufacturing bottlenecks', 'Unclear if mentor has climate-tech fundraising experience beyond solar/wind']"
startup_001,MENTOR_002,0.68,0.75,"Mentor has strong industrial operations and sustainability credentials relevant to decarbonizing industrial heat, but lacks direct technical expertise in power-to-heat systems or heating technology R&D. Strong fit for investor credibility and supply chain challenges (Objectives 2 and bottleneck), moderate fit for IP/USP strategy (Objective 3), weak fit for technical system optimization (Objective 1).","[{'from': 'mentor', 'quote': 'former Chief Sustainability & Innovation Officer at Holcim; 27+ years at Schlumberger including Angola CEO'}, {'from': 'startup', 'quote': 'Supply management remains a bottleneck, limiting the ability to secure components on time and with the required specifications.'}]","[{'objective': 1, 'alignment': 0.35, 'why': 'No direct heating technology or lab-scale technical system expertise evident'}, {'objective': 2, 'alignment': 0.85, 'why': 'Board-level credibility and industrial network highly relevant for investor outreach in climate-tech'}, {'objective': 3, 'alignment': 0.65, 'why': 'Innovation leadership experience applicable to IP/USP strategy, though not heating-specific'}]","['No evidence of technical expertise in power-to-heat or high-temperature heating systems', 'Unclear if mentor has direct experience with early-stage deep-tech fundraising or supply chain for specialized components']"
startup_001,MENTOR_003,0.68,0.72,"Mentor has strong relevance for objectives 2 and 3 through investment expertise and sustainable industrial technology experience, including a successful exit. However, limited evidence of direct technical expertise for the 24-hour continuous heating system challenge (objective 1), which is the most critical current need given the delayed milestone.","[{'from': 'startup', 'quote': 'delayed 24-hour heater test has postponed a critical technology milestone, which is key for de-risking and investor credibility'}, {'from': 'mentor', 'quote': '20+ years developing sustainable innovation; sold 100+ employee startup to Screen Japan'}]","[{'objective': 1, 'alignment': 0.45, 'why': 'Industrial tech background but no specific heating systems or continuous operation expertise evident'}, {'objective': 2, 'alignment': 0.85, 'why': 'Investment operations tag and successful exit experience directly relevant to fundraising in challenging climate-tech market'}, {'objective': 3, 'alignment': 0.75, 'why': 'Sustainable innovation and industrial technology experience applicable to IP/USP strategy development'}]","['No specific technical expertise in high-temperature heating systems or continuous operation testing', 'Unclear if mentor has experience with supply chain management for specialized industrial components']"
startup_001,MENTOR_004,0.68,0.72,"The mentor has strong climate-tech and investment expertise directly relevant to objective 2 (fundraising) and can provide strategic guidance on navigating the challenging fundraising environment. However, there is limited evidence of technical expertise for objective 1 (24-hour system run at 1,100°C) or deep IP/R&D strategy experience for objective 3, reducing overall fit.","[{'from': 'mentor', 'quote': 'venture capital, hedge funds, investment banking; Partnerships Development Director at BRITE Energy Innovators'}, {'from': 'startup', 'quote': 'Launching a fundraising round is challenging in a market currently heavily focused on Al and defense'}]","[{'objective': 1, 'alignment': 0.25, 'why': 'No evidence of technical expertise in industrial heating systems or equipment testing'}, {'objective': 2, 'alignment': 0.95, 'why': 'Strong VC and investment banking background directly addresses fundraising and investor outreach needs'}, {'objective': 3, 'alignment': 0.55, 'why': 'Strategic advisory experience may help with commercialization strategy but limited evidence of IP/R&D expertise'}]","[""Mentor's specific experience with deep-tech or hardware startups unclear"", ""No detail on mentor's technical background for industrial heating or equipment development"", 'Unclear if mentor has IP strategy or patent portfolio management experience']"
startup_001,MENTOR_005,0.48,0.65,"The mentor has climate tech expertise and investment/policy experience, which provides some relevance to fundraising challenges (objective 2) and general strategic positioning. However, there is no evidence of direct expertise in industrial heating systems, materials science for high-temperature applications, or supply chain management for hardware startups—critical for objectives 1 and 3 and the technical/operational challenges stated in the CEO update.","[{'from': 'mentor', 'quote': 'Climate Tech'}, {'from': 'mentor', 'quote': 'Investment; Policy Influence; Government Advisory'}]","[{'objective': 1, 'alignment': 0.25, 'why': 'No evidence of high-temperature heating or hardware testing expertise'}, {'objective': 2, 'alignment': 0.7, 'why': 'Investment experience and climate tech focus relevant to fundraising'}, {'objective': 3, 'alignment': 0.35, 'why': 'Systems design background offers generic relevance but no IP strategy specifics'}]","['No evidence of industrial heat/materials expertise for objective 1', 'No evidence of supply chain management experience for stated bottleneck', 'No evidence of IP strategy development experience for objective 3']"
startup_001,MENTOR_006,0.48,0.65,"The mentor has strong cleantech and renewable energy expertise relevant to Heatrix's industrial decarbonization mission, but lacks direct evidence of technical R&D optimization, IP strategy development, or early-stage fundraising execution. The mentor's ESG and commercial development background offers moderate support for investor outreach (objective 2) but limited actionable help for the 24-hour heater test milestone (objective 1) or IP/USP strategy (objective 3).","[{'from': 'mentor', 'quote': 'Cleantech Commercial Development'}, {'from': 'mentor', 'quote': '20+ years global experience; ESG strategy; worked with ENGIE, Michelin, Temasek'}]","[{'objective': 1, 'alignment': 0.25, 'why': 'No evidence of technical R&D or thermal system testing expertise'}, {'objective': 2, 'alignment': 0.65, 'why': 'ESG strategy and corporate partnerships may help frame investor narrative'}, {'objective': 3, 'alignment': 0.35, 'why': 'No explicit IP strategy or R&D optimization experience mentioned'}]","['No evidence of technical R&D or thermal engineering expertise for objective 1', 'No explicit IP strategy or patent development experience for objective 3', 'Unclear if mentor has hands-on early-stage fundraising experience beyond corporate partnerships']"
startup_001,MENTOR_007,0.68,0.75,"The mentor has strong climate-tech investment expertise and startup scaling experience highly relevant to Objective 2 (fundraising in a challenging market). Materials science background provides some credibility for Objective 3 (IP/USP strategy for heater design optimization). However, no direct evidence of expertise in industrial heating systems, continuous high-temperature operations, or supply chain management for hardware startups, limiting alignment with Objective 1 and the supply bottleneck challenge.","[{'from': 'mentor', 'quote': 'Managing Director Breakthrough Energy Ventures Europe'}, {'from': 'mentor', 'quote': 'PhD Materials Science'}]","[{'objective': 1, 'alignment': 0.45, 'why': 'Materials science background relevant but no industrial heating expertise evident'}, {'objective': 2, 'alignment': 0.85, 'why': 'Climate-tech investment leadership directly addresses fundraising challenges in current market'}, {'objective': 3, 'alignment': 0.65, 'why': 'Materials science PhD and deep-tech experience support IP strategy development'}]","['No evidence of industrial process heating expertise', 'No supply chain management experience mentioned', 'Unclear if mentor has hardware/equipment manufacturing background']"
startup_001,MENTOR_008,0.68,0.75,"The mentor's 27 years as McKinsey Senior Partner with sustainability and industrial focus provides strong credibility for fundraising strategy (objective 2) and navigating climate-tech investor challenges. However, there is no evidence of technical expertise for the 24-hour heater test milestone (objective 1) or specific IP/USP strategy development experience (objective 3).","[{'from': 'mentor', 'quote': '27 years McKinsey Senior Partner; sustainability & industrial focus; advises European green tech investors'}, {'from': 'startup', 'quote': 'Launching a fundraising round is challenging in a market currently heavily focused on Al and defense'}]","[{'objective': 1, 'alignment': 0.15, 'why': 'No technical or engineering expertise evident for heater testing milestone'}, {'objective': 2, 'alignment': 0.95, 'why': 'Strong investor advisory background directly addresses fundraising and climate-tech market challenges'}, {'objective': 3, 'alignment': 0.45, 'why': 'Strategic consulting experience may help with IP strategy, but no specific R&D or patent expertise shown'}]","['No evidence of technical/engineering expertise for objective 1', 'No specific IP strategy or patent development experience mentioned for objective 3']"
startup_001,MENTOR_009,0.68,0.75,"The mentor has strong alignment with objective 3 (IP/USP strategy) through 'Strategic IP Management' expertise and deep-tech startup program management experience. There is moderate alignment with objective 2 (fundraising) via startup scaling expertise, though no direct investor network evidence is provided. No credible linkage exists for objective 1 (technical system demonstration at 1,100°C).","[{'from': 'mentor', 'quote': 'Strategic IP Management'}, {'from': 'mentor', 'quote': 'Manages deep-tech startup programs at CEA-Liten'}]","[{'objective': 1, 'alignment': 0.15, 'why': 'No evidence of expertise in high-temperature heating systems or industrial heat technology'}, {'objective': 2, 'alignment': 0.65, 'why': 'Startup scaling experience relevant to fundraising, though no explicit investor network mentioned'}, {'objective': 3, 'alignment': 0.95, 'why': 'Direct expertise in Strategic IP Management for deep-tech R&D projects'}]","[""No evidence of mentor's investor network or fundraising track record"", 'No technical expertise in industrial heating or thermal systems', ""Limited detail on mentor's specific achievements in IP strategy outcomes""]"
startup_001,MENTOR_010,0.42,0.65,"The mentor has clean technology investment experience and startup scaling expertise, which could help with objective 2 (fundraising in a challenging climate-tech market). However, there is no evidence of technical expertise in industrial heating systems, materials science, or IP strategy relevant to objectives 1 and 3. The mentor's background in data centers and applied AI does not directly address the startup's current technical bottlenecks or R&D optimization needs.","[{'from': 'mentor', 'quote': 'Clean Technology'}, {'from': 'mentor', 'quote': 'Startup Scaling; Investment'}]","[{'objective': 1, 'alignment': 0.15, 'why': 'No evidence of technical expertise in high-temperature heating systems or materials testing'}, {'objective': 2, 'alignment': 0.75, 'why': 'Investment experience and clean-tech focus directly relevant to fundraising challenges'}, {'objective': 3, 'alignment': 0.2, 'why': 'No evidence of IP strategy or R&D optimization expertise in industrial heating domain'}]","[""No details on mentor's specific clean technology investment focus or portfolio companies"", ""No information on mentor's technical depth in industrial processes or deep-tech hardware"", ""Insufficient detail on mentor's IP strategy experience""]"
startup_001,MENTOR_011,0.48,0.72,"The mentor has strong climate finance and investment expertise relevant to Objective 2 (fundraising), but lacks demonstrated technical expertise for Objective 1 (24-hour system run at 1,100°C) or IP/R&D strategy experience for Objective 3. The mentor's capital markets background and climate finance advisory role provide moderate help with the fundraising challenge in a difficult market, but cannot directly address the technical milestone delays or supply chain bottlenecks.","[{'from': 'mentor', 'quote': '25+ years Canadian capital markets; climate finance advisor'}, {'from': 'startup', 'quote': 'Launching a fundraising round is challenging in a market currently heavily focused on Al and defense'}]","[{'objective': 1, 'alignment': 0.15, 'why': 'No technical expertise in industrial heating systems or engineering'}, {'objective': 2, 'alignment': 0.75, 'why': 'Strong capital markets and climate finance background directly relevant to fundraising'}, {'objective': 3, 'alignment': 0.25, 'why': 'No demonstrated IP strategy or R&D optimization experience mentioned'}]","[""Mentor's specific experience with deep-tech or hardware startups unclear"", ""No information on mentor's network access to climate-tech investors"", ""Mentor's hands-on involvement style versus advisory role not specified""]"
startup_001,MENTOR_012,0.68,0.75,"The mentor's 20+ years of public-private funding expertise and EU-funded project coordination directly address objective 2 (obtaining initial funding commitments) and can help navigate the challenging fundraising environment mentioned in the CEO update. However, there is limited evidence of technical expertise to support objective 1 (24-hour system run at 1,100°C) or deep IP/USP strategy development for objective 3, though policy influence experience may provide indirect value for IP strategy.","[{'from': 'mentor', 'quote': '20+ years public-private funding expertise; advisor to EU governments and European Commission'}, {'from': 'startup', 'quote': 'Launching a fundraising round is challenging in a market currently heavily focused on Al and defense'}]","[{'objective': 1, 'alignment': 0.15, 'why': 'No evidence of technical expertise in high-temperature industrial heating systems'}, {'objective': 2, 'alignment': 0.95, 'why': 'Deep tech angel and fundraiser with extensive public-private funding experience directly matches funding needs'}, {'objective': 3, 'alignment': 0.45, 'why': 'Policy influence and EU project coordination may inform IP strategy, but no direct IP/USP expertise shown'}]","[""Mentor's specific experience with deep-tech hardware or industrial equipment fundraising"", ""Mentor's track record with climate-tech investments in current market conditions"", ""Mentor's knowledge of IP strategy development for hardware innovations""]"
startup_001,MENTOR_013,0.22,0.75,"The mentor's expertise in agri-tech, sustainable agriculture, and entomology shows no direct relevance to industrial heat decarbonization, high-temperature system engineering, or IP strategy for power-to-heat technology. While the mentor has investment and project management operational tags, there is insufficient evidence of experience with deep-tech hardware fundraising, industrial equipment manufacturing, or thermal engineering challenges that are central to Heatrix's current objectives.","[{'from': 'mentor', 'quote': 'Agri Tech; Sustainable Agriculture'}, {'from': 'startup', 'quote': 'delayed 24-hour heater test has postponed a critical technology milestone'}]","[{'objective': 1, 'alignment': 0.05, 'why': 'No thermal engineering or industrial heat expertise evident'}, {'objective': 2, 'alignment': 0.35, 'why': 'Investment tag present but no evidence of deep-tech or climate-tech fundraising experience'}, {'objective': 3, 'alignment': 0.1, 'why': 'No IP strategy or heating technology R&D background shown'}]","[""Mentor's specific investment experience in deep-tech or climate-tech sectors"", ""Mentor's track record with hardware or industrial equipment startups"", ""Details on mentor's project management experience in technical R&D contexts""]"
startup_001,MENTOR_014,0.22,0.75,"The mentor's expertise in brand, communications, and startup scaling offers limited direct help with Heatrix's current technical objectives (24-hour heater test, heating method optimization) or supply chain bottlenecks. Some generic value may exist for fundraising strategy given the mentor's investment operations experience, but there is no evidence of deep-tech fundraising, industrial equipment, or IP strategy expertise that directly addresses the stated objectives and challenges.","[{'from': 'mentor', 'quote': 'leads brand and communications; background in film and journalism'}, {'from': 'startup', 'quote': 'Launching a fundraising round is challenging in a market currently heavily focused on Al and defense'}]","[{'objective': 1, 'alignment': 0.05, 'why': 'No technical or industrial heat expertise evident'}, {'objective': 2, 'alignment': 0.35, 'why': 'Generic startup scaling and investment experience, but no deep-tech fundraising specificity'}, {'objective': 3, 'alignment': 0.1, 'why': 'No IP strategy or R&D optimization expertise shown'}]","[""Mentor's specific experience with deep-tech or hardware fundraising"", ""Mentor's involvement in IP strategy or technical R&D projects"", ""Mentor's supply chain or industrial operations experience""]"
startup_001,MENTOR_015,0.72,0.85,"The mentor is an EPO litigation specialist with expertise in strategic IP management, directly addressing objective 3 (IP and USP strategy development). Climate Tech alignment supports general domain understanding. However, the mentor lacks demonstrated expertise in technical system optimization, fundraising, or supply chain management needed for objectives 1 and 2.","[{'from': 'startup', 'quote': 'Develop an IP and USP strategy for the R&D project aimed at optimizing the current heater design'}, {'from': 'mentor', 'quote': 'Strategic IP Management; EPO litigation specialist; General Editor of Encyclopedia of UK & European Patent Law'}]","[{'objective': 1, 'alignment': 0.15, 'why': 'No technical engineering or industrial heat expertise evident'}, {'objective': 2, 'alignment': 0.25, 'why': 'No fundraising or investor relations expertise shown'}, {'objective': 3, 'alignment': 0.95, 'why': 'Direct IP strategy expertise with patent law specialization'}]","[""Mentor's experience with fundraising or investor engagement unclear"", 'No evidence of technical system development or supply chain expertise']"
startup_001,MENTOR_016,0.42,0.7,"The mentor has strong climate tech investment experience (70+ investments) which directly addresses objective 2 (fundraising) and the challenge of securing investor attention in a market focused on AI/defense. However, there is no evidence of expertise in industrial hardware, thermal systems, IP strategy, or technical operations needed for objectives 1 and 3. The fit is moderate for fundraising but weak for technical and IP development needs.","[{'from': 'mentor', 'quote': '70+ climate tech investments'}, {'from': 'startup', 'quote': 'Launching a fundraising round is challenging in a market currently heavily focused on Al and defense'}]","[{'objective': 1, 'alignment': 0.15, 'why': 'No evidence of industrial thermal systems or hardware testing expertise'}, {'objective': 2, 'alignment': 0.85, 'why': 'Strong climate tech investment track record directly relevant to fundraising needs'}, {'objective': 3, 'alignment': 0.25, 'why': 'No evidence of IP strategy or R&D optimization experience in hardware/deep-tech'}]","[""No information on mentor's experience with hardware/deep-tech companies"", ""No information on mentor's knowledge of industrial heat or manufacturing sectors"", ""No information on mentor's IP strategy or technical R&D advisory experience""]"
startup_001,MENTOR_017,0.42,0.65,"The mentor's expertise in ESG, climate tech, and corporate innovation provides moderate relevance to Heatrix's fundraising challenges in the climate-tech space and potential strategic positioning. However, there is no direct evidence of technical expertise in industrial heating systems, materials science, or supply chain management needed for the 24-hour test milestone or component procurement bottlenecks. The IP/USP strategy development could benefit from corporate innovation experience, but this connection is indirect.","[{'from': 'mentor', 'quote': 'Climate Tech; ESG Compliance; Corporate Innovation'}, {'from': 'startup', 'quote': 'challenging in a market currently heavily focused on Al and defense, reducing investor attention toward climate-tech'}]","[{'objective': 1, 'alignment': 0.15, 'why': 'No technical expertise in industrial heating or materials testing evident'}, {'objective': 2, 'alignment': 0.65, 'why': 'Climate-tech expertise and corporate networks may help navigate investor landscape'}, {'objective': 3, 'alignment': 0.45, 'why': 'Corporate innovation experience could inform strategic IP positioning indirectly'}]","['No evidence of technical expertise in high-temperature industrial processes or materials science', 'No explicit experience with early-stage deep-tech fundraising or investor relations', 'No supply chain management or procurement expertise mentioned']"
startup_001,MENTOR_018,0.42,0.65,"The mentor has deep-tech scaling experience and operational expertise relevant to supply chain bottlenecks and fundraising challenges. However, there is no evidence of technical expertise in industrial heating systems, materials science, or IP strategy for hardware R&D, which are critical for objectives 1 and 3. The mentor's climate-tech background provides general domain alignment but lacks specificity for the current technical and IP-focused needs.","[{'from': 'mentor', 'quote': 'scaled fintech, agritech & deep tech startups'}, {'from': 'startup', 'quote': 'Supply management remains a bottleneck, limiting the ability to secure components on time'}]","[{'objective': 1, 'alignment': 0.25, 'why': 'No evidence of technical expertise in high-temperature heating systems or lab-scale testing'}, {'objective': 2, 'alignment': 0.65, 'why': 'Strong operational and scaling experience relevant to fundraising and investor outreach campaigns'}, {'objective': 3, 'alignment': 0.35, 'why': 'Deep-tech experience provides context but no specific IP strategy or hardware R&D expertise shown'}]","['No evidence of technical expertise in industrial heating, materials science, or thermal systems', 'No specific IP strategy or patent development experience mentioned', 'Unclear if mentor has experience with hardware supply chain management or component sourcing']"
startup_001,MENTOR_019,0.68,0.72,"The mentor has strong expertise in fundraising and investor readiness, directly addressing objective 2 and the challenge of launching a fundraising round in a difficult market. Climate Tech and Deep Tech tags provide domain context, though there is no explicit evidence of technical expertise for objective 1 (24-hour system run) or IP/USP strategy development for objective 3.","[{'from': 'mentor', 'quote': 'Advises startups on sustainable growth, sales optimization, and investor readiness'}, {'from': 'startup', 'quote': 'Launching a fundraising round is challenging in a market currently heavily focused on Al and defense'}]","[{'objective': 1, 'alignment': 0.25, 'why': 'No evidence of technical or engineering expertise for system testing'}, {'objective': 2, 'alignment': 0.95, 'why': 'Strong match: fundraising and investor readiness are core mentor competencies'}, {'objective': 3, 'alignment': 0.45, 'why': 'No explicit IP strategy expertise; general startup scaling may offer limited help'}]","['No evidence of technical/engineering expertise for objective 1', 'No explicit IP or R&D strategy experience for objective 3', ""Limited detail on mentor's specific climate-tech fundraising track record""]"
startup_001,MENTOR_020,0.68,0.72,"The mentor has strong relevance for objective 2 (fundraising) as a deep-tech investor with climate tech expertise, directly addressing the startup's challenge of securing funding in a difficult market. However, the mentor's profile provides limited evidence of technical expertise for objective 1 (24-hour system run at 1,100°C) or IP/USP strategy development for objective 3, resulting in moderate overall fit.","[{'from': 'mentor', 'quote': 'Deep-tech investor; former Swedish Technical Attaché; ex-Gartner VP'}, {'from': 'startup', 'quote': 'Launching a fundraising round is challenging in a market currently heavily focused on Al and defense'}]","[{'objective': 1, 'alignment': 0.35, 'why': 'No evidence of technical expertise in high-temperature systems or industrial heat'}, {'objective': 2, 'alignment': 0.92, 'why': 'Deep-tech investor with climate tech focus directly matches fundraising needs'}, {'objective': 3, 'alignment': 0.45, 'why': 'General deep-tech experience may help, but no specific IP strategy expertise shown'}]","[""Mentor's specific experience with industrial heat or materials science unclear"", ""No detail on mentor's IP strategy or R&D optimization experience"", ""Mentor's investment thesis and portfolio companies not specified""]"
startup_001,MENTOR_021,0.42,0.55,"Mentor has climate tech and sustainability strategy expertise relevant to Heatrix's decarbonization mission, but lacks direct technical expertise in industrial heating systems, materials science, or hardware R&D. The mentor's corporate innovation and energy consulting background may provide some value for investor positioning and market strategy, but offers limited actionable help for the critical technical milestone (24-hour heater test) or supply chain bottlenecks. Insufficient evidence of IP strategy, deep-tech fundraising, or industrial equipment development experience.","[{'from': 'mentor', 'quote': 'Global Head Climate Tech; ESG; Climate Tech; Data & Analytics; AI for Sustainability'}, {'from': 'mentor', 'quote': '20+ years energy & utilities consulting; Sustainability Strategy; Corporate Innovation'}]","[{'objective': 1, 'alignment': 0.25, 'why': 'No evidence of technical expertise in industrial heating systems or hardware testing'}, {'objective': 2, 'alignment': 0.55, 'why': 'Energy consulting background may help with investor positioning in climate-tech market'}, {'objective': 3, 'alignment': 0.35, 'why': 'Corporate innovation experience but no specific IP strategy or R&D optimization expertise shown'}]","['No evidence of industrial equipment or hardware development experience', 'No specific IP strategy or patent development expertise mentioned', 'No supply chain management experience indicated', 'Unclear if mentor has deep-tech or hardware startup fundraising experience', 'No materials science or high-temperature systems expertise']"
startup_001,MENTOR_022,0.42,0.65,"The mentor has energy sector experience and entrepreneurship/innovation leadership, which provides general context for climate-tech ventures. However, there is no evidence of expertise in industrial heat technology, equipment manufacturing, technical R&D optimization, or supply chain management—the core technical challenges Heatrix faces. The mentor may offer generic fundraising and visibility guidance but lacks direct alignment with the startup's most critical current needs.","[{'from': 'mentor', 'quote': 'Director of Entrepreneurship & Innovation at École Polytechnique'}, {'from': 'mentor', 'quote': 'energy policy expert'}]","[{'objective': 1, 'alignment': 0.15, 'why': 'No evidence of technical expertise in high-temperature systems or equipment testing'}, {'objective': 2, 'alignment': 0.65, 'why': 'Entrepreneurship leadership and energy sector connections may help with investor outreach'}, {'objective': 3, 'alignment': 0.25, 'why': 'No evidence of IP strategy or R&D optimization expertise in industrial heating'}]","[""No details on mentor's specific experience with industrial heat or manufacturing"", 'No evidence of technical R&D or supply chain management expertise', ""Limited information on mentor's investor network or fundraising track record""]"
startup_001,MENTOR_023,0.28,0.75,"The mentor's finance and institutional client expertise offers generic fundraising guidance, but lacks direct relevance to the startup's technical objectives (24-hour heater test, heating method optimization) and supply chain bottlenecks. The climate-tech fundraising challenge may benefit marginally from the mentor's investor network experience, though the mentor's focus areas (fintech, ESG, risk assessment) do not align closely with deep-tech hardware or industrial decarbonization.","[{'from': 'startup', 'quote': 'Launching a fundraising round is challenging in a market currently heavily focused on Al and defense'}, {'from': 'mentor', 'quote': '35 years global finance leadership; former Amundi Global Head of Sales'}]","[{'objective': 1, 'alignment': 0.05, 'why': 'No technical or engineering expertise for heater testing'}, {'objective': 2, 'alignment': 0.55, 'why': 'Finance leadership may help investor outreach strategy'}, {'objective': 3, 'alignment': 0.1, 'why': 'No IP strategy or R&D optimization experience evident'}]","[""Mentor's specific experience with climate-tech or deep-tech fundraising"", ""Mentor's network relevance to industrial decarbonization investors"", ""Mentor's familiarity with hardware supply chain challenges""]"
startup_001,MENTOR_024,0.12,0.85,"Insufficient info. The mentor profile provides only a title (PhD Candidate) and affiliation, with no expertise details, technical background, or operational experience described. Cannot assess ability to help with technical system demonstrations, fundraising strategy, or IP/USP development.","[{'from': 'mentor', 'quote': 'PhD Candidate'}, {'from': 'startup', 'quote': 'delayed 24-hour heater test has postponed a critical technology milestone'}]","[{'objective': 1, 'alignment': 0.1, 'why': 'No technical expertise or industrial heat experience indicated'}, {'objective': 2, 'alignment': 0.15, 'why': 'No fundraising, investor relations, or climate-tech investment experience shown'}, {'objective': 3, 'alignment': 0.1, 'why': 'No IP strategy, R&D management, or heating technology expertise evident'}]","[""Mentor's research focus or PhD topic"", 'Technical expertise areas', 'Industry experience or operational background', 'Fundraising or investor network experience', 'IP or commercialization strategy experience']"
startup_001,MENTOR_025,0.22,0.75,"The mentor's automotive and software-defined vehicle expertise shows minimal direct relevance to Heatrix's current technical objectives (achieving 1,100°C continuous operation, brick production heat delivery) or their industrial heat decarbonization domain. While consulting and joint venture management experience could offer generic business guidance for fundraising (objective 2), there is no evidence of expertise in deep-tech hardware, thermal systems, IP strategy for heating technologies, or supply chain management for industrial equipment components.","[{'from': 'mentor', 'quote': '30+ years automotive leadership; GM Canada & China; SDV transformation expert'}, {'from': 'startup', 'quote': 'launching a fundraising round is challenging in a market currently heavily focused on Al and defense'}]","[{'objective': 1, 'alignment': 0.05, 'why': 'No thermal systems or industrial heat expertise evident'}, {'objective': 2, 'alignment': 0.45, 'why': 'General business leadership may help with investor strategy'}, {'objective': 3, 'alignment': 0.15, 'why': 'No IP strategy experience shown for heating/materials technologies'}]","['No evidence of industrial equipment or thermal engineering background', 'No demonstrated experience in climate-tech or deep-tech fundraising', 'No supply chain expertise for specialized industrial components']"
startup_001,MENTOR_026,0.28,0.75,"The mentor's expertise in SaaS, robotics, and digital transformation shows weak alignment with Heatrix's immediate technical objectives (24-hour heater test, heating method optimization) and fundraising challenges in climate-tech. Operations and investment experience provide generic relevance, but lack direct applicability to industrial heat decarbonization, supply chain bottlenecks for specialized components, or IP strategy for novel heating technology.","[{'from': 'mentor', 'quote': 'Operations; Investment'}, {'from': 'startup', 'quote': 'Launching a fundraising round is challenging in a market currently heavily focused on Al and defense'}]","[{'objective': 1, 'alignment': 0.15, 'why': 'No evidence of thermal systems or industrial equipment expertise'}, {'objective': 2, 'alignment': 0.45, 'why': 'Investment operations tag suggests generic fundraising guidance possible'}, {'objective': 3, 'alignment': 0.25, 'why': 'No IP strategy or R&D optimization experience evident for hardware/deep-tech'}]","[""Mentor's specific investment sector focus or climate-tech experience unclear"", 'No evidence of supply chain management expertise for specialized industrial components', ""Lack of detail on mentor's operational experience in hardware or manufacturing contexts""]"
startup_001,MENTOR_027,0.42,0.65,"The mentor's background as a former Siemens Executive Committee member and ex-McKinsey Global Director provides relevant experience in industrial operations and strategic planning that could help with supply chain bottlenecks and investor outreach strategy. However, the mentor's core expertise in robotics, industrial automation, and space tech does not directly address the startup's immediate technical challenges with high-temperature heating systems or the specific IP/USP strategy for novel heating methods.","[{'from': 'startup', 'quote': 'Supply management remains a bottleneck, limiting the ability to secure components on time and with the required specifications.'}, {'from': 'mentor', 'quote': 'Former Siemens Executive Committee; ex-McKinsey Global Director'}]","[{'objective': 1, 'alignment': 0.25, 'why': 'Industrial automation experience may offer process insights but not high-temperature heating expertise'}, {'objective': 2, 'alignment': 0.55, 'why': 'Executive and McKinsey background relevant for investor strategy and fundraising approach'}, {'objective': 3, 'alignment': 0.45, 'why': 'Strategic experience and PhD in physics provide some foundation for IP strategy but not heating-specific'}]","[""Mentor's specific experience with industrial heat applications or thermal systems"", ""Mentor's track record with climate-tech or deep-tech fundraising"", ""Details on mentor's supply chain management experience at Siemens""]"
startup_001,MENTOR_028,0.68,0.72,"The mentor has strong climate-tech and deep-tech investment expertise, directly relevant to objective 2 (fundraising in a challenging climate-tech market). Their venturing leadership and former CIO/VP Digital Science background provide credible support for IP/USP strategy development (objective 3). However, there is no evidence of direct technical expertise in industrial heating systems or materials science needed for objective 1's 24-hour test milestone.","[{'from': 'mentor', 'quote': 'DeepTech & climate venturing leader'}, {'from': 'startup', 'quote': 'Launching a fundraising round is challenging in a market currently heavily focused on Al and defense, reducing investor attention toward climate-tech'}]","[{'objective': 1, 'alignment': 0.25, 'why': 'No evidence of technical expertise in industrial heating or materials testing'}, {'objective': 2, 'alignment': 0.85, 'why': 'Climate-tech investment expertise directly addresses fundraising challenges in current market'}, {'objective': 3, 'alignment': 0.75, 'why': 'Deep-tech venturing and former CIO experience relevant to IP/USP strategy development'}]","['No specific technical expertise in industrial heating systems or high-temperature materials', 'No evidence of supply chain management experience for objective-related bottleneck']"
startup_001,MENTOR_029,0.12,0.85,"The mentor's expertise in autonomous systems, AI, safety assurance, and policy influence does not align with Heatrix's current technical objectives around high-temperature industrial heating systems, supply chain management for physical components, or climate-tech fundraising strategies. Insufficient evidence of relevant domain knowledge for power-to-heat technology, materials science, industrial equipment manufacturing, or deep-tech investor networks.","[{'from': 'mentor', 'quote': 'Autonomous Systems; Safety Assurance; EV; Mobility'}, {'from': 'startup', 'quote': 'delayed 24-hour heater test has postponed a critical technology milestone'}]","[{'objective': 1, 'alignment': 0.05, 'why': 'No expertise in high-temperature heating systems or thermal engineering'}, {'objective': 2, 'alignment': 0.15, 'why': 'Policy advisory experience may tangentially help with credibility, but no climate-tech investor network evident'}, {'objective': 3, 'alignment': 0.1, 'why': 'No demonstrated expertise in IP strategy for industrial heating or materials technology'}]","['No evidence of thermal engineering or industrial heat expertise', 'No indication of climate-tech or deep-tech fundraising experience', 'No supply chain management experience for physical manufacturing components']"
startup_001,MENTOR_030,0.28,0.75,"The mentor's finance and M&A background offers generic fundraising guidance relevant to objective 2, but lacks direct expertise in industrial heat technology, R&D strategy, or supply chain management critical for objectives 1 and 3. The mentor's sector focus (fintech, data security) and deal experience do not align with the startup's immediate technical and operational challenges in deep-tech hardware.","[{'from': 'startup', 'quote': 'Obtain initial funding commitments from early investors following the launch of the first investor outreach campaign.'}, {'from': 'mentor', 'quote': 'Former Lazard & Goldman Sachs banker; ex-Citadel; Natixis executive'}]","[{'objective': 1, 'alignment': 0.05, 'why': 'No technical expertise in industrial heating systems or hardware R&D'}, {'objective': 2, 'alignment': 0.55, 'why': 'Investment banking background may help with fundraising strategy and investor outreach'}, {'objective': 3, 'alignment': 0.1, 'why': 'No evident IP strategy or R&D optimization experience in deep-tech hardware'}]","[""Mentor's specific experience with climate-tech or deep-tech fundraising unclear"", 'No evidence of supply chain or operational expertise', 'Unclear if mentor has advised hardware startups or industrial technology companies']"
startup_001,MENTOR_031,0.22,0.75,"The mentor's expertise in digital marketing and investment operations offers limited direct help for Heatrix's current technical objectives (24-hour heater test, IP/USP strategy for R&D). While marketing experience could tangentially support investor outreach (objective 2), the mentor lacks demonstrated expertise in deep-tech fundraising, industrial equipment, or technical R&D strategy that would directly address the startup's most critical needs now.","[{'from': 'mentor', 'quote': '24+ years digital marketing; connected medical solutions specialist'}, {'from': 'startup', 'quote': 'delayed 24-hour heater test has postponed a critical technology milestone'}]","[{'objective': 1, 'alignment': 0.05, 'why': 'No technical expertise in industrial heating systems or equipment testing'}, {'objective': 2, 'alignment': 0.45, 'why': 'Investment operations tag suggests some fundraising knowledge, but no deep-tech focus evident'}, {'objective': 3, 'alignment': 0.15, 'why': 'No demonstrated R&D, IP strategy, or industrial equipment design experience'}]","[""Mentor's specific investment experience (stage, sector, role) not detailed"", 'No evidence of climate-tech or deep-tech domain knowledge', 'Unclear if marketing expertise extends to B2B industrial contexts']"
startup_001,MENTOR_032,0.58,0.65,"The mentor has strong fundraising expertise (raised £2bn+) and climate-tech experience, directly relevant to objective 2 (investor outreach) and the challenge of launching a fundraising round in a difficult market. However, there is no evidence of technical expertise in industrial heating systems or IP strategy development, limiting alignment with objectives 1 and 3.","[{'from': 'mentor', 'quote': 'Raised £2bn+; founder of Torvius; serial entrepreneur'}, {'from': 'startup', 'quote': 'Launching a fundraising round is challenging in a market currently heavily focused on Al and defense'}]","[{'objective': 1, 'alignment': 0.15, 'why': 'No evidence of technical expertise in heating systems or industrial equipment testing'}, {'objective': 2, 'alignment': 0.85, 'why': 'Strong fundraising track record and climate-tech focus directly address investor outreach needs'}, {'objective': 3, 'alignment': 0.25, 'why': 'No specific evidence of IP strategy or R&D optimization expertise in mentor profile'}]","[""Mentor's specific experience with deep-tech or hardware startups unclear"", ""No detail on mentor's technical background for industrial heating or materials science"", 'Unclear if mentor has IP strategy development experience']"
startup_001,MENTOR_033,0.68,0.75,"Mentor has strong clean-tech expertise and investor/fundraising experience directly relevant to Objective 2 (securing funding commitments). Policy and government advisory background may help navigate climate-tech investor landscape challenges. Limited direct evidence for technical system optimization (Objective 1) or IP strategy development (Objective 3), though materials expertise provides some tangential support.","[{'from': 'startup', 'quote': 'Launching a fundraising round is challenging in a market currently heavily focused on Al and defense'}, {'from': 'mentor', 'quote': 'Former Global Head of Analysis at BNEF; ex-McKinsey Partner'}]","[{'objective': 1, 'alignment': 0.35, 'why': 'Materials tag provides weak technical linkage; no direct thermal systems expertise evident'}, {'objective': 2, 'alignment': 0.85, 'why': 'Investor role, BNEF analysis background, and clean-tech focus directly address fundraising needs'}, {'objective': 3, 'alignment': 0.5, 'why': 'McKinsey strategy experience may help IP/USP strategy; no explicit R&D or patent expertise shown'}]","['No specific track record in industrial heat or thermal technology', 'Unclear depth of materials expertise relevant to heating systems', 'No explicit IP strategy or patent development experience mentioned']"
startup_001,MENTOR_034,0.58,0.72,"Mentor has strong decarbonization and materials science expertise relevant to industrial heat technology, and VC experience useful for fundraising strategy. However, lacks direct evidence of expertise in high-temperature heating systems, industrial equipment manufacturing, or IP strategy development specific to the startup's current technical and strategic objectives.","[{'from': 'mentor', 'quote': 'Head of Science at CDR-focused VC; former Climeworks DAC chemist'}, {'from': 'mentor', 'quote': 'Decarbonization; Materials Science'}]","[{'objective': 1, 'alignment': 0.45, 'why': 'Materials science background may help with heating method optimization, but no direct high-temperature system expertise evident'}, {'objective': 2, 'alignment': 0.75, 'why': 'VC Head of Science role provides relevant investor perspective and fundraising insights for climate-tech ventures'}, {'objective': 3, 'alignment': 0.55, 'why': 'Materials science and R&D experience applicable, but no explicit IP strategy or USP development expertise shown'}]","['No evidence of high-temperature industrial heating system expertise', 'No explicit IP strategy or patent development experience mentioned', 'Limited detail on specific technical accomplishments or industrial equipment background']"
startup_002,MENTOR_001,0.42,0.7,"The mentor has strong legal and transactional expertise relevant to Objective 1 (IP licensing) and some relevance to Objective 2 (investment structuring). However, there is no evidence of expertise in tire/materials testing or customer validation processes needed for Objective 3, and limited direct experience with early-stage material science fundraising challenges.","[{'from': 'mentor', 'quote': 'General Counsel for EMEA and Global Head of Transactions at Lightsource bp'}, {'from': 'startup', 'quote': 'Secure the fully executed university IP license-complete with all signatures and commercial terms'}]","[{'objective': 1, 'alignment': 0.75, 'why': 'Strong legal expertise in complex commercial agreements and licensing structures'}, {'objective': 2, 'alignment': 0.5, 'why': 'Transactional experience with investment instruments, though in renewables not material science'}, {'objective': 3, 'alignment': 0.15, 'why': 'No evident expertise in tire testing, manufacturing partnerships, or materials validation'}]","[""No information on mentor's experience with university IP licensing or tech transfer"", ""No information on mentor's experience with early-stage material science or climate-tech fundraising"", ""No information on mentor's network or experience in tire/automotive/manufacturing sectors""]"
startup_002,MENTOR_002,0.48,0.72,"The mentor brings strong industrial transformation and sustainability strategy experience relevant to material science commercialization, but lacks direct expertise in early-stage fundraising, IP licensing negotiations, or tire/polymer technology validation. The mentor's board-level perspective and sustainability credentials offer moderate value for strategic positioning and potential corporate partnerships, but limited tactical help with the three immediate objectives.","[{'from': 'mentor', 'quote': 'former Chief Sustainability & Innovation Officer at Holcim'}, {'from': 'startup', 'quote': 'Slow fundraising progress driven by high market risk aversion in both material science and climate-tech sectors'}]","[{'objective': 1, 'alignment': 0.25, 'why': 'No evident IP licensing or university negotiation expertise'}, {'objective': 2, 'alignment': 0.55, 'why': 'Board experience and industrial networks may open doors, but no direct early-stage fundraising track record shown'}, {'objective': 3, 'alignment': 0.35, 'why': 'Industrial operations background but no tire industry or technical validation expertise evident'}]","['No evidence of early-stage fundraising or venture capital experience', 'No tire industry or polymer technology expertise mentioned', 'No IP licensing or university tech transfer experience shown']"
startup_002,MENTOR_003,0.68,0.72,"Mentor has strong relevant expertise in fundraising (Investment operations tag) and business development that directly addresses Objective 2 (securing €800K investment) and the slow fundraising challenge. Experience in sustainable innovation and industrial technology aligns with the material science/climate-tech context. However, no specific evidence of university IP licensing expertise (Objective 1) or customer validation/testing partnerships (Objective 3) is provided.","[{'from': 'mentor', 'quote': 'Investment; Strategic Partnerships'}, {'from': 'startup', 'quote': 'Slow fundraising progress driven by high market risk aversion in both material science and climate-tech sectors'}]","[{'objective': 1, 'alignment': 0.35, 'why': 'No explicit IP licensing or university negotiation expertise mentioned'}, {'objective': 2, 'alignment': 0.85, 'why': 'Investment operations tag and 20+ years experience directly relevant to fundraising challenge'}, {'objective': 3, 'alignment': 0.55, 'why': 'Business development and strategic partnerships could help secure customer tests, but no tire/testing-specific expertise shown'}]","[""No detail on mentor's specific investment network or fundraising track record"", 'No evidence of university IP licensing experience', ""No information on mentor's customer validation or pilot program expertise""]"
startup_002,MENTOR_004,0.58,0.65,"The mentor has strong climate-tech and investment expertise directly relevant to objective 2 (securing €800K in signed commitments) and can likely help navigate the 'high market risk aversion in material science and climate-tech sectors.' However, there is no evidence of expertise in university IP licensing (objective 1) or technical validation partnerships with tire manufacturers (objective 3), limiting overall fit.","[{'from': 'mentor', 'quote': 'venture capital, hedge funds, investment banking'}, {'from': 'mentor', 'quote': 'Climate Tech; Energy Transition'}]","[{'objective': 1, 'alignment': 0.15, 'why': 'No evidence of university IP licensing expertise'}, {'objective': 2, 'alignment': 0.85, 'why': 'Strong VC/investment banking background; climate-tech sector knowledge'}, {'objective': 3, 'alignment': 0.25, 'why': 'No evidence of tire industry or technical validation partnerships'}]","[""No detail on mentor's experience with university tech transfer or IP negotiations"", 'No evidence of connections to tire manufacturers or materials testing facilities', ""Limited detail on mentor's specific investment portfolio or deal-making track record""]"
startup_002,MENTOR_005,0.48,0.62,"The mentor has relevant expertise in climate tech and policy influence that could support fundraising and government engagement, but lacks direct material science, IP licensing, or tire industry experience needed for the startup's most critical current objectives. The mentor's investment and government advisory background offers moderate help with fundraising challenges and subsidy navigation, but limited actionable support for securing the university IP license or the Vittoria test date.","[{'from': 'mentor', 'quote': 'Investment; Policy Influence; Government Advisory'}, {'from': 'startup', 'quote': 'Slow fundraising progress driven by high market risk aversion in both material science and climate-tech sectors'}]","[{'objective': 1, 'alignment': 0.25, 'why': 'No evident IP licensing or university negotiation expertise'}, {'objective': 2, 'alignment': 0.65, 'why': 'Investment operations tag and climate-tech experience relevant to fundraising'}, {'objective': 3, 'alignment': 0.2, 'why': 'No tire industry or customer validation expertise shown'}]","[""Mentor's specific investment network or fund connections"", ""Mentor's experience with material science or polymer startups"", ""Mentor's track record in B2B customer acquisition or tire industry""]"
startup_002,MENTOR_006,0.42,0.65,"Mentor has relevant cleantech commercial development experience and worked with Michelin (tire industry), which could help with customer acquisition strategy and fundraising positioning in climate-tech. However, no direct evidence of IP licensing expertise, fundraising execution support, or tire testing/validation experience needed for the three specific objectives.","[{'from': 'mentor', 'quote': 'worked with ENGIE, Michelin, Temasek'}, {'from': 'mentor', 'quote': 'Cleantech Commercial Development'}]","[{'objective': 1, 'alignment': 0.15, 'why': 'No evidence of IP licensing or university negotiation expertise'}, {'objective': 2, 'alignment': 0.55, 'why': 'ESG strategy and cleantech experience may help frame fundraising narrative in climate-tech'}, {'objective': 3, 'alignment': 0.5, 'why': 'Michelin relationship could facilitate tire industry introductions but no testing expertise shown'}]","['No evidence of IP licensing or university tech transfer experience', 'No specific fundraising execution track record mentioned', 'No technical validation or testing protocol expertise for tire applications']"
startup_002,MENTOR_007,0.73,0.82,Strong alignment on fundraising (objective 2) given mentor's role as Managing Director at Breakthrough Energy Ventures Europe and direct climate-tech investment experience. Materials science PhD and Kurion scaling experience provide credible support for navigating R&D delays and technical validation challenges. Weaker direct linkage to IP licensing negotiation (objective 1) and specific tire-testing logistics (objective 3).,"[{'from': 'startup', 'quote': 'Slow fundraising progress driven by high market risk aversion in both material science and climate-tech sectors'}, {'from': 'mentor', 'quote': 'Managing Director Breakthrough Energy Ventures Europe PhD Materials Science Startup Scaling Investment'}]","[{'objective': 1, 'alignment': 0.45, 'why': 'No direct IP licensing expertise evident; general startup scaling experience may help indirectly'}, {'objective': 2, 'alignment': 0.92, 'why': 'Direct investment role at climate-tech VC; highly relevant to securing €800K in current difficult fundraising environment'}, {'objective': 3, 'alignment': 0.58, 'why': 'Materials science background supports technical validation strategy; no direct tire industry or testing protocol expertise'}]","[""No information on mentor's specific experience with IP licensing or university tech transfer"", ""No details on mentor's network connections to tire industry or testing facilities""]"
startup_002,MENTOR_008,0.68,0.75,"Mentor has strong climate-tech investor advisory experience and 27 years at McKinsey, directly relevant to objective 2 (fundraising in climate-tech) and addressing the slow fundraising challenge. However, no evidence of IP licensing expertise (objective 1) or tire/materials testing partnerships (objective 3), limiting overall fit.","[{'from': 'mentor', 'quote': 'advises European green tech investors'}, {'from': 'startup', 'quote': 'Slow fundraising progress driven by high market risk aversion in both material science and climate-tech sectors'}]","[{'objective': 1, 'alignment': 0.15, 'why': 'No evidence of university IP licensing expertise'}, {'objective': 2, 'alignment': 0.85, 'why': 'Climate-tech investor advisory and McKinsey network directly support fundraising'}, {'objective': 3, 'alignment': 0.25, 'why': 'No evidence of tire industry or testing partnership experience'}]","[""No information on mentor's IP licensing or university tech transfer experience"", ""No information on mentor's tire industry or materials testing connections"", 'Limited detail on specific investor networks or fundraising track record']"
startup_002,MENTOR_009,0.68,0.75,"The mentor has strong expertise in Strategic IP Management, directly relevant to objective 1 (university IP license execution), and experience managing deep-tech startup programs that could inform fundraising strategy for objective 2. However, there is no evidence of direct connections to tire testing partners or Vittoria specifically for objective 3, and the mentor's technical domain (semiconductors, silicon carbide) differs from polymer chemistry.","[{'from': 'mentor', 'quote': 'Strategic IP Management'}, {'from': 'mentor', 'quote': 'Manages deep-tech startup programs at CEA-Liten'}]","[{'objective': 1, 'alignment': 0.85, 'why': 'Strategic IP Management expertise directly applicable to university license negotiation'}, {'objective': 2, 'alignment': 0.7, 'why': 'Deep-tech startup program experience relevant to fundraising strategy and investor engagement'}, {'objective': 3, 'alignment': 0.35, 'why': 'No evidence of tire industry connections or testing partner network'}]","['No specific fundraising track record or investor network details', 'No evidence of tire industry or Vittoria connections', 'Limited detail on types of IP negotiations handled']"
startup_002,MENTOR_010,0.42,0.55,"The mentor has investment experience and startup scaling expertise, which could help with Objective 2 (fundraising). However, there is no evidence of expertise in IP licensing, university negotiations, or tire/materials testing partnerships. The mentor's tech focus (data centers, infrastructure, applied AI) does not align with materials science or tire validation needs.","[{'from': 'mentor', 'quote': 'Serial entrepreneur; sold ROOT in 2019; founded family office OMC Capital'}, {'from': 'mentor', 'quote': 'Startup Scaling; Investment'}]","[{'objective': 1, 'alignment': 0.15, 'why': 'No evidence of IP licensing or university negotiation expertise'}, {'objective': 2, 'alignment': 0.7, 'why': 'Investment experience via family office and startup scaling background'}, {'objective': 3, 'alignment': 0.1, 'why': 'No evidence of tire industry, materials testing, or B2B partnership expertise'}]","[""No detail on mentor's investment thesis or sector focus within clean tech"", 'No evidence of materials science, tire industry, or manufacturing partnerships', ""No information on mentor's experience with IP licensing or university tech transfer""]"
startup_002,MENTOR_011,0.68,0.75,"The mentor has strong climate finance and capital markets expertise directly relevant to Objective 2 (securing €800K investment), especially given the startup's challenge with fundraising in climate-tech. However, there is no evidence of expertise in IP licensing (Objective 1) or technical validation partnerships with tire manufacturers (Objective 3), limiting the overall fit.","[{'from': 'startup', 'quote': 'Slow fundraising progress driven by high market risk aversion in both material science and climate-tech sectors'}, {'from': 'mentor', 'quote': '25+ years Canadian capital markets; climate finance advisor'}]","[{'objective': 1, 'alignment': 0.15, 'why': 'No evidence of IP licensing or university negotiation expertise'}, {'objective': 2, 'alignment': 0.85, 'why': 'Strong capital markets and climate finance background directly addresses fundraising challenge'}, {'objective': 3, 'alignment': 0.2, 'why': 'No evidence of tire industry connections or technical validation experience'}]","[""No information on mentor's network in materials science or tire industry"", ""No details on mentor's experience with early-stage deep-tech fundraising structures""]"
startup_002,MENTOR_012,0.73,0.82,"Strong alignment on fundraising (objective 2) given mentor's 20+ years public-private funding expertise and deep tech angel background. Moderate alignment on IP licensing (objective 1) through EU government advisory experience and policy influence. Weak direct alignment on securing Vittoria test date (objective 3), though B2B sales experience provides some relevance.","[{'from': 'startup', 'quote': 'Slow fundraising progress driven by high market risk aversion in both material science and climate-tech sectors'}, {'from': 'mentor', 'quote': '20+ years public-private funding expertise; advisor to EU governments and European Commission'}]","[{'objective': 1, 'alignment': 0.55, 'why': 'EU government advisory and policy influence relevant to university IP negotiations'}, {'objective': 2, 'alignment': 0.85, 'why': 'Deep tech angel investor with extensive public-private funding expertise directly addresses fundraising need'}, {'objective': 3, 'alignment': 0.35, 'why': 'B2B sales experience provides general customer engagement guidance but no tire industry specifics'}]","['No specific material science or tire industry expertise mentioned', ""Limited detail on mentor's climate tech investment track record or portfolio companies""]"
startup_002,MENTOR_013,0.28,0.72,"The mentor has board governance and investment operational experience, which could provide generic guidance on fundraising structure and investor engagement. However, there is no evidence of expertise in material science, polymer chemistry, tire industry partnerships, or IP licensing negotiations—the core domains of the startup's three primary objectives. The mentor's background in agri-tech and entomology is not relevant to self-healing polymers or tire applications.","[{'from': 'mentor', 'quote': 'Board Governance; Investment; Project Management'}, {'from': 'startup', 'quote': 'Secure a minimum of €800K EUR in signed investment commitments, through equity or convertible instruments'}]","[{'objective': 1, 'alignment': 0.15, 'why': 'No evidence of IP licensing or university negotiation expertise'}, {'objective': 2, 'alignment': 0.45, 'why': 'Investment operations tag suggests generic fundraising guidance capability'}, {'objective': 3, 'alignment': 0.1, 'why': 'No tire industry, materials testing, or B2B partnership experience evident'}]","['No evidence of material science or polymer chemistry expertise', 'No tire industry or automotive sector experience mentioned', 'No specific track record in deep-tech or climate-tech fundraising', 'No IP licensing negotiation experience detailed']"
startup_002,MENTOR_014,0.28,0.65,"The mentor has experience in startup scaling and investment from co-founding Infarm, which provides generic relevance to fundraising challenges. However, there is no evidence of expertise in IP licensing negotiations, materials science fundraising, or B2B tire/industrial customer development. The mentor's domain (vertical farming/agri-tech) and brand/communications focus do not directly address the startup's current technical validation, licensing finalization, or sector-specific fundraising obstacles.","[{'from': 'mentor', 'quote': 'Co-founder of Infarm; leads brand and communications'}, {'from': 'startup', 'quote': 'Slow fundraising progress driven by high market risk aversion in both material science and climate-tech sectors'}]","[{'objective': 1, 'alignment': 0.05, 'why': 'No evidence of IP licensing or university negotiation expertise'}, {'objective': 2, 'alignment': 0.45, 'why': 'General startup scaling and investment experience, but not materials-science specific'}, {'objective': 3, 'alignment': 0.1, 'why': 'No evidence of B2B industrial testing, tire industry, or technical validation experience'}]","[""No detail on mentor's specific investment fundraising track record or investor network"", 'No evidence of materials science, polymer chemistry, or tire industry connections', ""No information on mentor's experience with IP licensing or university tech transfer""]"
startup_002,MENTOR_015,0.72,0.8,"The mentor's expertise in strategic IP management and EPO litigation directly addresses Objective 1 (securing the university IP license with all signatures and commercial terms). Their patent law specialization is highly relevant to navigating complex licensing negotiations. However, there is no evident expertise in fundraising (Objective 2) or customer/partner validation processes (Objective 3), limiting the overall fit.","[{'from': 'startup', 'quote': 'Secure the fully executed university IP license-complete with all signatures and commercial terms'}, {'from': 'mentor', 'quote': 'Strategic IP Management; Law'}]","[{'objective': 1, 'alignment': 0.9, 'why': 'IP licensing expertise directly applicable to university license execution'}, {'objective': 2, 'alignment': 0.35, 'why': 'No evident fundraising or investment expertise in profile'}, {'objective': 3, 'alignment': 0.25, 'why': 'No evident expertise in customer validation or tire industry partnerships'}]","[""No information on mentor's fundraising or investor network experience"", ""No information on mentor's experience with customer/partner validation or tire industry""]"
startup_002,MENTOR_016,0.58,0.72,"Mentor has strong fundraising expertise with 70+ climate tech investments and venture partnership experience, directly relevant to Objective 2 (securing €800K investment). However, mentor's tech focus (SaaS, Platform Engineering, Marketplace Tech) does not align with material science/polymer chemistry needs. No evidence of IP licensing negotiation or tire industry customer relationship expertise for Objectives 1 and 3.","[{'from': 'mentor', 'quote': '70+ climate tech investments; venture partner at Point Nine'}, {'from': 'startup', 'quote': 'Slow fundraising progress driven by high market risk aversion in both material science and climate-tech sectors'}]","[{'objective': 1, 'alignment': 0.15, 'why': 'No IP licensing or university negotiation expertise evident'}, {'objective': 2, 'alignment': 0.85, 'why': 'Strong climate tech investment track record and fundraising expertise'}, {'objective': 3, 'alignment': 0.2, 'why': 'No tire industry, B2B customer validation, or manufacturing partnership experience shown'}]","['No evidence of material science or deep tech investment experience', 'No indication of tire industry or manufacturing sector network', 'No IP licensing or university tech transfer expertise mentioned']"
startup_002,MENTOR_017,0.28,0.72,"The mentor's expertise in ESG, climate tech, and corporate sustainability strategy does not directly address the startup's three immediate objectives: finalizing a university IP license, securing €800K in equity investment, or scheduling a product validation test with Vittoria. While the mentor may provide general climate-tech sector context, there is no evidence of relevant experience in IP licensing, early-stage fundraising mechanics, or tire/materials industry partnerships.","[{'from': 'startup', 'quote': 'Secure the fully executed university IP license-complete with all signatures and commercial terms'}, {'from': 'mentor', 'quote': 'Global ESG leader; CSRD & ESRS expert; AI-driven sustainability transformation'}]","[{'objective': 1, 'alignment': 0.1, 'why': 'No evidence of IP licensing or university tech-transfer expertise'}, {'objective': 2, 'alignment': 0.35, 'why': 'Climate-tech context may help frame pitch, but no direct fundraising or investor network evidence'}, {'objective': 3, 'alignment': 0.15, 'why': 'No tire industry, materials testing, or B2B partnership experience indicated'}]","['No evidence of IP licensing or university commercialization experience', 'No evidence of early-stage fundraising, investor introductions, or venture capital network', 'No evidence of tire industry, materials science, or product validation partnerships']"
startup_002,MENTOR_018,0.42,0.65,"The mentor has relevant experience in climate tech and startup scaling, which aligns with the startup's fundraising and commercialization objectives. However, there is no evidence of specific expertise in IP licensing negotiation, material science fundraising, or tire/industrial customer validation, which are the core current needs. The fit is moderate and generic rather than highly targeted.","[{'from': 'mentor', 'quote': 'scaled fintech, agritech & deep tech startups'}, {'from': 'mentor', 'quote': 'Climate Tech; Agri Tech'}]","[{'objective': 1, 'alignment': 0.25, 'why': 'No evidence of IP licensing or university negotiation expertise'}, {'objective': 2, 'alignment': 0.55, 'why': 'General startup scaling and deep tech experience may help fundraising strategy'}, {'objective': 3, 'alignment': 0.3, 'why': 'No evidence of tire industry, B2B testing, or industrial customer validation experience'}]","['No specific IP licensing or university tech transfer experience mentioned', 'No evidence of material science or polymer sector fundraising expertise', 'No tire industry, industrial B2B, or technical validation partnership experience', 'Mentor bio is empty, limiting assessment depth']"
startup_002,MENTOR_019,0.58,0.65,"The mentor has relevant expertise in fundraising and climate-tech that aligns with Objective 2 (securing €800K investment) and the startup's fundraising challenges. However, there is no evidence of expertise in IP licensing negotiations (Objective 1) or technical validation partnerships with tire manufacturers (Objective 3). The match is moderate, addressing one critical objective but missing the other two.","[{'from': 'mentor', 'quote': 'Advises startups on sustainable growth, sales optimization, and investor readiness'}, {'from': 'startup', 'quote': 'Slow fundraising progress driven by high market risk aversion in both material science and climate-tech sectors'}]","[{'objective': 1, 'alignment': 0.15, 'why': 'No evidence of IP licensing or university negotiation expertise'}, {'objective': 2, 'alignment': 0.85, 'why': 'Strong match: fundraising expertise directly addresses investment commitment goal'}, {'objective': 3, 'alignment': 0.25, 'why': 'No evidence of tire industry connections or technical validation partnership experience'}]","[""No detail on mentor's specific fundraising track record or climate-tech investment network"", 'No evidence of IP licensing or university tech transfer experience', 'No indication of tire industry or manufacturing partnership expertise']"
startup_002,MENTOR_020,0.72,0.65,"Mentor has strong investment expertise directly relevant to objective 2 (securing €800K in signed commitments) and can likely provide strategic guidance on fundraising in climate-tech given their deep-tech investor background. However, mentor profile lacks specific evidence of IP licensing expertise (objective 1) or tire/materials industry connections for customer validation (objective 3), limiting alignment to primarily the fundraising objective.","[{'from': 'mentor', 'quote': 'Deep-tech investor'}, {'from': 'startup', 'quote': 'Slow fundraising progress driven by high market risk aversion in both material science and climate-tech sectors'}]","[{'objective': 1, 'alignment': 0.35, 'why': 'No evidence of IP licensing or university negotiation expertise'}, {'objective': 2, 'alignment': 0.85, 'why': 'Investment expertise and climate-tech focus directly address fundraising challenge'}, {'objective': 3, 'alignment': 0.45, 'why': 'Industrial tech tag suggests some relevance but no tire/materials validation experience shown'}]","[""No detail on mentor's specific investment thesis or fund stage/size"", 'No evidence of materials science or tire industry network', ""No information on mentor's experience with IP licensing negotiations""]"
startup_002,MENTOR_021,0.28,0.65,"The mentor's climate tech and corporate innovation expertise provides weak generic relevance to the startup's domain, but there is no direct evidence of capability in IP licensing negotiation, fundraising execution for material science startups, or tire industry partnerships. The current objectives require specialized legal/commercial, investor network, and B2B validation expertise that are not demonstrated in the mentor profile.","[{'from': 'mentor', 'quote': 'Global Head Climate Tech'}, {'from': 'startup', 'quote': 'Slow fundraising progress driven by high market risk aversion in both material science and climate-tech sectors'}]","[{'objective': 1, 'alignment': 0.15, 'why': 'No evidence of IP licensing or university tech transfer expertise'}, {'objective': 2, 'alignment': 0.35, 'why': 'Climate tech positioning relevant but no demonstrated investor network or fundraising track record'}, {'objective': 3, 'alignment': 0.2, 'why': 'No evidence of tire industry connections or B2B validation experience'}]","['No evidence of IP/licensing negotiation experience', 'No demonstrated investor network or fundraising execution capability', 'No tire industry or manufacturing partnership experience', 'Mentor bio is empty, limiting assessment of relevant experience']"
startup_002,MENTOR_022,0.42,0.55,"Mentor has relevant experience in university IP licensing (former SATT President) and policy influence, which could help with Objective 1 (IP license finalization). However, there is insufficient evidence of fundraising expertise for Objective 2 or industry connections in tire/materials testing for Objective 3. The energy/biofuels domain does not directly align with self-healing polymers for tires.","[{'from': 'mentor', 'quote': 'former SATT President'}, {'from': 'mentor', 'quote': 'Director of Entrepreneurship & Innovation at École Polytechnique'}]","[{'objective': 1, 'alignment': 0.7, 'why': 'SATT experience suggests strong university IP licensing knowledge'}, {'objective': 2, 'alignment': 0.35, 'why': 'No explicit fundraising or investor network expertise mentioned'}, {'objective': 3, 'alignment': 0.2, 'why': 'No evidence of tire industry or materials testing connections'}]","[""No information on mentor's fundraising track record or investor network"", 'No evidence of connections to tire manufacturers or materials testing facilities', 'Unclear if mentor has experience with commercial partnerships in materials science']"
startup_002,MENTOR_023,0.42,0.65,"Mentor has strong finance and institutional client experience that could support fundraising efforts (objective 2), but lacks direct expertise in IP licensing, material science R&D, or tire industry partnerships needed for objectives 1 and 3. The mentor's risk assessment background may help address investor risk aversion concerns.","[{'from': 'startup', 'quote': 'Slow fundraising progress driven by high market risk aversion in both material science and climate-tech sectors'}, {'from': 'mentor', 'quote': '35 years global finance leadership; former Amundi Global Head of Sales'}]","[{'objective': 1, 'alignment': 0.15, 'why': 'No IP licensing or university negotiation expertise evident'}, {'objective': 2, 'alignment': 0.7, 'why': 'Strong institutional finance background relevant to securing investment commitments'}, {'objective': 3, 'alignment': 0.2, 'why': 'No tire industry, manufacturing partnerships, or technical validation experience shown'}]","['No evidence of material science or deep-tech investment experience', 'No indication of tire industry or B2B manufacturing connections', 'Unclear if mentor has climate-tech or early-stage hardware startup experience']"
startup_002,MENTOR_024,0.12,0.85,"Insufficient info. The mentor profile provides only a title (PhD Candidate) and affiliation, with no expertise areas, operational tags, or biographical detail. There is no credible basis to assess whether this mentor can help with IP licensing, fundraising, or tire validation objectives.","[{'from': 'mentor', 'quote': 'PhD Candidate'}, {'from': 'startup', 'quote': 'Secure a minimum of €800K EUR in signed investment commitments'}]","[{'objective': 1, 'alignment': 0.05, 'why': 'No evidence of IP or licensing expertise'}, {'objective': 2, 'alignment': 0.1, 'why': 'No evidence of fundraising or investor network'}, {'objective': 3, 'alignment': 0.05, 'why': 'No evidence of tire industry or testing expertise'}]","['Mentor expertise areas (tech tags, operational tags)', 'Mentor bio or professional background', 'Mentor industry experience or domain knowledge', 'Mentor network or functional capabilities']"
startup_002,MENTOR_025,0.28,0.72,"The mentor's automotive leadership and consulting experience may offer generic business guidance, but there is no direct evidence of expertise in IP licensing negotiation, materials science fundraising, or tire/polymer testing partnerships. The mentor's focus on software-defined vehicles and EVs does not align with the startup's immediate needs around university licensing, climate-tech fundraising, or bike-tire validation with Vittoria.","[{'from': 'mentor', 'quote': '30+ years automotive leadership; GM Canada & China; SDV transformation expert'}, {'from': 'startup', 'quote': 'Slow fundraising progress driven by high market risk aversion in both material science and climate-tech sectors'}]","[{'objective': 1, 'alignment': 0.15, 'why': 'No evidence of IP licensing or university negotiation expertise'}, {'objective': 2, 'alignment': 0.35, 'why': 'General business leadership may help, but no materials/climate-tech fundraising track record shown'}, {'objective': 3, 'alignment': 0.2, 'why': 'Automotive background exists, but no tire testing or supplier partnership expertise evident'}]","['No evidence of IP licensing or university tech transfer experience', 'No demonstrated expertise in materials science or climate-tech fundraising', 'No track record in tire industry partnerships or testing validation']"
startup_002,MENTOR_026,0.28,0.72,"Mentor has investment operations experience that could provide generic fundraising guidance, but lacks demonstrated expertise in material science, deep-tech commercialization, university IP licensing, or tire/polymer industry partnerships. The current objectives require highly specialized domain knowledge (chemistry R&D, tire testing protocols, material science investor networks) that is not evident in the mentor's SaaS/digital transformation background.","[{'from': 'mentor', 'quote': 'Operations; Investment'}, {'from': 'startup', 'quote': 'Slow fundraising progress driven by high market risk aversion in both material science and climate-tech sectors'}]","[{'objective': 1, 'alignment': 0.15, 'why': 'No evidence of university IP licensing or deep-tech commercialization experience'}, {'objective': 2, 'alignment': 0.42, 'why': 'Investment operations background may offer general fundraising guidance but lacks material science investor network'}, {'objective': 3, 'alignment': 0.1, 'why': 'No evidence of tire industry connections, polymer testing protocols, or manufacturing partnership experience'}]","['No evidence of material science or chemistry domain expertise', 'No demonstrated experience with physical product R&D or manufacturing partnerships', 'No indication of relevant investor network in deep-tech or climate-tech sectors', 'Unclear if investment experience extends beyond digital/SaaS sectors']"
startup_002,MENTOR_027,0.28,0.75,"The mentor's expertise in M&A and corporate leadership may offer generic strategic guidance, but there is no direct evidence of experience in IP licensing negotiations, materials science fundraising, or tire/polymer industry partnerships. The current objectives require domain-specific expertise in university tech transfer, climate-tech/materials investor networks, and tire industry customer validation—none of which are evident in the mentor's robotics, automation, and space tech background.","[{'from': 'mentor', 'quote': 'Former Siemens Executive Committee; ex-McKinsey Global Director'}, {'from': 'mentor', 'quote': 'Robotics; Industrial Automation; Space Tech'}]","[{'objective': 1, 'alignment': 0.2, 'why': 'No evidence of university IP licensing or tech transfer experience'}, {'objective': 2, 'alignment': 0.35, 'why': 'M&A background may help with investor strategy, but no materials/climate-tech fundraising track record'}, {'objective': 3, 'alignment': 0.15, 'why': 'No tire industry, polymer testing, or relevant customer validation experience evident'}]","['No evidence of materials science or polymer industry experience', 'No track record in climate-tech or deep-tech fundraising', 'No indication of tire industry connections or customer validation expertise', 'No university IP licensing or tech transfer experience mentioned']"
startup_002,MENTOR_028,0.68,0.72,"The mentor has strong investment and climate-tech expertise directly relevant to objective 2 (securing €800K in signed commitments) and can likely provide strategic guidance on fundraising in the current risk-averse climate-tech market. However, there is no evidence of expertise in IP licensing (objective 1) or tire/materials testing partnerships (objective 3), limiting the overall fit.","[{'from': 'startup', 'quote': 'Slow fundraising progress driven by high market risk aversion in both material science and climate-tech sectors'}, {'from': 'mentor', 'quote': 'DeepTech & climate venturing leader'}]","[{'objective': 1, 'alignment': 0.15, 'why': 'No evidence of IP licensing or university negotiation expertise'}, {'objective': 2, 'alignment': 0.85, 'why': 'Investment expertise and climate-tech venturing directly address fundraising challenge'}, {'objective': 3, 'alignment': 0.25, 'why': 'No evidence of tire industry connections or materials testing partnerships'}]","[""Mentor's specific investment network or fund size/stage focus"", ""Mentor's experience with materials science or polymer startups"", ""Mentor's connections to tire or automotive testing facilities""]"
startup_002,MENTOR_029,0.12,0.85,"The mentor's expertise in autonomous systems, AI, and government advisory work does not align with the startup's immediate needs: securing a university IP license, raising €800K in investment, and scheduling tire validation tests with Vittoria. The mentor lacks demonstrated experience in materials science commercialization, fundraising for deep-tech startups, or tire industry partnerships.","[{'from': 'startup', 'quote': 'Secure the fully executed university IP license-complete with all signatures and commercial terms'}, {'from': 'mentor', 'quote': 'Autonomous Systems; Safety Assurance; EV; Mobility'}]","[{'objective': 1, 'alignment': 0.15, 'why': 'No evidence of IP licensing or university tech-transfer expertise'}, {'objective': 2, 'alignment': 0.1, 'why': 'No demonstrated fundraising experience for material science or climate-tech startups'}, {'objective': 3, 'alignment': 0.05, 'why': 'No connection to tire industry, testing protocols, or Vittoria partnerships'}]","['No evidence of materials science or polymer expertise', 'No demonstrated fundraising track record', 'No tire industry or manufacturing connections', 'No IP licensing or university commercialization experience']"
startup_002,MENTOR_030,0.42,0.65,"Mentor has strong M&A and investment banking experience (Lazard, Goldman Sachs, Citadel) that could help with fundraising strategy and investor engagement (Objective 2). However, there is no evidence of expertise in IP licensing negotiations, material science sector dynamics, or technical customer validation processes needed for Objectives 1 and 3.","[{'from': 'mentor', 'quote': 'Former Lazard & Goldman Sachs banker; ex-Citadel; Natixis executive'}, {'from': 'startup', 'quote': 'Slow fundraising progress driven by high market risk aversion in both material science and climate-tech sectors'}]","[{'objective': 1, 'alignment': 0.15, 'why': 'No evidence of IP licensing or university negotiation expertise'}, {'objective': 2, 'alignment': 0.7, 'why': 'Strong investment banking background relevant to fundraising and investor commitments'}, {'objective': 3, 'alignment': 0.1, 'why': 'No evidence of technical validation, tire industry, or customer testing experience'}]","[""No information on mentor's experience with material science or climate-tech sectors"", ""No evidence of mentor's network in tire or polymer industries"", 'Unclear if mentor has experience with early-stage deep-tech fundraising challenges']"
startup_002,MENTOR_031,0.22,0.75,"The mentor's expertise in digital marketing, data-driven marketing, and UX does not directly address the startup's current critical objectives: securing IP licensing signatures, closing €800K in investment, or scheduling technical validation tests with Vittoria. While the mentor has investment operations experience, there is insufficient evidence of fundraising execution, material science investor networks, or B2B partnership facilitation relevant to tire/polymer commercialization.","[{'from': 'mentor', 'quote': '24+ years digital marketing; connected medical solutions specialist'}, {'from': 'startup', 'quote': 'Secure a minimum of €800K EUR in signed investment commitments'}]","[{'objective': 1, 'alignment': 0.05, 'why': 'No evidence of IP licensing or university negotiation expertise'}, {'objective': 2, 'alignment': 0.35, 'why': 'Investment operations tag present but no fundraising execution detail'}, {'objective': 3, 'alignment': 0.1, 'why': 'No technical validation, B2B partnership, or tire industry experience shown'}]","[""No detail on mentor's investment operations experience or fundraising track record"", 'No evidence of material science, climate-tech, or industrial B2B sector experience', 'Mentor profile is largely empty (mentor_bio and mentor_profile_int blank)']"
startup_002,MENTOR_032,0.72,0.78,"The mentor has strong fundraising expertise (raised £2bn+) and climate-tech sector experience, directly addressing the startup's critical need to secure €800K in investment commitments amid challenging market conditions. The mentor's EIC expert background may also support navigating European funding landscapes, though specific IP licensing and tire-testing expertise is not evident.","[{'from': 'mentor', 'quote': 'Raised £2bn+; founder of Torvius; serial entrepreneur; EIC expert'}, {'from': 'startup', 'quote': 'Slow fundraising progress driven by high market risk aversion in both material science and climate-tech sectors'}]","[{'objective': 1, 'alignment': 0.35, 'why': 'No explicit IP licensing or university negotiation expertise mentioned'}, {'objective': 2, 'alignment': 0.95, 'why': 'Extensive fundraising track record (£2bn+) directly matches investment securing need'}, {'objective': 3, 'alignment': 0.45, 'why': 'No tire industry or technical validation expertise evident; general scaling experience may help indirectly'}]","['No evidence of IP licensing or university tech transfer experience', 'No tire industry or materials testing network mentioned', 'Limited detail on specific climate-tech investment strategies or material science sector knowledge']"
startup_002,MENTOR_033,0.72,0.78,"Mentor has strong fundraising and investor network expertise (ex-McKinsey Partner, former Global Head of Analysis at BNEF) directly relevant to Objective 2 (securing €800K investment). Clean Tech and Materials tech tags align with the startup's climate-tech and material science domain, addressing the 'high market risk aversion' challenge. Limited direct evidence for IP licensing negotiation (Objective 1) or customer validation logistics (Objective 3), but general advisory experience may provide indirect support.","[{'from': 'mentor', 'quote': 'Former Global Head of Analysis at BNEF; ex-McKinsey Partner'}, {'from': 'startup', 'quote': 'Slow fundraising progress driven by high market risk aversion in both material science and climate-tech sectors'}]","[{'objective': 1, 'alignment': 0.35, 'why': 'No direct IP licensing expertise evident; general advisory background may help indirectly'}, {'objective': 2, 'alignment': 0.85, 'why': 'Strong investor network and fundraising expertise from BNEF and McKinsey roles directly applicable'}, {'objective': 3, 'alignment': 0.45, 'why': 'Materials tech tag provides domain context but no direct customer validation or testing logistics expertise shown'}]","['No explicit evidence of IP licensing or university negotiation experience', 'No specific customer validation or pilot program experience mentioned', ""Limited detail on mentor's hands-on materials science or tire industry connections""]"
startup_002,MENTOR_034,0.58,0.72,"Mentor has materials science expertise and climate-tech VC experience relevant to fundraising challenges, but lacks direct evidence of IP licensing negotiation or tire/polymer testing expertise. Can likely help with fundraising strategy and navigating climate-tech investor skepticism, but limited alignment with IP finalization or Vittoria test coordination.","[{'from': 'startup', 'quote': 'Slow fundraising progress driven by high market risk aversion in both material science and climate-tech sectors'}, {'from': 'mentor', 'quote': 'Head of Science at CDR-focused VC; former Climeworks DAC chemist; PhD EPFL'}]","[{'objective': 1, 'alignment': 0.25, 'why': 'No evidence of IP licensing or university negotiation expertise'}, {'objective': 2, 'alignment': 0.75, 'why': 'VC experience and climate-tech sector knowledge directly relevant to fundraising'}, {'objective': 3, 'alignment': 0.35, 'why': 'Materials science background provides context but no tire testing or industry partnership expertise shown'}]","['No evidence of IP licensing or university tech transfer experience', 'No indication of tire industry connections or testing protocol expertise', ""Limited detail on mentor's specific investment thesis or portfolio company support activities""]"
startup_003,MENTOR_001,0.68,0.75,"The mentor has strong credentials for Objective 1 (European company connections via renewables/energy network) and Objective 2 (VC connections through transaction experience and EMEA role). However, there is no evidence of expertise in data room preparation (Objective 3) or deep-tech climate fundraising challenges specifically mentioned in the CEO update.","[{'from': 'mentor', 'quote': 'General Counsel for EMEA and Global Head of Transactions at Lightsource bp'}, {'from': 'startup', 'quote': 'Connect with at least 3 European companies by obtaining input from one representative per company'}]","[{'objective': 1, 'alignment': 0.75, 'why': 'EMEA role and energy sector network enable European company introductions'}, {'objective': 2, 'alignment': 0.7, 'why': 'Global Head of Transactions likely has VC connections; EMEA focus matches geography'}, {'objective': 3, 'alignment': 0.45, 'why': 'Legal background may help with due diligence structure but no explicit data room expertise'}]","[""No evidence of mentor's experience with climate-tech fundraising challenges"", 'No specific mention of data room preparation or seed round due diligence expertise', 'Unclear if mentor has connections to power plant operators or conservative energy market stakeholders']"
startup_003,MENTOR_002,0.68,0.75,"Mentor has strong industrial and sustainability credentials relevant to objectives 1 and 2. Board experience at Anglo American and former Chief Sustainability Officer at Holcim provides direct access to European industrial networks and climate-tech investment perspectives. However, no explicit venture capital network or data room expertise is evident for objectives 2 and 3.","[{'from': 'startup', 'quote': 'Connect with at least 3 European companies by obtaining input from one representative per company'}, {'from': 'mentor', 'quote': 'Board member of Anglo American and Capitals Coalition; former Chief Sustainability & Innovation Officer at Holcim'}]","[{'objective': 1, 'alignment': 0.85, 'why': 'Board roles at major European industrial firms provide direct access to target companies in energy/industrial sectors'}, {'objective': 2, 'alignment': 0.6, 'why': 'Sustainability and climate-tech experience relevant but no explicit VC network mentioned; may have indirect connections'}, {'objective': 3, 'alignment': 0.5, 'why': 'Executive and board experience implies familiarity with due diligence but no specific data room expertise stated'}]","['No explicit venture capital network or fundraising track record mentioned', 'No specific expertise in data room preparation or seed-stage due diligence processes']"
startup_003,MENTOR_003,0.72,0.78,"The mentor has strong alignment with objectives 1 and 2 through demonstrated business development and strategic partnership expertise in clean technology, plus investment experience relevant to connecting with European VCs. However, there is no evidence of data room preparation or due diligence expertise for objective 3, and limited specific evidence of European market connections.","[{'from': 'mentor', 'quote': 'Business Development; Investment; Strategic Partnerships'}, {'from': 'mentor', 'quote': '20+ years developing sustainable innovation; sold 100+ employee startup'}]","[{'objective': 1, 'alignment': 0.75, 'why': 'Business development and strategic partnerships expertise directly applicable to connecting with European companies'}, {'objective': 2, 'alignment': 0.8, 'why': 'Investment experience and managing partner role relevant for VC introductions and fundraising guidance'}, {'objective': 3, 'alignment': 0.45, 'why': 'Exit experience suggests familiarity with due diligence but no explicit data room preparation expertise mentioned'}]","['No explicit evidence of European market network or connections', 'No specific mention of data room or due diligence preparation experience', 'Limited detail on investment firm connections or fundraising support capabilities']"
startup_003,MENTOR_004,0.73,0.78,"The mentor has strong alignment with objectives 2 and 3 through venture capital and financial services expertise, directly addressing the startup's fundraising challenges and due diligence preparation. Objective 1 (European company connections) has weaker linkage, as the mentor's profile does not explicitly mention European networks or customer development in the energy sector, though their role at BRITE Energy Innovators suggests relevant industry connections.","[{'from': 'mentor', 'quote': 'Financial services executive; venture capital, hedge funds, investment banking'}, {'from': 'startup', 'quote': 'Raising funds for climate-related technologies is more difficult compared to previous years'}]","[{'objective': 1, 'alignment': 0.45, 'why': 'Energy sector connections via BRITE, but no explicit European network mentioned'}, {'objective': 2, 'alignment': 0.85, 'why': 'Direct venture capital expertise and climate tech focus match fundraising needs'}, {'objective': 3, 'alignment': 0.8, 'why': 'Investment banking background directly supports data room and due diligence preparation'}]","['No explicit mention of European market networks or geographic focus', 'Limited detail on specific portfolio companies or customer development experience in energy sector']"
startup_003,MENTOR_005,0.68,0.72,"The mentor's expertise in climate tech, policy influence, government advisory, and investment aligns well with objectives 2 and 3 (VC connections and data room preparation for fundraising). The policy and government advisory background may also help navigate the conservative energy market stakeholders mentioned in the CEO update. However, there is limited evidence of direct European market connections or specific experience with European companies (objective 1), which moderates the overall score.","[{'from': 'mentor', 'quote': 'Investment; Policy Influence; Government Advisory'}, {'from': 'startup', 'quote': 'Connect with at least 10 European venture capital firms, as part of the next funding round of $5M-$7M.'}]","[{'objective': 1, 'alignment': 0.45, 'why': 'Policy/government advisory may help with regulatory requirements, but no explicit European company network mentioned'}, {'objective': 2, 'alignment': 0.75, 'why': 'Investment expertise directly relevant to connecting with VC firms for funding round'}, {'objective': 3, 'alignment': 0.8, 'why': 'Investment and advisory experience suggests familiarity with due diligence and data room requirements'}]","['No explicit mention of European market network or connections', 'Unclear if mentor has direct experience with climate tech fundraising or deep-tech investment challenges']"
startup_003,MENTOR_006,0.72,0.78,"The mentor has strong cleantech commercial development expertise and 20+ years global experience working with major energy companies like ENGIE, directly addressing the startup's challenge of engaging conservative energy market stakeholders. The mentor's ESG strategy background and work with large corporates can help with European company connections (Objective 1), though venture capital network strength for Objective 2 is less evident from the profile.","[{'from': 'startup', 'quote': 'lengthy process of engaging key stakeholders in the conservative energy market is slowing commercial progress'}, {'from': 'mentor', 'quote': 'Cleantech Commercial Development; worked with ENGIE, Michelin, Temasek'}]","[{'objective': 1, 'alignment': 0.8, 'why': 'Direct cleantech commercial experience with major European energy companies like ENGIE provides relevant corporate network and market insight'}, {'objective': 2, 'alignment': 0.5, 'why': 'Global experience and ESG focus may provide some VC connections, but no explicit venture capital network mentioned'}, {'objective': 3, 'alignment': 0.65, 'why': '20+ years experience likely includes fundraising and due diligence processes, though not explicitly stated'}]","['No explicit mention of European VC network or fundraising track record', 'Unclear if mentor has specific experience with data room preparation or seed-stage due diligence']"
startup_003,MENTOR_007,0.73,0.82,The mentor's role as Managing Director at Breakthrough Energy Ventures Europe directly addresses objective 2 (connecting with European VCs) and provides strong credibility for objective 1 (European company connections in climate tech). Experience scaling deep-tech climate solutions and navigating conservative markets aligns well with the startup's stated challenges around funding climate tech and engaging energy stakeholders.,"[{'from': 'mentor', 'quote': 'Managing Director Breakthrough Energy Ventures Europe'}, {'from': 'startup', 'quote': 'Raising funds for climate-related technologies is more difficult compared to previous years'}]","[{'objective': 1, 'alignment': 0.7, 'why': 'Climate tech network and energy sector experience enable European company introductions'}, {'objective': 2, 'alignment': 0.85, 'why': 'Direct access to European VC ecosystem through Breakthrough Energy Ventures Europe role'}, {'objective': 3, 'alignment': 0.65, 'why': 'Investment experience and MBA background provide data room structuring insights'}]",[]
startup_003,MENTOR_008,0.73,0.82,"The mentor's 27 years as McKinsey Senior Partner with sustainability and industrial focus, plus advisory role to European green tech investors, directly addresses objectives 1 and 2 (European company connections and VC introductions). The consulting and M&A expertise can support objective 3 (data room preparation for due diligence). However, specific evidence of power plant industry connections or seed-stage fundraising experience is not explicitly stated.","[{'from': 'mentor', 'quote': '27 years McKinsey Senior Partner; sustainability & industrial focus; advises European green tech investors'}, {'from': 'startup', 'quote': 'Connect with at least 10 European venture capital firms, as part of the next funding round of $5M-$7M.'}]","[{'objective': 1, 'alignment': 0.68, 'why': 'Industrial focus and McKinsey network likely provide European company access, though power plant sector specificity unclear'}, {'objective': 2, 'alignment': 0.85, 'why': 'Directly advises European green tech investors; strong match for climate tech VC introductions'}, {'objective': 3, 'alignment': 0.65, 'why': 'M&A and consulting background suggests due diligence familiarity, though seed-stage data room expertise not explicit'}]","['No explicit evidence of power plant or energy sector company connections', 'Seed-stage vs growth-stage investment focus unclear', 'Specific European geography coverage not detailed']"
startup_003,MENTOR_009,0.48,0.65,"The mentor has deep-tech startup program management experience that could help with organizing the data room (objective 3) and potentially provide European network access for VC connections (objective 2). However, there is no evidence of direct expertise in climate tech fundraising, energy sector stakeholder engagement, or connections to European industrial companies in the power/water treatment space needed for objective 1.","[{'from': 'mentor', 'quote': 'Manages deep-tech startup programs at CEA-Liten'}, {'from': 'startup', 'quote': 'Raising funds for climate-related technologies is more difficult compared to previous years'}]","[{'objective': 1, 'alignment': 0.25, 'why': 'No evidence of energy sector or industrial company connections'}, {'objective': 2, 'alignment': 0.55, 'why': 'Deep-tech program management may provide some European VC network access'}, {'objective': 3, 'alignment': 0.65, 'why': 'Startup program experience likely includes data room preparation guidance'}]","[""No information about mentor's network in European energy/industrial sectors"", 'No evidence of climate tech or carbon capture domain expertise', 'Unclear if mentor has specific VC fundraising track record or connections']"
startup_003,MENTOR_010,0.68,0.72,"The mentor has strong relevance for objectives 2 and 3 through investment expertise and startup scaling experience, directly addressing the funding challenges highlighted in the CEO update. However, there is limited evidence of European market connections or clean-tech customer network needed for objective 1, and the mentor's infrastructure/data center focus may not translate to deep expertise in the conservative energy market that is slowing the startup's commercial progress.","[{'from': 'mentor', 'quote': 'founded family office OMC Capital'}, {'from': 'mentor', 'quote': 'Startup Scaling; Investment'}]","[{'objective': 1, 'alignment': 0.35, 'why': 'No evidence of European company network or energy sector connections'}, {'objective': 2, 'alignment': 0.85, 'why': 'Investment expertise and capital network directly relevant to VC fundraising'}, {'objective': 3, 'alignment': 0.8, 'why': 'Serial entrepreneur with exit experience likely familiar with due diligence processes'}]","[""No information about mentor's European network or connections"", ""No details about mentor's experience with energy sector or power plant customers"", ""Limited information about mentor's clean technology investment thesis or portfolio""]"
startup_003,MENTOR_011,0.72,0.78,"The mentor has strong alignment with objectives 2 and 3 through 25+ years in capital markets and climate finance expertise, directly addressing the startup's fundraising challenges for climate tech. However, limited evidence of European network connections or industrial customer engagement reduces fit for objective 1.","[{'from': 'startup', 'quote': 'Raising funds for climate-related technologies is more difficult compared to previous years'}, {'from': 'mentor', 'quote': '25+ years Canadian capital markets; climate finance advisor'}]","[{'objective': 1, 'alignment': 0.35, 'why': 'No explicit European industrial network mentioned; focus appears North American'}, {'objective': 2, 'alignment': 0.85, 'why': 'Strong capital markets experience and climate finance expertise directly relevant to VC connections'}, {'objective': 3, 'alignment': 0.9, 'why': 'Investment operations expertise and capital markets background ideal for data room preparation and due diligence'}]","[""Mentor's geographic network focus (European connections unclear)"", 'Specific experience with deep-tech or industrial customer engagement']"
startup_003,MENTOR_012,0.73,0.82,"The mentor has strong expertise in EU-funded project coordination and policy influence, which directly addresses the startup's need to connect with European companies and navigate regulatory requirements (objective 1). Their 20+ years of public-private funding expertise and advisor role to EU governments positions them well to facilitate introductions to European VC firms (objective 2). However, there is no explicit evidence of data room preparation or due diligence expertise for objective 3.","[{'from': 'mentor', 'quote': '20+ years public-private funding expertise; advisor to EU governments and European Commission'}, {'from': 'startup', 'quote': 'The lengthy process of engaging key stakeholders in the conservative energy market is slowing commercial progress.'}]","[{'objective': 1, 'alignment': 0.85, 'why': 'EU policy expertise and B2B sales experience directly support European company engagement and regulatory navigation'}, {'objective': 2, 'alignment': 0.78, 'why': 'Deep tech fundraising experience and EU government connections facilitate VC introductions for climate tech'}, {'objective': 3, 'alignment': 0.45, 'why': 'General fundraising expertise may help, but no specific data room or due diligence preparation experience mentioned'}]","['No explicit evidence of data room preparation or seed-stage due diligence expertise', 'Unclear if mentor has direct network connections to European VCs or only government/policy contacts']"
startup_003,MENTOR_013,0.28,0.75,"The mentor has investment and project management expertise that could provide generic guidance on fundraising and stakeholder engagement. However, their deep specialization in agri-tech, entomology, and crop protection shows no direct connection to water-treatment systems, CO2 sequestration, power plant operations, or the energy sector that the startup operates in.","[{'from': 'mentor', 'quote': 'Investment; Project Management'}, {'from': 'startup', 'quote': 'lengthy process of engaging key stakeholders in the conservative energy market is slowing commercial progress'}]","[{'objective': 1, 'alignment': 0.15, 'why': 'No energy sector or European industrial network evident'}, {'objective': 2, 'alignment': 0.35, 'why': 'Investment tag suggests general fundraising knowledge but no climate-tech VC connections shown'}, {'objective': 3, 'alignment': 0.35, 'why': 'Project management experience may help with data room organization generically'}]","['No evidence of energy sector experience or network', 'No indication of climate-tech or deep-tech investment expertise', 'No European industrial or power plant connections mentioned']"
startup_003,MENTOR_014,0.28,0.72,"The mentor has experience in startup scaling and investment, which provides generic relevance to fundraising objectives. However, there is no demonstrated expertise in European B2B industrial sales, power plant/energy sector engagement, or climate-tech due diligence—the core current needs. The mentor's domain (vertical farming/agri-tech) and background (brand/communications, film/journalism) do not directly address the startup's specific challenges in the conservative energy market or technical due diligence preparation.","[{'from': 'startup', 'quote': 'Connect with at least 10 European venture capital firms, as part of the next funding round of $5M-$7M.'}, {'from': 'mentor', 'quote': 'background in film and journalism'}]","[{'objective': 1, 'alignment': 0.15, 'why': 'No evidence of European B2B energy sector network or regulatory expertise'}, {'objective': 2, 'alignment': 0.45, 'why': 'Startup scaling and investment experience may help with VC connections generically'}, {'objective': 3, 'alignment': 0.25, 'why': 'No specific expertise in due diligence or data room preparation for deep-tech'}]","['No evidence of European VC network or climate-tech investment experience', 'No demonstrated expertise in energy sector or power plant customer engagement', ""Insufficient detail on mentor's specific investment activities or due diligence experience""]"
startup_003,MENTOR_015,0.28,0.72,"The mentor's expertise in strategic IP management and European patent law offers limited relevance to the startup's current priorities: connecting with European companies and VCs, and organizing a data room for fundraising. While IP considerations may arise during due diligence, the mentor lacks demonstrated expertise in business development, fundraising, or navigating energy sector stakeholders—the core challenges identified.","[{'from': 'startup', 'quote': 'Connect with at least 10 European venture capital firms, as part of the next funding round of $5M-$7M.'}, {'from': 'mentor', 'quote': 'Strategic IP Management; Law'}]","[{'objective': 1, 'alignment': 0.15, 'why': 'No evidence of energy sector or European business development expertise'}, {'objective': 2, 'alignment': 0.25, 'why': 'IP expertise may support VC conversations but not fundraising connections'}, {'objective': 3, 'alignment': 0.45, 'why': 'IP documentation is relevant for data room preparation'}]","[""No evidence of mentor's network in European energy companies"", ""No evidence of mentor's VC connections or fundraising experience"", ""No evidence of mentor's experience with climate tech commercialization or energy market stakeholders""]"
startup_003,MENTOR_016,0.73,0.82,"The mentor has strong expertise in climate tech investment (70+ investments) and startup scaling, directly addressing objectives 2 and 3 (VC connections and data room preparation for seed round). However, the mentor's profile shows limited evidence of European market connections or energy sector customer development experience needed for objective 1.","[{'from': 'mentor', 'quote': '70+ climate tech investments'}, {'from': 'startup', 'quote': 'Raising funds for climate-related technologies is more difficult compared to previous years'}]","[{'objective': 1, 'alignment': 0.35, 'why': 'No evidence of European energy sector connections or customer development expertise'}, {'objective': 2, 'alignment': 0.85, 'why': 'Climate tech investment expertise and VC network directly relevant to funding round'}, {'objective': 3, 'alignment': 0.9, 'why': 'Investment and board governance experience directly applicable to data room preparation and due diligence'}]","[""No information about mentor's European network or connections"", 'No evidence of energy sector or power plant industry experience', ""Limited detail on mentor's customer development or B2B sales expertise""]"
startup_003,MENTOR_017,0.48,0.65,"The mentor has strong ESG and climate tech expertise relevant to the startup's domain, but limited direct evidence of ability to facilitate European customer introductions (Objective 1) or VC connections (Objective 2). The mentor's corporate sustainability background may offer some value for due diligence preparation (Objective 3) and navigating conservative energy markets, but the profile lacks specifics on European network access or fundraising support.","[{'from': 'startup', 'quote': 'lengthy process of engaging key stakeholders in the conservative energy market is slowing commercial progress'}, {'from': 'mentor', 'quote': 'Global ESG leader; CSRD & ESRS expert; AI-driven sustainability transformation'}]","[{'objective': 1, 'alignment': 0.4, 'why': 'Climate tech expertise relevant but no evidence of European customer network'}, {'objective': 2, 'alignment': 0.35, 'why': 'No explicit VC connections or fundraising experience mentioned in profile'}, {'objective': 3, 'alignment': 0.7, 'why': 'ESG compliance and CSRD/ESRS expertise could support due diligence preparation'}]","['No evidence of European corporate network for customer introductions', 'No mention of VC connections or fundraising experience', 'Unclear if mentor has experience with deep-tech or climate tech fundraising challenges']"
startup_003,MENTOR_018,0.68,0.75,"The mentor's expertise in startup scaling, operations, and GTM strategy directly addresses the startup's need to engage conservative energy market stakeholders and navigate commercial progress challenges. Experience with climate tech and deep tech startups is relevant to the funding difficulties and long ROI concerns mentioned. However, specific expertise in European market connections or VC introductions is not explicitly stated, limiting alignment with objectives 1 and 2.","[{'from': 'startup', 'quote': 'The lengthy process of engaging key stakeholders in the conservative energy market is slowing commercial progress.'}, {'from': 'mentor', 'quote': '35+ years executive leadership; scaled fintech, agritech & deep tech startups'}]","[{'objective': 1, 'alignment': 0.55, 'why': 'GTM strategy experience may help European company engagement, but no explicit European network mentioned'}, {'objective': 2, 'alignment': 0.5, 'why': 'Deep tech scaling experience relevant to fundraising context, but no explicit VC network stated'}, {'objective': 3, 'alignment': 0.75, 'why': 'Operations expertise and startup scaling experience directly applicable to organizing data room and due diligence'}]","['No explicit mention of European market network or connections', 'No specific VC network or fundraising track record stated', ""Limited detail on mentor's approach to conservative B2B markets""]"
startup_003,MENTOR_019,0.72,0.75,"The mentor has strong expertise in fundraising, startup scaling, and climate tech that directly addresses two of the three objectives: connecting with European VCs for the $5M-$7M round and organizing the data room for investor readiness. The mentor's data-driven sales and sustainability strategy experience can also support engaging European companies, though sector-specific energy market expertise is not explicitly stated.","[{'from': 'mentor', 'quote': 'Advises startups on sustainable growth, sales optimization, and investor readiness'}, {'from': 'startup', 'quote': 'Raising funds for climate-related technologies is more difficult compared to previous years'}]","[{'objective': 1, 'alignment': 0.55, 'why': 'Data-driven sales expertise applicable but lacks explicit energy sector network'}, {'objective': 2, 'alignment': 0.85, 'why': 'Direct fundraising expertise for climate tech startups matches VC connection needs'}, {'objective': 3, 'alignment': 0.8, 'why': 'Investor readiness advising directly supports data room organization for due diligence'}]","[""Mentor's specific European network connections not detailed"", ""Mentor's experience with deep-tech or hardware startups unclear""]"
startup_003,MENTOR_020,0.72,0.75,"The mentor has strong alignment with objectives 2 and 3 as a deep-tech investor with climate tech expertise and board governance experience, directly addressing the startup's fundraising and due diligence needs. However, limited evidence of European network connections for objective 1 prevents a higher score.","[{'from': 'startup', 'quote': 'Connect with at least 10 European venture capital firms, as part of the next funding round of $5M-$7M.'}, {'from': 'mentor', 'quote': 'Deep-tech investor; former Swedish Technical Attaché; ex-Gartner VP'}]","[{'objective': 1, 'alignment': 0.45, 'why': 'Swedish Technical Attaché background suggests some European connections, but no explicit evidence of industrial customer networks'}, {'objective': 2, 'alignment': 0.85, 'why': 'General Partner with climate tech and deep-tech investment focus directly matches VC fundraising needs'}, {'objective': 3, 'alignment': 0.85, 'why': 'Investment and board governance expertise directly applicable to organizing data room and due diligence preparation'}]","[""No explicit information about mentor's European VC network breadth"", ""Limited detail on mentor's specific experience with industrial/energy sector customer introductions""]"
startup_003,MENTOR_021,0.68,0.72,"Mentor has strong climate tech and energy/utilities expertise relevant to objectives 1 and 2, particularly for connecting with European companies and navigating the conservative energy market. However, limited evidence of direct VC network connections or data room/due diligence expertise for objective 3.","[{'from': 'startup', 'quote': 'lengthy process of engaging key stakeholders in the conservative energy market is slowing commercial progress'}, {'from': 'mentor', 'quote': '20+ years energy & utilities consulting'}]","[{'objective': 1, 'alignment': 0.78, 'why': 'Energy/utilities consulting experience and corporate innovation expertise directly support European company engagement'}, {'objective': 2, 'alignment': 0.65, 'why': 'Climate tech focus and corporate network may facilitate VC introductions, though no explicit VC network mentioned'}, {'objective': 3, 'alignment': 0.42, 'why': 'No evidence of data room preparation or due diligence expertise in provided profile'}]","[""Mentor's specific European network connections unclear"", 'No evidence of VC fundraising support experience', 'No mention of data room or due diligence preparation capabilities']"
startup_003,MENTOR_022,0.48,0.55,"The mentor has energy sector expertise and policy influence experience that could help with navigating the conservative energy market (objective 1). However, there is insufficient evidence of direct European corporate connections, VC network access for climate tech fundraising (objective 2), or experience with due diligence/data room preparation (objective 3). The limited mentor profile reduces confidence in the assessment.","[{'from': 'startup', 'quote': 'The lengthy process of engaging key stakeholders in the conservative energy market is slowing commercial progress.'}, {'from': 'mentor', 'quote': 'energy policy expert'}]","[{'objective': 1, 'alignment': 0.55, 'why': 'Energy sector knowledge may help navigate European power plant stakeholders, but no direct European corporate connections evident'}, {'objective': 2, 'alignment': 0.35, 'why': 'Entrepreneurship role suggests some VC exposure, but no specific evidence of European climate-tech VC network'}, {'objective': 3, 'alignment': 0.25, 'why': 'No evidence of due diligence or data room expertise in provided profile'}]","[""Mentor's specific European corporate network unclear"", ""Mentor's VC connections and fundraising track record not detailed"", ""No information on mentor's experience with due diligence processes"", 'Mentor bio is empty, limiting assessment depth']"
startup_003,MENTOR_023,0.42,0.65,"Mentor has strong finance and institutional client experience relevant to objective 2 (connecting with European VCs) and potentially helpful for objective 3 (data room preparation for seed round). However, there is no evidence of expertise in climate tech, deep-tech fundraising challenges, or European industrial/energy sector connections needed for objective 1. The mentor's ESG tag provides weak linkage to climate technology context.","[{'from': 'mentor', 'quote': '35 years global finance leadership; former Amundi Global Head of Sales'}, {'from': 'startup', 'quote': 'Connect with at least 10 European venture capital firms, as part of the next funding round of $5M-$7M'}]","[{'objective': 1, 'alignment': 0.15, 'why': 'No evidence of European energy/industrial company networks or technical domain expertise'}, {'objective': 2, 'alignment': 0.7, 'why': 'Strong finance leadership and institutional sales experience relevant to VC engagement'}, {'objective': 3, 'alignment': 0.55, 'why': 'Finance expertise applicable to data room preparation, though no explicit due diligence experience mentioned'}]","['No evidence of climate tech or deep-tech fundraising experience', 'No indication of European energy sector or industrial client networks', 'Unclear if mentor has experience with early-stage venture capital vs institutional asset management']"
startup_003,MENTOR_024,0.12,0.85,"Insufficient info to assess fit. The mentor profile provides only academic affiliation (PhD Candidate at Carnegie Mellon) and CDL Fellow status, with no expertise areas, industry experience, or network details. The startup needs European corporate connections, VC introductions, and data room preparation—none of which can be credibly linked to the mentor based on the provided information.","[{'from': 'mentor', 'quote': 'PhD Candidate'}, {'from': 'mentor', 'quote': 'CDL-MCI Fellow; matched with CDL mentor Julian Gray'}]","[{'objective': 1, 'alignment': 0.1, 'why': 'No evidence of European corporate network or energy sector connections'}, {'objective': 2, 'alignment': 0.15, 'why': 'No evidence of VC network or fundraising expertise'}, {'objective': 3, 'alignment': 0.1, 'why': 'No evidence of due diligence or data room preparation experience'}]","[""Mentor's domain expertise and technical knowledge areas"", ""Mentor's industry experience and corporate network"", ""Mentor's fundraising experience or VC connections"", ""Mentor's geographic network (particularly Europe)"", ""Mentor's operational or business development experience""]"
startup_003,MENTOR_025,0.28,0.75,"The mentor's automotive and software-defined vehicle expertise does not align with the startup's water-treatment/climate-tech domain or current objectives focused on European customer/VC connections and data room preparation. While consulting and joint venture management experience could offer generic business guidance, there is no credible linkage to the energy market stakeholder engagement, climate-tech fundraising challenges, or technical due diligence needs.","[{'from': 'startup', 'quote': 'Connect with at least 3 European companies by obtaining input from one representative per company on their needs, switching barriers, regulatory requirements, and pilot appetite.'}, {'from': 'mentor', 'quote': '30+ years automotive leadership; GM Canada & China; SDV transformation expert'}]","[{'objective': 1, 'alignment': 0.2, 'why': 'No energy/power plant industry network or domain expertise evident'}, {'objective': 2, 'alignment': 0.35, 'why': 'Generic consulting experience; no climate-tech VC connections mentioned'}, {'objective': 3, 'alignment': 0.3, 'why': 'General business experience but no deep-tech or climate fundraising expertise'}]","['No evidence of energy sector or climate-tech experience', 'No indication of European market connections in relevant industries', 'No fundraising or VC network expertise in climate/deep-tech domain']"
startup_003,MENTOR_026,0.28,0.65,"The mentor's expertise in digital transformation and operations offers only generic relevance to the startup's current objectives. There is no evidence of European market connections, venture capital networks, or experience with climate-tech/deep-tech fundraising that would directly address the three stated objectives. The mentor's background does not demonstrate capability to help with European customer discovery, VC introductions, or data room preparation for a climate technology seed round.","[{'from': 'mentor', 'quote': 'Digital transformation leader'}, {'from': 'startup', 'quote': 'Raising funds for climate-related technologies is more difficult compared to previous years'}]","[{'objective': 1, 'alignment': 0.15, 'why': 'No evidence of European industrial connections or power plant sector expertise'}, {'objective': 2, 'alignment': 0.25, 'why': 'Investment operations tag present but no European VC network or climate-tech fundraising experience shown'}, {'objective': 3, 'alignment': 0.45, 'why': 'Operations expertise could generically help with data room organization but no specific due diligence experience indicated'}]","['No evidence of European market connections or networks', 'No demonstrated experience in climate-tech or deep-tech fundraising', 'No specific venture capital network or investor relations experience detailed', 'No indication of experience with energy sector or industrial customer engagement']"
startup_003,MENTOR_027,0.42,0.65,"Mentor has strong European corporate connections from Siemens Executive Committee experience that could help with Objective 1 (connecting with 3 European companies in conservative energy market). However, expertise in robotics/automation and M&A does not directly address fundraising challenges (Objective 2), data room preparation (Objective 3), or the specific climate-tech funding obstacles mentioned in CEO update.","[{'from': 'startup', 'quote': 'lengthy process of engaging key stakeholders in the conservative energy market is slowing commercial progress'}, {'from': 'mentor', 'quote': 'Former Siemens Executive Committee; ex-McKinsey Global Director'}]","[{'objective': 1, 'alignment': 0.7, 'why': 'Siemens Executive Committee experience provides European industrial network and understanding of conservative energy sector stakeholders'}, {'objective': 2, 'alignment': 0.25, 'why': 'No evident VC network or climate-tech fundraising expertise; M&A background not directly applicable to seed round'}, {'objective': 3, 'alignment': 0.15, 'why': 'No specific expertise in data room preparation or due diligence processes for seed investments'}]","[""Mentor's specific European corporate network details"", ""Mentor's experience with climate-tech or deep-tech fundraising"", ""Mentor's involvement in early-stage venture capital ecosystem""]"
startup_003,MENTOR_028,0.72,0.78,"The mentor has strong credentials in climate tech venturing and investment, directly addressing objective 2 (connecting with European VCs for $5M-$7M round) and the funding challenges noted in the CEO update. Experience as a former bp executive may provide relevant insights for engaging conservative energy market stakeholders (objective 1), though specific European company connections are not explicitly stated. Data room preparation (objective 3) is not directly covered by the mentor's stated expertise.","[{'from': 'startup', 'quote': 'Raising funds for climate-related technologies is more difficult compared to previous years'}, {'from': 'mentor', 'quote': 'DeepTech & climate venturing leader'}]","[{'objective': 1, 'alignment': 0.55, 'why': 'Energy sector experience (bp) may help navigate conservative stakeholders; European connections unclear'}, {'objective': 2, 'alignment': 0.85, 'why': 'Climate tech venturing leader with investment expertise directly matches VC fundraising need'}, {'objective': 3, 'alignment': 0.35, 'why': 'No explicit data room or due diligence preparation expertise mentioned'}]","[""Mentor's specific European network or geographic focus not stated"", 'No explicit mention of data room or due diligence support capabilities']"
startup_003,MENTOR_029,0.12,0.85,"The mentor's expertise in autonomous systems, AI, and UK government advisory work shows minimal alignment with the startup's immediate needs: connecting with European companies in the energy/water-treatment sector, raising climate-tech venture capital, and organizing a data room for seed investment. The mentor lacks demonstrated experience in climate technology commercialization, European energy market stakeholder engagement, or venture capital fundraising for deep-tech climate solutions.","[{'from': 'mentor', 'quote': 'Autonomous Systems; Safety Assurance; EV; Mobility'}, {'from': 'startup', 'quote': 'Connect with at least 10 European venture capital firms, as part of the next funding round of $5M-$7M.'}]","[{'objective': 1, 'alignment': 0.05, 'why': 'No evidence of European energy sector connections or water-treatment industry expertise'}, {'objective': 2, 'alignment': 0.15, 'why': 'UK government advisory role may provide limited general networking value, but no climate-tech VC connections evident'}, {'objective': 3, 'alignment': 0.1, 'why': 'No demonstrated experience in fundraising data room preparation or seed investment processes'}]","['No evidence of climate technology or carbon capture expertise', 'No demonstrated connections to European energy companies or power plant operators', 'No venture capital network or fundraising experience mentioned', 'No experience in water treatment, electrochemical processes, or industrial decarbonization']"
startup_003,MENTOR_030,0.42,0.7,"The mentor's M&A and investment banking background provides some credible support for objective 2 (connecting with European VCs) and objective 3 (organizing the data room for due diligence). However, there is no evidence of expertise in climate tech, deep-tech fundraising challenges, or the European energy/industrial sector needed for objective 1. The mentor's fintech/data security focus is misaligned with the startup's water-treatment and carbon capture domain.","[{'from': 'mentor', 'quote': 'M&A; Corporate Restructuring; Investment'}, {'from': 'mentor', 'quote': 'Former Lazard & Goldman Sachs banker'}]","[{'objective': 1, 'alignment': 0.15, 'why': 'No evidence of European energy sector or industrial customer connections'}, {'objective': 2, 'alignment': 0.65, 'why': 'Investment banking experience relevant to VC fundraising process and connections'}, {'objective': 3, 'alignment': 0.7, 'why': 'M&A and banking background directly applicable to due diligence data room preparation'}]","['No evidence of climate tech or deep-tech investment experience', 'No indication of European market knowledge or network', 'No demonstrated expertise in energy sector or industrial B2B sales']"
startup_003,MENTOR_031,0.28,0.72,"The mentor's digital marketing and investment experience offers generic value, but lacks direct relevance to the startup's immediate needs: connecting with European industrial companies in the conservative energy sector, engaging European VCs for climate-tech funding, and organizing a data room for due diligence. The mentor's background in connected medical solutions does not translate to the deep-tech water-treatment/CO2 sequestration domain or the specific stakeholder engagement challenges in energy markets.","[{'from': 'startup', 'quote': 'The lengthy process of engaging key stakeholders in the conservative energy market is slowing commercial progress.'}, {'from': 'mentor', 'quote': '24+ years digital marketing; connected medical solutions specialist'}]","[{'objective': 1, 'alignment': 0.25, 'why': 'No evidence of European energy sector networks or B2B industrial connections'}, {'objective': 2, 'alignment': 0.35, 'why': 'Investment tag suggests some VC exposure, but no climate-tech or European VC specialization indicated'}, {'objective': 3, 'alignment': 0.25, 'why': 'No evidence of data room preparation, due diligence processes, or seed-stage fundraising expertise'}]","[""Mentor's specific investment experience (stage, sector, geography)"", ""Mentor's network in European energy or industrial sectors"", ""Mentor's experience with climate-tech or deep-tech fundraising challenges""]"
startup_003,MENTOR_032,0.72,0.75,"The mentor has strong fundraising expertise (raised £2bn+) and climate tech domain knowledge, directly addressing objective 2 (connecting with European VCs) and objective 3 (data room preparation for seed round). Limited evidence for objective 1 (connecting with European companies), though EIC expert status suggests European network presence.","[{'from': 'mentor', 'quote': 'Raised £2bn+; founder of Torvius; serial entrepreneur; EIC expert'}, {'from': 'startup', 'quote': 'Raising funds for climate-related technologies is more difficult compared to previous years'}]","[{'objective': 1, 'alignment': 0.45, 'why': 'EIC expert suggests European network but no direct evidence of industrial company connections'}, {'objective': 2, 'alignment': 0.85, 'why': 'Extensive fundraising track record and investment operations tag directly support VC connections'}, {'objective': 3, 'alignment': 0.8, 'why': 'Investment expertise and startup scaling experience enable guidance on due diligence preparation'}]","[""Mentor's specific European industrial network unclear"", 'No explicit evidence of power plant or energy market stakeholder connections']"
startup_003,MENTOR_033,0.73,0.82,"The mentor's background as former Global Head of Analysis at BNEF and UK energy policymaker provides strong credibility for navigating the conservative energy market and understanding regulatory requirements in Europe (Objective 1). Their Clean Tech expertise and investor/advisor role align well with the funding challenges and VC connection needs (Objective 2), though direct data room preparation experience is not evident (Objective 3).","[{'from': 'startup', 'quote': 'The lengthy process of engaging key stakeholders in the conservative energy market is slowing commercial progress.'}, {'from': 'mentor', 'quote': 'Former Global Head of Analysis at BNEF; ex-McKinsey Partner; UK energy policymaker'}]","[{'objective': 1, 'alignment': 0.85, 'why': 'Energy policy and BNEF experience directly relevant to European energy company engagement and regulatory navigation'}, {'objective': 2, 'alignment': 0.75, 'why': 'Investor/advisor role and Clean Tech focus support VC connections, though specific European VC network unclear'}, {'objective': 3, 'alignment': 0.5, 'why': 'McKinsey background suggests due diligence familiarity, but no explicit data room preparation expertise mentioned'}]","['Specific European VC network or connections not detailed', 'No explicit mention of data room or seed investment due diligence experience']"
startup_003,MENTOR_034,0.73,0.8,"The mentor's expertise in decarbonization, materials science, and carbon removal VC positions them well to help with European VC connections (objective 2) and potentially European company connections in the climate tech space (objective 1). Their VC background at a CDR-focused firm directly addresses the funding challenges noted in the CEO update. However, there is no evidence of expertise in data room preparation (objective 3) or specific experience navigating conservative energy markets.","[{'from': 'startup', 'quote': 'Raising funds for climate-related technologies is more difficult compared to previous years'}, {'from': 'mentor', 'quote': 'Head of Science at CDR-focused VC'}]","[{'objective': 1, 'alignment': 0.65, 'why': 'Climate tech network likely includes European companies in decarbonization space'}, {'objective': 2, 'alignment': 0.85, 'why': 'Direct VC experience at carbon removal fund; strong European network via EPFL background'}, {'objective': 3, 'alignment': 0.35, 'why': 'No evidence of data room or due diligence preparation expertise'}]","[""No information on mentor's specific European VC network or connections"", 'No evidence of experience with data room preparation or seed round due diligence', 'Unclear if mentor has experience with power plant or energy sector stakeholders']"
startup_004,MENTOR_001,0.28,0.75,"The mentor's expertise in regulatory strategy (REACH-like frameworks in renewables) and transaction structuring offers limited, generic help for REACH registration strategy (Objective 1). However, there is no credible evidence of expertise in LCA methodologies, synthetic biology R&D/manufacturing roadmaps, bioreactor scaling, coating formulation, or market assessment for specialty chemicals. The mentor cannot meaningfully address the startup's most pressing current challenges.","[{'from': 'mentor', 'quote': 'General Counsel for EMEA and Global Head of Transactions at Lightsource bp'}, {'from': 'startup', 'quote': 'devise a detailed REACH registration strategy with a concrete timeline'}]","[{'objective': 1, 'alignment': 0.35, 'why': 'Legal/regulatory experience may offer generic guidance on REACH strategy, but no LCA or partner-sourcing expertise'}, {'objective': 2, 'alignment': 0.15, 'why': 'No evidence of R&D roadmap, manufacturing, or bioreactor scaling expertise in synthetic biology'}, {'objective': 3, 'alignment': 0.2, 'why': 'Transaction experience is tangential; no coating market, competitive analysis, or GTM strategy expertise shown'}]","['No evidence of LCA methodology expertise', 'No synthetic biology or fermentation process knowledge', 'No coating formulation or specialty chemicals market experience', 'No bioreactor scaling or CDMO management expertise']"
startup_004,MENTOR_002,0.42,0.7,"The mentor has strong sustainability strategy expertise and board-level experience relevant to LCA and regulatory frameworks (Objective 1), but lacks direct fermentation/biotech R&D, REACH registration, or coating formulation expertise critical for Objectives 2 and 3. The mentor's industrial transformation and operations background offers moderate value for manufacturing roadmaps and scaling challenges, but limited actionable help for finding coating formulators or conducting market-assessment interviews in niche chemical applications.","[{'from': 'mentor', 'quote': 'former Chief Sustainability & Innovation Officer at Holcim'}, {'from': 'startup', 'quote': 'Complete a preliminary Life Cycle Assessment (LCA) of 2 FMA, devise a detailed REACH registration strategy'}]","[{'objective': 1, 'alignment': 0.55, 'why': 'Sustainability expertise relevant to LCA; limited REACH/regulatory specifics'}, {'objective': 2, 'alignment': 0.45, 'why': 'Operations management background helpful; lacks biotech/fermentation R&D depth'}, {'objective': 3, 'alignment': 0.3, 'why': 'Board-level strategy experience; no coating/chemical market or GTM specifics'}]","['No evidence of REACH registration expertise or EU chemical regulatory experience', 'No fermentation/biotech R&D or bioreactor scaling experience mentioned', 'No coating formulation or specialty chemical market knowledge indicated']"
startup_004,MENTOR_003,0.48,0.65,"Mentor has strong sustainability and clean technology expertise relevant to BioHalo's domain, plus business development and strategic partnership experience that could help with REACH partner acquisition (Objective 1) and GTM strategy (Objective 3). However, there is no evidence of specific expertise in LCA execution, REACH regulatory strategy, R&D/manufacturing roadmaps for biotech/fermentation, or coating formulation—the core technical needs expressed in the objectives and CEO update.","[{'from': 'mentor', 'quote': '20+ years developing sustainable innovation'}, {'from': 'mentor', 'quote': 'Business Development; Investment; Strategic Partnerships'}]","[{'objective': 1, 'alignment': 0.55, 'why': 'Strategic partnerships experience may help secure REACH partners; no LCA or regulatory expertise evident'}, {'objective': 2, 'alignment': 0.35, 'why': 'No evidence of R&D roadmap, manufacturing planning, or fermentation/biotech operations expertise'}, {'objective': 3, 'alignment': 0.55, 'why': 'Business development and clean tech background support market strategy; lacks coating application specifics'}]","['No evidence of LCA methodology or execution experience', 'No evidence of REACH or EU chemical regulatory expertise', 'No evidence of fermentation scale-up, bioreactor sourcing, or biotech manufacturing experience', 'No evidence of coating formulation or materials science expertise', 'No evidence of detailed R&D roadmap development for biotech/chemical processes']"
startup_004,MENTOR_004,0.42,0.65,"The mentor has climate tech expertise and startup scaling experience, which provides general context for BioHalo's synthetic biology venture. However, the mentor's background in financial services, venture capital, and energy transition lacks direct technical expertise in LCA execution, REACH regulatory strategy, fermentation scale-up, bioreactor sourcing, or coating formulation—the core challenges in the CEO update. The mentor could potentially help with business planning and partnership strategy (Objective 3) but shows limited alignment with the urgent technical and regulatory needs (Objectives 1-2).","[{'from': 'mentor', 'quote': 'Climate Tech; Energy Transition'}, {'from': 'mentor', 'quote': 'Financial services executive; venture capital, hedge funds, investment banking'}]","[{'objective': 1, 'alignment': 0.25, 'why': 'No regulatory or LCA expertise evident; partnership development experience may help with partner sourcing'}, {'objective': 2, 'alignment': 0.35, 'why': 'Startup scaling experience relevant but lacks manufacturing/R&D technical depth for bioreactor and fermentation roadmap'}, {'objective': 3, 'alignment': 0.65, 'why': 'Investment banking and VC background directly applicable to business planning, market sizing, and financial forecasting'}]","['No evidence of regulatory expertise (REACH)', 'No biotech/synthetic biology technical background', 'No manufacturing or fermentation process experience', 'Limited detail on specific climate tech domains beyond energy transition']"
startup_004,MENTOR_005,0.22,0.75,"The mentor's expertise in policy influence and government advisory may offer generic strategic guidance, but there is no evidence of direct experience with LCA execution, REACH registration, fermentation scale-up, bioreactor sourcing, coating formulation R&D, or synthetic biology manufacturing—all critical to the startup's current objectives and challenges. Insufficient info on relevant domain expertise.","[{'from': 'mentor', 'quote': 'Policy Influence; Government Advisory'}, {'from': 'startup', 'quote': 'devise a detailed REACH registration strategy with a concrete timeline'}]","[{'objective': 1, 'alignment': 0.25, 'why': 'Policy/government advisory may tangentially help REACH strategy, but no LCA or regulatory execution expertise evident'}, {'objective': 2, 'alignment': 0.15, 'why': 'No evidence of manufacturing roadmap, bioreactor sourcing, or fermentation scale-up experience'}, {'objective': 3, 'alignment': 0.2, 'why': 'No evidence of market sizing, competitive analysis, or GTM strategy for specialty chemicals/coatings'}]","['No evidence of LCA execution or REACH regulatory expertise', 'No evidence of fermentation, bioreactor, or synthetic biology manufacturing experience', 'No evidence of coating formulation, specialty chemicals market, or relevant industry network', 'Mentor profile lacks detail on specific operational or technical contributions relevant to current challenges']"
startup_004,MENTOR_006,0.42,0.7,"The mentor has strong ESG and sustainability strategy expertise, which could help with the LCA strategy and business plan refinement for bio-based products. However, there is no evidence of specific expertise in REACH regulatory strategy, fermentation scale-up, bioreactor sourcing, coating formulation R&D, or manufacturing roadmap development—the most urgent current needs.","[{'from': 'mentor', 'quote': 'ESG strategy; worked with ENGIE, Michelin, Temasek'}, {'from': 'startup', 'quote': 'Complete a preliminary Life Cycle Assessment (LCA) of 2 FMA'}]","[{'objective': 1, 'alignment': 0.35, 'why': 'ESG experience may inform LCA framing, but no REACH regulatory expertise evident'}, {'objective': 2, 'alignment': 0.3, 'why': 'No evidence of manufacturing roadmap, bioreactor sourcing, or fermentation scale-up expertise'}, {'objective': 3, 'alignment': 0.55, 'why': 'Sustainability strategy and cleantech commercial development could support business plan refinement and market positioning'}]","['No evidence of REACH or chemical regulatory expertise', 'No evidence of fermentation, bioreactor, or bioprocess engineering experience', 'No evidence of coating formulation or materials science expertise', 'No evidence of manufacturing operations or CDMO management experience']"
startup_004,MENTOR_007,0.42,0.65,"Mentor has strong materials science background and startup scaling experience, which provides some credibility for R&D roadmap development (Objective 2) and business planning (Objective 3). However, there is no evidence of expertise in REACH regulatory strategy, LCA methodology, fermentation/biotech manufacturing, or coating formulation—the most critical current needs. The climate tech focus suggests general alignment with bio-based materials, but specific domain gaps limit actionable help.","[{'from': 'mentor', 'quote': 'PhD Materials Science; MBA MIT Sloan'}, {'from': 'mentor', 'quote': 'Co-founder & CTO of Kurion; acquired by Veolia for $350M'}]","[{'objective': 1, 'alignment': 0.25, 'why': 'No evidence of REACH regulatory or LCA expertise'}, {'objective': 2, 'alignment': 0.55, 'why': 'Materials science PhD and scaling experience relevant to R&D roadmap'}, {'objective': 3, 'alignment': 0.5, 'why': 'MBA and commercialization experience helpful for business planning'}]","['No evidence of REACH or EU chemical regulatory expertise', 'No fermentation or biotech manufacturing experience mentioned', 'No coating formulation or polymer application expertise', 'No LCA methodology experience', 'Mentor bio and profile interview fields are empty']"
startup_004,MENTOR_008,0.42,0.65,"The mentor's sustainability and industrial focus from 27 years at McKinsey provides credible strategic guidance for Objective 3 (business plan refinement) and potentially Objective 2 (R&D roadmap). However, there is no evidence of specific expertise in REACH regulatory strategy, LCA execution, fermentation scaling, bioreactor sourcing, or coating formulation—the most pressing current challenges. The fit is moderate for strategic planning but weak for technical and regulatory execution needs.","[{'from': 'mentor', 'quote': '27 years McKinsey Senior Partner; sustainability & industrial focus'}, {'from': 'startup', 'quote': 'Refine the business plan for 2 FMA coating applications to include market sizing, competitive analysis, revenue forecasts, GTM strategy'}]","[{'objective': 1, 'alignment': 0.25, 'why': 'No evidence of REACH regulatory or LCA expertise'}, {'objective': 2, 'alignment': 0.5, 'why': 'Strategic planning experience applicable to roadmap structure and budgeting'}, {'objective': 3, 'alignment': 0.65, 'why': 'Strong strategic consulting background relevant to business plan refinement and market analysis'}]","['No evidence of REACH registration or chemical regulatory expertise', 'No evidence of LCA methodology or execution experience', 'No evidence of fermentation, bioreactor, or bioprocessing technical knowledge', 'No evidence of coating formulation or materials science expertise', 'Limited detail on specific industrial sectors or manufacturing operations experience']"
startup_004,MENTOR_009,0.28,0.65,"The mentor has experience managing deep-tech startup programs and strategic IP management, which could provide generic guidance on roadmaps and business planning. However, there is no evidence of expertise in REACH regulatory strategy, Life Cycle Assessment, fermentation scaling, bioreactor sourcing, coating formulation, or the specific fluorinated polymer domain that BioHalo urgently needs. The match is weak for the startup's current critical objectives.","[{'from': 'mentor', 'quote': 'Manages deep-tech startup programs at CEA-Liten'}, {'from': 'mentor', 'quote': 'Strategic IP Management'}]","[{'objective': 1, 'alignment': 0.15, 'why': 'No REACH, LCA, or regulatory expertise evident'}, {'objective': 2, 'alignment': 0.35, 'why': 'Generic startup program management may help with roadmap structure'}, {'objective': 3, 'alignment': 0.3, 'why': 'Startup scaling experience may inform business planning generically'}]","['No evidence of REACH regulatory or chemical compliance expertise', 'No fermentation, bioreactor, or bioprocessing experience mentioned', 'No coating formulation or fluorinated polymer domain knowledge', 'No Life Cycle Assessment or sustainability assessment background']"
startup_004,MENTOR_010,0.28,0.65,"The mentor's expertise in startup scaling and investment may offer generic strategic guidance, but there is no evidence of domain-specific knowledge in synthetic biology, fermentation processes, REACH regulatory strategy, LCA methodology, or coating formulation—all critical to BioHalo's current objectives. The tech tags (Data Centers, Infrastructure, Clean Technology, Applied AI) do not align with biotech/chemical manufacturing challenges.","[{'from': 'mentor', 'quote': 'Startup Scaling; Investment'}, {'from': 'startup', 'quote': 'Complete a preliminary Life Cycle Assessment (LCA) of 2 FMA, devise a detailed REACH registration strategy'}]","[{'objective': 1, 'alignment': 0.15, 'why': 'No evidence of REACH, LCA, or regulatory expertise in biotech/chemicals'}, {'objective': 2, 'alignment': 0.35, 'why': 'Scaling experience may help with roadmap structure, but lacks biotech R&D and manufacturing specifics'}, {'objective': 3, 'alignment': 0.3, 'why': 'Investment background may inform business planning, but no coating/chemical market expertise evident'}]","['No evidence of synthetic biology, fermentation, or chemical manufacturing expertise', 'No regulatory (REACH, LCA) or compliance experience mentioned', 'No coating formulation or specialty chemicals market knowledge', 'Tech tags and bio focus on data centers/AI, not biotech/materials']"
startup_004,MENTOR_011,0.42,0.65,"The mentor has relevant expertise in ESG and risk assessment that could inform the LCA strategy and business planning (objectives 1 and 3), but lacks direct technical experience in fermentation scaling, REACH regulatory strategy, or R&D/manufacturing roadmap development. The climate finance and capital markets background provides limited actionable help for the startup's immediate operational challenges around bioreactor sourcing, LCA delays, and hiring technical talent.","[{'from': 'mentor', 'quote': 'Decarbonization; ESG; Risk Assessment'}, {'from': 'startup', 'quote': 'Complete a preliminary Life Cycle Assessment (LCA) of 2 FMA'}]","[{'objective': 1, 'alignment': 0.5, 'why': 'ESG and risk assessment expertise may inform LCA framing and partner evaluation, but no REACH regulatory experience evident'}, {'objective': 2, 'alignment': 0.25, 'why': 'No demonstrated R&D, manufacturing, or technical roadmap development experience for biotech/fermentation operations'}, {'objective': 3, 'alignment': 0.52, 'why': 'Capital markets and investment background could support business plan refinement and financial modeling, though not coating-specific'}]","['No evidence of REACH or EU chemical regulatory expertise', 'No fermentation, bioreactor, or biotech manufacturing experience mentioned', 'No coating formulation or materials science background', 'Unclear if mentor has operational experience building technical roadmaps or hiring specialized R&D talent']"
startup_004,MENTOR_012,0.28,0.75,"The mentor's EU-funded project coordination and policy influence expertise could provide generic guidance on navigating the EIC Transition interview and potentially REACH strategy, but lacks direct technical capability in synthetic biology, fermentation scaling, LCA execution, coating formulation, or manufacturing roadmap development. The mentor cannot credibly address the startup's most pressing technical and operational challenges (bioreactor scaling, LCA delays, hiring coating formulators, R&D/manufacturing planning).","[{'from': 'startup', 'quote': 'Complete a preliminary Life Cycle Assessment (LCA) of 2 FMA, devise a detailed REACH registration strategy'}, {'from': 'mentor', 'quote': '20+ years public-private funding expertise; advisor to EU governments and European Commission'}]","[{'objective': 1, 'alignment': 0.35, 'why': 'EU policy experience may help with REACH strategy framework, but lacks technical LCA and regulatory execution expertise'}, {'objective': 2, 'alignment': 0.15, 'why': 'No demonstrated expertise in R&D roadmapping, manufacturing planning, or biotech operations'}, {'objective': 3, 'alignment': 0.25, 'why': 'B2B sales experience provides generic business planning context, but lacks coating/materials market specificity'}]","['No evidence of synthetic biology or fermentation expertise', 'No manufacturing or biotech operations experience mentioned', 'No LCA or technical regulatory compliance background', 'No coating formulation or materials science expertise']"
startup_004,MENTOR_013,0.22,0.75,"The mentor's expertise in agri-tech, sustainable agriculture, and project management offers only generic operational guidance. There is no credible evidence of expertise in LCA execution, REACH regulatory strategy, fermentation scale-up, bioreactor sourcing, coating formulation chemistry, or fluorinated polymer commercialization—all critical to the startup's current objectives and challenges.","[{'from': 'mentor', 'quote': 'Project Management'}, {'from': 'startup', 'quote': 'Produce a 24 month R&D and manufacturing roadmap that includes a budget, key milestones, resource allocation, and risk mitigation measures.'}]","[{'objective': 1, 'alignment': 0.1, 'why': 'No LCA or REACH regulatory expertise evident'}, {'objective': 2, 'alignment': 0.35, 'why': 'Generic project management may help roadmap structure but lacks domain specificity'}, {'objective': 3, 'alignment': 0.15, 'why': 'No coating applications, market sizing, or GTM strategy expertise for fluorinated polymers'}]","['No evidence of LCA methodology or regulatory affairs experience', 'No fermentation scale-up or bioreactor sourcing expertise', 'No coating formulation or fluorinated chemistry knowledge', 'No commercialization experience in bio-based materials or specialty chemicals']"
startup_004,MENTOR_014,0.22,0.75,"The mentor's expertise in startup scaling and brand/communications from Infarm (vertical farming) offers limited direct help with BioHalo's current technical objectives: LCA completion, REACH registration strategy, R&D/manufacturing roadmap, and coating application business planning. While both operate in sustainability-adjacent sectors, the mentor lacks demonstrated expertise in regulatory compliance (REACH), fermentation scale-up, chemical manufacturing, or coating formulation—the core challenges BioHalo faces now.","[{'from': 'startup', 'quote': 'Complete a preliminary Life Cycle Assessment (LCA) of 2 FMA, devise a detailed REACH registration strategy'}, {'from': 'mentor', 'quote': 'leads brand and communications; background in film and journalism'}]","[{'objective': 1, 'alignment': 0.15, 'why': 'No evident expertise in LCA or REACH regulatory strategy'}, {'objective': 2, 'alignment': 0.25, 'why': 'Startup scaling experience may offer generic roadmap insights, but lacks manufacturing/R&D specificity'}, {'objective': 3, 'alignment': 0.3, 'why': 'Brand/GTM experience could inform market strategy, but no coating or chemical market background'}]","['No evidence of regulatory (REACH) expertise', 'No evidence of fermentation or chemical manufacturing experience', 'No evidence of coating formulation or technical R&D background']"
startup_004,MENTOR_015,0.42,0.7,"The mentor has strategic IP management expertise relevant to REACH registration strategy (Objective 1) and strong IP clauses in collaborations, but lacks direct experience in LCA, fermentation scaling, R&D/manufacturing roadmaps, coating formulation, or market assessment. The fit is moderate for IP-related aspects of Objective 1 but weak for the operational, technical, and commercial challenges dominating the current needs.","[{'from': 'startup', 'quote': 'devise a detailed REACH registration strategy with a concrete timeline, and secure at least 2 qualified partners'}, {'from': 'mentor', 'quote': 'Strategic IP Management; Law'}]","[{'objective': 1, 'alignment': 0.55, 'why': 'IP/legal expertise may support REACH strategy and partner agreements, but no LCA experience'}, {'objective': 2, 'alignment': 0.25, 'why': 'No evident R&D roadmap, manufacturing, budgeting, or risk mitigation expertise'}, {'objective': 3, 'alignment': 0.2, 'why': 'No market sizing, competitive analysis, revenue forecasting, or GTM strategy experience shown'}]","['No evidence of LCA expertise for Objective 1', 'No evidence of fermentation/bioreactor scaling experience for CEO challenge on scaling', 'No evidence of coating formulation or market assessment expertise for CEO challenges on hiring and validation', 'No evidence of R&D/manufacturing roadmap or budgeting experience for Objective 2', 'No evidence of business planning, market analysis, or GTM strategy for Objective 3']"
startup_004,MENTOR_016,0.22,0.75,"The mentor's expertise in climate tech investment and startup scaling offers generic strategic value, but lacks direct relevance to BioHalo's immediate technical needs: LCA completion, REACH registration strategy, fermentation scaling with bioreactor providers, coating formulation expertise, and R&D/manufacturing roadmap development. No evidence of regulatory, synthetic biology, or chemical manufacturing experience.","[{'from': 'mentor', 'quote': '70+ climate tech investments'}, {'from': 'mentor', 'quote': 'Startup Scaling; Board Governance; Investment'}]","[{'objective': 1, 'alignment': 0.15, 'why': 'No regulatory or REACH expertise evident'}, {'objective': 2, 'alignment': 0.25, 'why': 'Generic scaling experience, not manufacturing-specific'}, {'objective': 3, 'alignment': 0.3, 'why': 'Investment background may help with business planning'}]","['No evidence of synthetic biology or chemical manufacturing expertise', 'No regulatory affairs or REACH registration experience mentioned', 'No coating formulation or fermentation process knowledge indicated', 'Mentor bio field is empty, limiting assessment depth']"
startup_004,MENTOR_017,0.48,0.7,"The mentor has strong ESG and sustainability expertise directly relevant to objective 1 (LCA completion and REACH strategy), and can provide strategic guidance on regulatory compliance. However, there is no evidence of expertise in fermentation scale-up, bioreactor sourcing, coating formulation R&D, or manufacturing roadmaps—critical gaps for objectives 2 and the operational challenges described in the CEO update.","[{'from': 'startup', 'quote': 'The Life Cycle Assessment by DTU is behind schedule, threatening regulatory readiness and market timelines.'}, {'from': 'mentor', 'quote': 'Global ESG leader; CSRD & ESRS expert; AI-driven sustainability transformation'}]","[{'objective': 1, 'alignment': 0.72, 'why': 'LCA and regulatory strategy align with ESG and sustainability compliance expertise'}, {'objective': 2, 'alignment': 0.25, 'why': 'No evidence of R&D roadmap, manufacturing, or fermentation process expertise'}, {'objective': 3, 'alignment': 0.48, 'why': 'Sustainability strategy may inform market positioning but lacks coating/chemical market specifics'}]","['No evidence of fermentation or bioreactor scale-up expertise', 'No evidence of coating formulation or chemical R&D experience', 'No evidence of manufacturing roadmap or CDMO partnership experience']"
startup_004,MENTOR_018,0.42,0.65,"The mentor has strong operational and GTM strategy expertise relevant to Objective 3 (business plan refinement) and general startup scaling experience. However, there is no evidence of domain-specific expertise in synthetic biology, fermentation scale-up, REACH regulatory strategy, LCA processes, or coating formulation—critical gaps for Objectives 1 and 2 and the startup's most pressing technical challenges.","[{'from': 'mentor', 'quote': 'scaled fintech, agritech & deep tech startups'}, {'from': 'mentor', 'quote': 'GTM Strategy'}]","[{'objective': 1, 'alignment': 0.15, 'why': 'No regulatory, LCA, or REACH expertise evident'}, {'objective': 2, 'alignment': 0.35, 'why': 'Operations experience may help roadmap structure, but lacks biotech/manufacturing specificity'}, {'objective': 3, 'alignment': 0.75, 'why': 'Strong GTM and business planning expertise directly applicable'}]","['No evidence of regulatory affairs or REACH registration experience', 'No evidence of synthetic biology, fermentation, or bioprocessing expertise', 'No evidence of coating formulation or materials science knowledge', 'No evidence of LCA or sustainability assessment experience']"
startup_004,MENTOR_019,0.28,0.72,"The mentor's expertise in startup scaling, fundraising, and sustainability strategy offers generic support for business planning and investor readiness, but lacks direct technical or regulatory expertise needed for the startup's current priorities: LCA completion, REACH registration strategy, R&D/manufacturing roadmap, fermentation scaling, and recruiting specialized coating formulators. Insufficient evidence of domain-specific capabilities in synthetic biology, chemical regulation, or manufacturing operations.","[{'from': 'mentor', 'quote': 'Advises startups on sustainable growth, sales optimization, and investor readiness'}, {'from': 'startup', 'quote': 'Refine the business plan for 2 FMA coating applications to include market sizing, competitive analysis, revenue forecasts, GTM strategy'}]","[{'objective': 1, 'alignment': 0.15, 'why': 'No evidence of LCA or REACH regulatory expertise'}, {'objective': 2, 'alignment': 0.25, 'why': 'Generic scaling advice; lacks manufacturing/R&D technical depth'}, {'objective': 3, 'alignment': 0.45, 'why': ""Business planning and GTM strategy align with mentor's profile""}]","['No evidence of regulatory expertise (REACH, LCA)', 'No evidence of synthetic biology or fermentation process knowledge', 'No evidence of manufacturing operations or CDMO management experience', 'No evidence of technical recruiting or coating formulation expertise']"
startup_004,MENTOR_020,0.28,0.7,"The mentor's deep-tech investment and board governance expertise offers generic strategic value, but there is no evidence of direct capability in LCA/REACH regulatory strategy, fermentation scale-up, bioreactor sourcing, coating formulation R&D, or synthetic biology commercialization. The current objectives require highly specialized technical and regulatory expertise that is not demonstrated in the mentor profile.","[{'from': 'mentor', 'quote': 'Deep-tech investor; former Swedish Technical Attaché; ex-Gartner VP'}, {'from': 'startup', 'quote': 'Complete a preliminary Life Cycle Assessment (LCA) of 2 FMA, devise a detailed REACH registration strategy'}]","[{'objective': 1, 'alignment': 0.2, 'why': 'No evidence of LCA or REACH regulatory expertise'}, {'objective': 2, 'alignment': 0.35, 'why': 'Investment background may help with budgeting and milestone planning generically'}, {'objective': 3, 'alignment': 0.3, 'why': 'Board governance and investment experience may assist business planning, but lacks coating/materials market specificity'}]","['No evidence of regulatory affairs (LCA, REACH) expertise', 'No evidence of synthetic biology, fermentation, or bioreactor scale-up experience', 'No evidence of coating formulation or materials science background', 'No evidence of CDMO management or manufacturing partnerships', 'Mentor profile lacks detail on specific domain expertise beyond high-level tech tags']"
startup_004,MENTOR_021,0.28,0.72,"The mentor's expertise in ESG, Climate Tech, and Sustainability Strategy provides generic relevance to BioHalo's biodegradable polymer mission, but lacks direct alignment with the startup's immediate technical needs: REACH registration strategy, fermentation scaling/bioreactor sourcing, coating formulation expertise, and detailed R&D/manufacturing roadmaps. The mentor may offer high-level sustainability framing (useful for LCA context) but cannot credibly address the specialized regulatory, manufacturing, or technical chemistry challenges that dominate current objectives.","[{'from': 'mentor', 'quote': 'ESG; Climate Tech; Data & Analytics; AI for Sustainability'}, {'from': 'startup', 'quote': 'devise a detailed REACH registration strategy with a concrete timeline, and secure at least 2 qualified partners'}]","[{'objective': 1, 'alignment': 0.25, 'why': 'ESG/sustainability context helpful for LCA framing, but no REACH regulatory or partner-sourcing expertise evident'}, {'objective': 2, 'alignment': 0.2, 'why': 'Corporate innovation experience too generic; no fermentation, bioreactor, or biotech manufacturing expertise shown'}, {'objective': 3, 'alignment': 0.4, 'why': 'Sustainability strategy and corporate consulting may inform market positioning and GTM for green products, but lacks coating/chemical market specifics'}]","['No evidence of REACH or chemical regulatory expertise', 'No biotech, fermentation, or bioreactor scaling experience mentioned', 'No coating formulation or specialty chemicals market knowledge', 'Mentor bio is empty, limiting assessment of hands-on technical or operational depth']"
startup_004,MENTOR_022,0.28,0.65,"The mentor has energy policy expertise and entrepreneurship leadership experience, but lacks direct evidence of capabilities in REACH regulatory strategy, LCA execution, fermentation scale-up, coating formulation R&D, or manufacturing roadmap development that BioHalo urgently needs. The policy background may offer generic strategic guidance but does not directly address the technical and regulatory challenges in the CEO update.","[{'from': 'mentor', 'quote': 'energy policy expert'}, {'from': 'mentor', 'quote': 'Director of Entrepreneurship & Innovation at École Polytechnique'}]","[{'objective': 1, 'alignment': 0.25, 'why': 'Policy expertise may help with regulatory navigation, but no evidence of REACH or LCA-specific knowledge'}, {'objective': 2, 'alignment': 0.2, 'why': 'Entrepreneurship background provides general business planning skills, but no manufacturing or biotech R&D roadmap expertise shown'}, {'objective': 3, 'alignment': 0.4, 'why': 'Business plan refinement aligns with entrepreneurship leadership role, though no coating or specialty chemicals market experience evident'}]","['No evidence of REACH regulatory expertise or LCA methodology knowledge', 'No demonstrated experience in fermentation scale-up or bioreactor sourcing', 'No coating formulation or specialty chemicals industry background', ""Insufficient detail on mentor's specific entrepreneurship domains or past startup support areas""]"
startup_004,MENTOR_023,0.22,0.75,"The mentor's finance and institutional client expertise offers limited direct help with BioHalo's current technical and regulatory objectives (LCA completion, REACH strategy, R&D roadmap, bioreactor scaling, finding coating formulators). While financial planning experience could marginally support business plan refinement (objective 3), the mentor lacks demonstrated expertise in synthetic biology, chemical regulation, manufacturing operations, or technical hiring—the core needs now.","[{'from': 'startup', 'quote': 'Complete a preliminary Life Cycle Assessment (LCA) of 2 FMA, devise a detailed REACH registration strategy'}, {'from': 'mentor', 'quote': '35 years global finance leadership; former Amundi Global Head of Sales'}]","[{'objective': 1, 'alignment': 0.1, 'why': 'No regulatory or chemical compliance expertise evident'}, {'objective': 2, 'alignment': 0.15, 'why': 'Finance background may help budgeting but not R&D/manufacturing specifics'}, {'objective': 3, 'alignment': 0.4, 'why': 'Financial leadership could support revenue forecasting and business planning'}]","['No evidence of regulatory affairs or REACH expertise', 'No demonstrated experience in biotech/synthetic biology operations', 'No indication of technical hiring or R&D management background', 'Unclear if mentor has experience with manufacturing scale-up or supply chain']"
startup_004,MENTOR_024,0.12,0.85,"Insufficient info. The mentor profile provides only a title (PhD Candidate) and affiliation (Carnegie Mellon University) with no details on expertise, domain knowledge, or relevant experience. There is no credible basis to assess whether this mentor can help with BioHalo's specific objectives: LCA/REACH strategy, R&D/manufacturing roadmap, or business plan refinement for fluorinated monomers.","[{'from': 'mentor', 'quote': 'PhD Candidate'}, {'from': 'startup', 'quote': 'Complete a preliminary Life Cycle Assessment (LCA) of 2 FMA, devise a detailed REACH registration strategy'}]","[{'objective': 1, 'alignment': 0.1, 'why': 'No evidence of LCA or REACH regulatory expertise'}, {'objective': 2, 'alignment': 0.15, 'why': 'No evidence of R&D roadmap or manufacturing planning experience'}, {'objective': 3, 'alignment': 0.1, 'why': 'No evidence of business planning or market analysis skills'}]","[""Mentor's research focus or PhD topic"", ""Mentor's technical expertise areas"", ""Mentor's operational or business experience"", ""Mentor's industry background or relevant skills""]"
startup_004,MENTOR_025,0.12,0.85,"The mentor's expertise is in automotive leadership, software-defined vehicles, and joint venture management, with no demonstrated experience in synthetic biology, chemical manufacturing, REACH regulatory strategy, fermentation scale-up, or coating formulation—the core areas of BioHalo's current objectives and challenges. There is no credible linkage between the mentor's automotive/SDV background and the startup's immediate needs around LCA completion, REACH registration, R&D roadmaps for bio-based fluorinated polymers, bioreactor sourcing, or hiring coating formulators.","[{'from': 'mentor', 'quote': '30+ years automotive leadership; GM Canada & China; SDV transformation expert'}, {'from': 'startup', 'quote': 'Complete a preliminary Life Cycle Assessment (LCA) of 2 FMA, devise a detailed REACH registration strategy'}]","[{'objective': 1, 'alignment': 0.05, 'why': 'No regulatory, chemical, or REACH expertise evident'}, {'objective': 2, 'alignment': 0.15, 'why': 'Generic project management possible but no biotech/manufacturing domain knowledge'}, {'objective': 3, 'alignment': 0.1, 'why': 'Business planning experience unclear; no coating or chemical market expertise'}]",[]
startup_004,MENTOR_026,0.12,0.85,"The mentor's expertise in SaaS, robotics, and digital transformation shows no credible linkage to BioHalo's current objectives around LCA completion, REACH registration strategy, R&D/manufacturing roadmap for fermentation processes, or business planning for fluorinated monomer coating applications. The startup needs synthetic biology, regulatory, manufacturing scale-up, and specialty chemicals expertise—none of which appear in the mentor's profile.","[{'from': 'mentor', 'quote': 'SaaS; Robotics; Digital Transformation'}, {'from': 'startup', 'quote': 'Complete a preliminary Life Cycle Assessment (LCA) of 2 FMA, devise a detailed REACH registration strategy'}]","[{'objective': 1, 'alignment': 0.05, 'why': 'No regulatory or chemical industry expertise evident'}, {'objective': 2, 'alignment': 0.15, 'why': 'Operations tag suggests general planning skills but no biotech manufacturing experience'}, {'objective': 3, 'alignment': 0.1, 'why': 'Investment tag may help with business planning but lacks domain-specific market knowledge'}]","['No evidence of synthetic biology, fermentation, or chemical manufacturing expertise', 'No regulatory affairs or REACH compliance experience mentioned', 'No specialty chemicals or coatings industry background']"
startup_004,MENTOR_027,0.22,0.75,"The mentor's expertise in robotics, industrial automation, and M&A does not directly address BioHalo's current needs: LCA/REACH regulatory strategy, fermentation/bioreactor scaling, R&D roadmapping for synthetic biology, or coating formulation expertise. The Siemens/McKinsey background may offer generic strategic or operational guidance, but lacks specific relevance to the startup's immediate technical and regulatory challenges.","[{'from': 'startup', 'quote': 'Scaling our fermentation process requires finding affordable, timely bioreactor providers while handling the technical variability'}, {'from': 'mentor', 'quote': 'Robotics; Industrial Automation; Space Tech'}]","[{'objective': 1, 'alignment': 0.15, 'why': 'No regulatory, LCA, or REACH expertise evident'}, {'objective': 2, 'alignment': 0.3, 'why': 'Generic strategic planning possible; no biotech R&D or manufacturing specifics'}, {'objective': 3, 'alignment': 0.25, 'why': 'M&A and McKinsey background may help business planning; lacks coating/chemical market knowledge'}]","['No evidence of synthetic biology, fermentation, or chemical manufacturing expertise', 'No regulatory (REACH/LCA) or coating formulation experience mentioned', 'Mentor profile lacks detail on relevant industry sectors or operational roles in biotech/chemicals']"
startup_004,MENTOR_028,0.42,0.65,"The mentor has biotechnology and climate tech expertise relevant to BioHalo's synthetic biology platform, and investment/consulting experience that could inform business planning (Objective 3). However, there is no evidence of specific expertise in LCA, REACH regulatory strategy, fermentation scale-up, bioreactor sourcing, or coating formulation—the core technical and operational challenges in Objectives 1, 2, and the CEO's current struggles.","[{'from': 'mentor', 'quote': 'Biotechnology; Climate Tech'}, {'from': 'mentor', 'quote': 'Investment; Consulting'}]","[{'objective': 1, 'alignment': 0.25, 'why': 'No evidence of LCA or REACH regulatory expertise'}, {'objective': 2, 'alignment': 0.45, 'why': 'General biotech background may inform roadmap structure, but lacks fermentation/manufacturing specifics'}, {'objective': 3, 'alignment': 0.55, 'why': 'Investment and consulting experience relevant to business planning and market strategy'}]","['No evidence of LCA or environmental assessment experience', 'No evidence of REACH or EU chemical regulatory expertise', 'No evidence of fermentation scale-up or bioreactor sourcing experience', 'No evidence of coating formulation or materials science background', 'Insufficient detail on specific biotechnology domain experience']"
startup_004,MENTOR_029,0.08,0.92,"The mentor's expertise in autonomous systems, safety assurance, EV, mobility, and government policy shows no credible linkage to BioHalo's current needs: LCA completion, REACH registration strategy, fermentation scaling, bioreactor sourcing, coating formulation expertise, or market assessment for fluorinated monomers. Insufficient info to identify any relevant overlap with synthetic biology, chemical regulation, or manufacturing challenges.","[{'from': 'mentor', 'quote': 'Autonomous Systems; Safety Assurance; EV; Mobility'}, {'from': 'startup', 'quote': 'Complete a preliminary Life Cycle Assessment (LCA) of 2 FMA, devise a detailed REACH registration strategy'}]","[{'objective': 1, 'alignment': 0.05, 'why': 'No expertise in LCA, REACH, or chemical regulation'}, {'objective': 2, 'alignment': 0.1, 'why': 'No fermentation, biotech manufacturing, or bioreactor experience evident'}, {'objective': 3, 'alignment': 0.05, 'why': 'No coating applications, chemical markets, or materials commercialization background'}]","['No evidence of synthetic biology or chemical manufacturing expertise', 'No regulatory experience in REACH or chemical compliance', 'No coating formulation or materials science background', 'Mentor profile lacks detail on transferable skills to biotech/chemical sector']"
startup_004,MENTOR_030,0.12,0.85,"The mentor's expertise in fintech, M&A, and investment banking shows no credible linkage to BioHalo's current technical and regulatory objectives: completing an LCA, devising a REACH registration strategy, building an R&D/manufacturing roadmap, finding coating formulators, or scaling fermentation processes. While financial structuring skills might tangentially support fundraising, none of the stated objectives or CEO challenges relate to M&A, corporate restructuring, or fintech.","[{'from': 'mentor', 'quote': 'Fintech; Data Security'}, {'from': 'mentor', 'quote': 'M&A; Corporate Restructuring; Investment'}]","[{'objective': 1, 'alignment': 0.05, 'why': 'No expertise in LCA, REACH regulation, or chemical compliance strategy'}, {'objective': 2, 'alignment': 0.15, 'why': 'Generic project management skills possible but no biotech R&D or manufacturing experience'}, {'objective': 3, 'alignment': 0.2, 'why': 'Financial modeling background could assist revenue forecasts but lacks domain knowledge in coatings or specialty chemicals markets'}]","['No evidence of synthetic biology, fermentation, or chemical manufacturing expertise', 'No regulatory affairs or REACH compliance experience mentioned', 'No coatings industry or specialty chemicals market knowledge']"
startup_004,MENTOR_031,0.22,0.75,"The mentor's expertise in digital marketing and connected medical solutions does not align with BioHalo's current technical and regulatory priorities: completing an LCA, devising a REACH registration strategy, producing an R&D/manufacturing roadmap, scaling fermentation processes, or finding coating formulators and bioreactor providers. While marketing expertise could tangentially support the business plan refinement (objective 3), the mentor lacks the regulatory, manufacturing, or synthetic biology domain knowledge needed to address the startup's most pressing challenges.","[{'from': 'startup', 'quote': 'Complete a preliminary Life Cycle Assessment (LCA) of 2 FMA, devise a detailed REACH registration strategy'}, {'from': 'mentor', 'quote': '24+ years digital marketing; connected medical solutions specialist'}]","[{'objective': 1, 'alignment': 0.05, 'why': 'No regulatory or LCA expertise evident'}, {'objective': 2, 'alignment': 0.1, 'why': 'No R&D, manufacturing, or fermentation background'}, {'objective': 3, 'alignment': 0.35, 'why': 'Marketing experience could inform GTM strategy, but lacks domain context'}]","['No evidence of regulatory affairs or REACH expertise', 'No synthetic biology, fermentation, or manufacturing operations experience', 'No coating formulation or materials science background', 'Limited relevance of digital/medical device marketing to industrial biotech B2B context']"
startup_004,MENTOR_032,0.48,0.65,"The mentor's EIC expertise directly addresses the startup's upcoming EIC Transition interview and could help with strategic planning for REACH registration and business plan refinement. However, the mentor lacks demonstrated domain expertise in synthetic biology, fermentation scaling, LCA execution, or coating formulation—critical gaps for the startup's most pressing technical and regulatory challenges.","[{'from': 'startup', 'quote': 'Received an invitation to the European Innovation Council (EIC) Transition interview in December'}, {'from': 'mentor', 'quote': 'EIC expert'}]","[{'objective': 1, 'alignment': 0.45, 'why': 'EIC expertise may help with regulatory strategy framing, but no LCA or REACH-specific experience evident'}, {'objective': 2, 'alignment': 0.35, 'why': 'Startup scaling experience relevant, but no biotech manufacturing or fermentation process expertise shown'}, {'objective': 3, 'alignment': 0.65, 'why': 'Strong fundraising and business planning background; can guide market sizing, revenue forecasts, and GTM strategy'}]","['No evidence of synthetic biology or fermentation expertise', 'No demonstrated experience with LCA or REACH regulatory processes', 'No coating formulation or materials science background', 'No specific bioreactor scaling or CDMO management experience']"
startup_004,MENTOR_033,0.42,0.65,"Mentor has strong policy and strategic analysis background (ex-BNEF, McKinsey, UK energy policymaker) that could help with REACH regulatory strategy and business planning aspects. However, lacks direct expertise in synthetic biology, fermentation scale-up, coating formulation, or Life Cycle Assessment execution—the most pressing technical challenges the startup faces now.","[{'from': 'mentor', 'quote': 'Former Global Head of Analysis at BNEF; ex-McKinsey Partner; UK energy policymaker'}, {'from': 'startup', 'quote': 'devise a detailed REACH registration strategy with a concrete timeline'}]","[{'objective': 1, 'alignment': 0.55, 'why': 'Policy experience may help REACH strategy; no LCA or partner-sourcing expertise evident'}, {'objective': 2, 'alignment': 0.45, 'why': 'McKinsey background supports roadmap structuring; lacks fermentation/manufacturing domain knowledge'}, {'objective': 3, 'alignment': 0.5, 'why': 'Strategic analysis skills (BNEF) relevant for market sizing and business planning'}]","['No evidence of synthetic biology or fermentation expertise', 'No coating formulation or materials application experience mentioned', 'No Life Cycle Assessment methodology expertise', 'Unclear if mentor has EU regulatory (REACH) implementation experience']"
startup_004,MENTOR_034,0.42,0.65,"The mentor has materials science expertise and decarbonization focus, which provides some general alignment with BioHalo's bio-based materials platform. However, there is no clear evidence of expertise in fermentation scale-up, REACH regulatory strategy, LCA execution, coating formulation, or GTM strategy for specialty chemicals—the core needs identified in the objectives and CEO update.","[{'from': 'mentor', 'quote': 'Materials Science'}, {'from': 'mentor', 'quote': 'Head of Science at CDR-focused VC'}]","[{'objective': 1, 'alignment': 0.25, 'why': 'No evidence of REACH regulatory or LCA expertise'}, {'objective': 2, 'alignment': 0.45, 'why': 'Materials science background may help with R&D roadmap structure, but no fermentation or manufacturing expertise shown'}, {'objective': 3, 'alignment': 0.35, 'why': 'VC role suggests business planning exposure, but no coating applications or specialty chemicals market expertise evident'}]","['No evidence of fermentation scale-up or bioreactor expertise for challenge with scaling', 'No evidence of REACH regulatory strategy or LCA execution experience', 'No evidence of coating formulation or specialty chemicals market knowledge', ""Insufficient detail on mentor's specific materials science applications or industry network""]"
startup_005,MENTOR_001,0.68,0.75,"The mentor's expertise as General Counsel with 17+ years in renewables and Global Head of Transactions directly addresses objective 3 (contract templates) and can provide valuable guidance on structuring client agreements to mitigate operational and legal risks. However, the mentor has limited direct relevance to objectives 1 and 2 (hiring technical staff and photobioreactor development).","[{'from': 'startup', 'quote': 'clearly define the range of contract models between ZENI and its future large-scale clients to avoid the operational and legal risks'}, {'from': 'mentor', 'quote': 'General Counsel for EMEA and Global Head of Transactions at Lightsource bp'}]","[{'objective': 1, 'alignment': 0.25, 'why': 'No direct hiring or HR expertise evident in profile'}, {'objective': 2, 'alignment': 0.15, 'why': 'No technical engineering or manufacturing expertise for photobioreactor development'}, {'objective': 3, 'alignment': 0.95, 'why': 'Direct expertise in contract structuring, transactions, and legal risk management for large-scale projects'}]",[]
startup_005,MENTOR_002,0.42,0.7,"Mentor has strong operations management and sustainability expertise relevant to scaling industrial systems, which could help with production scaling challenges and operational contract structuring. However, there is no direct evidence of expertise in hiring/talent acquisition, water treatment technology, or photobioreactor development, limiting alignment with the most immediate technical and hiring objectives.","[{'from': 'mentor', 'quote': 'Operations Management; Sustainability Strategy'}, {'from': 'startup', 'quote': 'Delays on scaling production capacity (from 50 liter to 1000 liter) to meet client demand'}]","[{'objective': 1, 'alignment': 0.25, 'why': 'No evidence of hiring or talent acquisition expertise'}, {'objective': 2, 'alignment': 0.5, 'why': 'Operations management experience could help with scaling production systems'}, {'objective': 3, 'alignment': 0.55, 'why': 'Board and operations experience relevant to contract structuring and risk management'}]","['No evidence of water treatment or photobioreactor technical expertise', 'No evidence of startup hiring or talent acquisition experience', ""Limited detail on mentor's specific operational scaling achievements""]"
startup_005,MENTOR_003,0.48,0.65,"Mentor has relevant experience in sustainability/clean tech and scaling startups (sold 100+ employee company), which provides general context for ZENI's challenges. However, there is no direct evidence of expertise in hiring for technical roles, photobioreactor engineering/scaling, or contract template development for water treatment operations. The fit is moderate due to general startup scaling experience but lacks specific alignment with current technical and operational objectives.","[{'from': 'mentor', 'quote': 'sold 100+ employee startup to Screen Japan'}, {'from': 'mentor', 'quote': '20+ years developing sustainable innovation'}]","[{'objective': 1, 'alignment': 0.45, 'why': 'Startup scaling experience may help with hiring strategy, but no direct HR/recruitment expertise shown'}, {'objective': 2, 'alignment': 0.35, 'why': 'No evidence of photobioreactor or water treatment engineering expertise for technical development'}, {'objective': 3, 'alignment': 0.55, 'why': 'Business development and partnership experience may inform contract structuring, though not legal/operational specifics'}]","['No evidence of technical expertise in water treatment or photobioreactor scaling', 'No evidence of hiring/talent acquisition expertise for technical roles', 'No evidence of contract development or legal structuring experience', 'Mentor bio is empty, limiting assessment of relevant experience']"
startup_005,MENTOR_004,0.42,0.65,"The mentor has relevant experience in startup scaling and climate tech, which provides general context for ZENI's growth stage. However, there is no direct evidence of expertise in hiring technical talent, photobioreactor engineering, or contract development for water treatment operations—the three specific objectives listed. The financial/investment background may offer indirect value for fundraising context but does not directly address current operational needs.","[{'from': 'mentor', 'quote': 'venture capital, hedge funds, investment banking'}, {'from': 'mentor', 'quote': 'Startup Scaling'}]","[{'objective': 1, 'alignment': 0.35, 'why': 'Startup scaling experience may help with hiring strategy, but no direct HR or technical recruitment expertise shown'}, {'objective': 2, 'alignment': 0.25, 'why': 'No evidence of engineering, manufacturing, or photobioreactor development expertise'}, {'objective': 3, 'alignment': 0.4, 'why': 'Board governance and investment experience may provide general contract insight, but no specific operational or water treatment contract expertise'}]","['No evidence of technical hiring or HR expertise', 'No engineering or manufacturing scale-up experience mentioned', 'No water treatment industry or operational contract experience', 'Mentor bio and profile interview fields are empty, limiting assessment']"
startup_005,MENTOR_005,0.28,0.65,"The mentor's expertise in policy influence and government advisory may provide generic strategic value, but there is no direct evidence of operational expertise in hiring technical talent, scaling photobioreactor production, or developing water treatment contracts. The startup's immediate needs are highly operational and technical, requiring hands-on expertise in water treatment systems, manufacturing scale-up, and HR/legal contract development—areas not evidenced in the mentor profile.","[{'from': 'startup', 'quote': 'Current efforts to hire employees to support our 3 new projects have been challenging due to a limited candidate pool'}, {'from': 'mentor', 'quote': 'Founder of How to Change the World; former Head of UCL STEaPP; adjunct professor'}]","[{'objective': 1, 'alignment': 0.2, 'why': 'No evidence of HR, recruitment, or water treatment hiring expertise'}, {'objective': 2, 'alignment': 0.15, 'why': 'No evidence of photobioreactor engineering or manufacturing scale-up experience'}, {'objective': 3, 'alignment': 0.25, 'why': 'Policy/government advisory may inform contract strategy, but no direct legal or operational contract expertise shown'}]","['No evidence of water treatment or biotech operational experience', 'No evidence of technical hiring or HR expertise', 'No evidence of manufacturing scale-up or photobioreactor development', 'No evidence of contract development or legal expertise in water treatment sector']"
startup_005,MENTOR_006,0.42,0.65,"The mentor has cleantech commercial development experience and has worked with large corporations, which could provide some guidance on contract models and scaling challenges. However, there is no evidence of expertise in hiring/talent acquisition, photobioreactor engineering, or water treatment operations—the three most urgent current needs.","[{'from': 'mentor', 'quote': 'Cleantech Commercial Development'}, {'from': 'mentor', 'quote': 'worked with ENGIE, Michelin, Temasek'}]","[{'objective': 1, 'alignment': 0.25, 'why': 'No evidence of talent acquisition or water treatment hiring expertise'}, {'objective': 2, 'alignment': 0.35, 'why': 'No specific photobioreactor or scaling production expertise mentioned'}, {'objective': 3, 'alignment': 0.65, 'why': 'Experience with large corporations could inform contract template development'}]","['No evidence of talent acquisition or HR expertise for hiring challenges', 'No specific water treatment or photobioreactor technical expertise', ""Limited detail on mentor's operational or legal contracting experience""]"
startup_005,MENTOR_007,0.42,0.65,"Mentor has strong startup scaling and operational experience from Kurion (co-founder/CTO, scaled to $350M acquisition), which provides some credible help for hiring challenges and scaling production capacity. However, expertise is in nuclear waste management and materials science, not water treatment or biotech, limiting direct technical guidance for photobioreactor development and water treatment contracts.","[{'from': 'mentor', 'quote': 'Co-founder & CTO of Kurion; Fukushima deployment; acquired by Veolia for $350M'}, {'from': 'startup', 'quote': 'Delays on scaling production capacity (from 50 liter to 1000 liter) to meet client demand'}]","[{'objective': 1, 'alignment': 0.5, 'why': 'Startup scaling experience relevant to hiring challenges, but no water treatment domain expertise'}, {'objective': 2, 'alignment': 0.35, 'why': 'General scaling/operations experience applicable, but no direct photobioreactor or biotech expertise'}, {'objective': 3, 'alignment': 0.4, 'why': 'Experience with large client contracts through Veolia acquisition, but no specific contract template expertise shown'}]","['No evidence of water treatment or wastewater expertise', 'No biotech or microalgae domain knowledge indicated', ""Limited detail on mentor's specific operational or contract negotiation experience""]"
startup_005,MENTOR_008,0.42,0.65,"Mentor has strong strategic and consulting background from McKinsey that could help with contract template development (objective 3) and potentially hiring strategy. However, lacks direct operational expertise in water treatment engineering, scaling production systems, or hands-on project management needed for objectives 1 and 2.","[{'from': 'mentor', 'quote': '27 years McKinsey Senior Partner; sustainability & industrial focus'}, {'from': 'startup', 'quote': 'Develop contract templates that clearly define responsibilities for site management, biomass handling, and other key operational areas'}]","[{'objective': 1, 'alignment': 0.35, 'why': 'Strategic hiring advice possible but lacks startup talent acquisition specifics'}, {'objective': 2, 'alignment': 0.25, 'why': 'No evidence of photobioreactor engineering or production scaling expertise'}, {'objective': 3, 'alignment': 0.65, 'why': 'McKinsey consulting background relevant for contract structuring and business model design'}]","['No specific experience mentioned in water treatment or biotech operations', 'Unclear if mentor has hands-on experience with startup hiring challenges', 'No evidence of technical production scaling expertise']"
startup_005,MENTOR_009,0.42,0.65,"The mentor has relevant operational expertise in managing startup programs and scaling deep-tech ventures, which could help with hiring challenges and contract development. However, their technical background in semiconductors and nanographics shows no direct connection to water treatment, photobioreactors, or wastewater management, limiting their ability to address the technical scaling delays.","[{'from': 'mentor', 'quote': 'Manages deep-tech startup programs at CEA-Liten'}, {'from': 'startup', 'quote': 'Current efforts to hire employees to support our 3 new projects have been challenging'}]","[{'objective': 1, 'alignment': 0.55, 'why': 'Startup program management experience could inform hiring strategies and reducing perceived startup risks'}, {'objective': 2, 'alignment': 0.15, 'why': 'No evident expertise in photobioreactor engineering or water treatment technology'}, {'objective': 3, 'alignment': 0.5, 'why': 'Strategic IP management and startup scaling experience may translate to contract structuring insights'}]","['No specific experience in water treatment or biotech sectors mentioned', 'Unclear if mentor has direct experience with operational contract models for B2B industrial clients']"
startup_005,MENTOR_010,0.28,0.65,"The mentor has startup scaling and investment experience, which provides generic value for a seed-stage company. However, there is no evidence of expertise in hiring for technical roles, water treatment technology, photobioreactor development, or contract structuring for B2B service agreements. The mentor's background in data centers, infrastructure, and applied AI does not directly address ZENI's current operational and technical challenges.","[{'from': 'mentor', 'quote': 'Serial entrepreneur; sold ROOT in 2019; founded family office OMC Capital'}, {'from': 'mentor', 'quote': 'Startup Scaling; Investment'}]","[{'objective': 1, 'alignment': 0.25, 'why': 'Generic startup scaling experience; no evidence of technical hiring expertise'}, {'objective': 2, 'alignment': 0.15, 'why': 'No evidence of hardware development, manufacturing scaling, or water treatment technology'}, {'objective': 3, 'alignment': 0.35, 'why': 'Investment and scaling experience may provide general contract guidance, but no specific B2B service contract expertise'}]","[""No information about mentor's experience in technical hiring or talent acquisition"", 'No information about hardware/manufacturing scaling experience', 'No information about B2B service contracts or operational agreements', 'Minimal detail in mentor bio and profile to assess deeper expertise']"
startup_005,MENTOR_011,0.28,0.72,"The mentor's expertise in capital markets, climate finance, and policy influence provides limited direct help with ZENI's immediate operational needs: hiring technical staff, completing photobioreactor development, and drafting contract templates. While the mentor's ESG and decarbonization focus aligns with ZENI's environmental mission, there is no evidence of hands-on experience in water treatment operations, technical hiring, or contract structuring for industrial clients.","[{'from': 'mentor', 'quote': '25+ years Canadian capital markets; B20 taskforce member; speaker at COP28; climate finance advisor'}, {'from': 'startup', 'quote': 'Hire a project manager, a senior water treatment expert, and a technician'}]","[{'objective': 1, 'alignment': 0.2, 'why': 'No evidence of technical hiring or water treatment expertise'}, {'objective': 2, 'alignment': 0.15, 'why': 'No evidence of photobioreactor or hardware development experience'}, {'objective': 3, 'alignment': 0.35, 'why': 'Capital markets experience may offer generic contract insights but not industrial client-specific templates'}]","['No evidence of operational or technical expertise in water treatment or hardware development', 'No evidence of experience in technical hiring or startup team building', 'No evidence of contract structuring for industrial or water treatment clients']"
startup_005,MENTOR_012,0.42,0.7,"Mentor has relevant water treatment and climate tech expertise, plus strong EU funding experience that could support future growth. However, there is limited direct evidence of expertise in hiring/talent acquisition, scaling production systems, or contract template development—the three current objectives. The mentor's strengths appear more aligned with fundraising and policy, which are not the immediate needs now.","[{'from': 'mentor', 'quote': 'Water Treatment; Climate Tech'}, {'from': 'mentor', 'quote': '20+ years public-private funding expertise; advisor to EU governments and European Commission'}]","[{'objective': 1, 'alignment': 0.25, 'why': 'No evidence of HR/talent acquisition expertise for hiring technical roles'}, {'objective': 2, 'alignment': 0.35, 'why': 'Water treatment tag suggests domain understanding but no evidence of hardware scaling or production expertise'}, {'objective': 3, 'alignment': 0.3, 'why': 'B2B sales and EU project coordination may provide some contract insight but no explicit legal/contract template expertise'}]","['No evidence of talent acquisition or HR expertise for objective 1', 'No evidence of hardware/production scaling experience for objective 2', 'No evidence of contract development or legal structuring expertise for objective 3']"
startup_005,MENTOR_013,0.48,0.65,"The mentor has project management expertise directly relevant to objective 1 and the production scaling challenge. However, there is no evidence of water treatment, photobioreactor engineering, or contract/legal expertise needed for objectives 2 and 3. The agri-tech background provides only tangential domain context.","[{'from': 'mentor', 'quote': 'Project Management'}, {'from': 'startup', 'quote': 'Hire a project manager, a senior water treatment expert, and a technician'}]","[{'objective': 1, 'alignment': 0.55, 'why': 'Project management expertise relevant to hiring PM role; no water treatment expertise shown'}, {'objective': 2, 'alignment': 0.4, 'why': 'Project management could help with timeline/coordination; no photobioreactor or scaling engineering expertise evident'}, {'objective': 3, 'alignment': 0.25, 'why': 'No evidence of contract development, legal frameworks, or operational agreement expertise'}]","['No water treatment or wastewater engineering expertise evident', 'No photobioreactor or bioprocess scaling experience shown', 'No contract development or legal/operational agreement expertise', ""Limited detail on mentor's project management scope and scale""]"
startup_005,MENTOR_014,0.42,0.65,"Mentor has relevant startup scaling experience from co-founding Infarm, which could help with hiring challenges and operational scaling. However, their expertise in brand/communications and vertical farming does not directly address the technical needs (photobioreactor development, water treatment expertise, contract templates). Limited evidence of direct capability to help with current technical and legal objectives.","[{'from': 'mentor', 'quote': 'Co-founder of Infarm; leads brand and communications'}, {'from': 'mentor', 'quote': 'Startup Scaling'}]","[{'objective': 1, 'alignment': 0.55, 'why': 'Startup scaling experience may help with hiring strategy and making startup attractive to candidates'}, {'objective': 2, 'alignment': 0.25, 'why': 'No evidence of technical photobioreactor or water treatment engineering expertise'}, {'objective': 3, 'alignment': 0.35, 'why': 'General startup experience but no specific legal or contract development expertise mentioned'}]","['No specific water treatment or biotech engineering expertise', 'No evidence of legal/contract development experience', ""Limited detail on mentor's operational scaling activities beyond brand/communications""]"
startup_005,MENTOR_015,0.28,0.75,"The mentor's expertise in strategic IP management and law has limited direct applicability to ZENI's current priorities: hiring technical staff, scaling photobioreactor production, and developing operational contract templates. While contract development (objective 3) could tangentially benefit from legal expertise, the mentor's specialization in patent law and EPO litigation does not align with the operational and commercial contract needs described.","[{'from': 'startup', 'quote': 'Develop contract templates that clearly define responsibilities for site management, biomass handling, and other key operational areas.'}, {'from': 'mentor', 'quote': 'Strategic IP Management; Law'}]","[{'objective': 1, 'alignment': 0.05, 'why': 'No expertise in hiring or water treatment recruitment'}, {'objective': 2, 'alignment': 0.1, 'why': 'No technical expertise in photobioreactor engineering or scaling'}, {'objective': 3, 'alignment': 0.4, 'why': 'Legal background may help with contracts, but patent law focus misaligned with operational contract needs'}]","[""Mentor's bio field is empty, limiting assessment of practical experience"", 'No evidence of operational contract expertise or water treatment industry experience']"
startup_005,MENTOR_016,0.28,0.75,"The mentor's expertise in startup scaling and board governance offers generic value, but there is minimal direct alignment with ZENI's immediate technical needs (hiring water treatment experts, scaling photobioreactor production, developing operational contracts). Climate tech investment experience provides sector context but does not address the specific operational and technical challenges.","[{'from': 'mentor', 'quote': 'Startup Scaling; Board Governance; Investment'}, {'from': 'mentor', 'quote': '70+ climate tech investments'}]","[{'objective': 1, 'alignment': 0.25, 'why': 'Generic startup hiring advice possible; no water treatment expertise'}, {'objective': 2, 'alignment': 0.15, 'why': 'No hardware/photobioreactor engineering background evident'}, {'objective': 3, 'alignment': 0.45, 'why': 'Board governance experience may help with contract structuring frameworks'}]","['No evidence of hardware/cleantech operational experience', 'No water treatment or biotech domain expertise', 'Limited detail on specific scaling challenges mentor has addressed']"
startup_005,MENTOR_017,0.28,0.72,"The mentor's expertise in sustainability strategy and ESG may provide high-level strategic context for ZENI's environmental mission, but there is no evidence of direct capability to help with the three urgent operational needs: hiring technical water treatment staff, scaling photobioreactor production on a tight timeline, or developing client contract templates. The mentor's profile lacks operational, technical, or legal expertise relevant to these immediate challenges.","[{'from': 'startup', 'quote': 'Hire a project manager, a senior water treatment expert, and a technician'}, {'from': 'mentor', 'quote': 'Global ESG leader; CSRD & ESRS expert; AI-driven sustainability transformation'}]","[{'objective': 1, 'alignment': 0.15, 'why': 'No evidence of talent acquisition or water treatment technical expertise'}, {'objective': 2, 'alignment': 0.2, 'why': 'No evidence of hardware engineering or photobioreactor scaling experience'}, {'objective': 3, 'alignment': 0.25, 'why': 'Corporate innovation background may offer generic contract insights but no legal or operational contract expertise shown'}]","['No evidence of technical water treatment or engineering expertise', 'No evidence of startup hiring or talent acquisition experience', 'No evidence of legal or contract development capabilities']"
startup_005,MENTOR_018,0.48,0.65,"The mentor has strong operational and scaling expertise relevant to ZENI's production scaling challenges and startup growth, but lacks direct evidence of water treatment, biotech manufacturing, or contract/legal expertise needed for objectives 1 and 3. The agritech background provides some domain context, but the connection to hiring technical specialists and developing operational contract templates is generic rather than specific.","[{'from': 'mentor', 'quote': 'scaled fintech, agritech & deep tech startups'}, {'from': 'startup', 'quote': 'Delays on scaling production capacity (from 50 liter to 1000 liter) to meet client demand on a short timeline'}]","[{'objective': 1, 'alignment': 0.35, 'why': 'General startup hiring experience, but no evidence of water treatment or biotech technical recruiting expertise'}, {'objective': 2, 'alignment': 0.65, 'why': 'Strong operations and scaling background directly relevant to production capacity challenges and timeline pressures'}, {'objective': 3, 'alignment': 0.4, 'why': 'GTM strategy experience may help with client models, but no specific contract development or legal structuring expertise shown'}]","['No evidence of water treatment or biotech domain expertise', 'No specific contract development or legal framework experience mentioned', 'Unclear if mentor has experience with technical hiring in specialized engineering fields']"
startup_005,MENTOR_019,0.42,0.65,"The mentor has relevant expertise in startup scaling and fundraising, which aligns with ZENI's recent seed round success and growth challenges. However, there is no evidence of specific expertise in hiring technical talent, water treatment technology development, or contract template creation—the three primary current objectives. The mentor's sustainability and climate tech background provides general domain alignment but lacks direct actionability for the immediate operational and legal needs.","[{'from': 'mentor', 'quote': 'Advises startups on sustainable growth, sales optimization, and investor readiness'}, {'from': 'startup', 'quote': 'Current efforts to hire employees to support our 3 new projects have been challenging due to a limited candidate pool and the perceived risk of joining a startup.'}]","[{'objective': 1, 'alignment': 0.35, 'why': 'Startup scaling expertise may help with hiring strategy, but no specific talent acquisition or water treatment expertise shown'}, {'objective': 2, 'alignment': 0.25, 'why': 'No evidence of technical product development, engineering, or photobioreactor scaling expertise'}, {'objective': 3, 'alignment': 0.3, 'why': 'No evidence of legal, contract structuring, or operational agreement expertise for client relationships'}]","['No evidence of hiring or talent acquisition expertise for technical roles', 'No evidence of engineering or product development experience relevant to photobioreactor scaling', 'No evidence of legal or contract development expertise', 'Mentor bio is empty, limiting assessment of specific experience']"
startup_005,MENTOR_020,0.28,0.65,"The mentor's expertise in deep-tech investment and board governance offers limited direct help with ZENI's immediate operational needs: hiring technical staff, completing photobioreactor development, and drafting contract templates. While investment experience may tangentially inform fundraising strategy, the mentor lacks demonstrated water treatment, biotech operations, or HR/legal expertise needed for current objectives.","[{'from': 'mentor', 'quote': 'Deep-tech investor; former Swedish Technical Attaché; ex-Gartner VP'}, {'from': 'startup', 'quote': 'Current efforts to hire employees to support our 3 new projects have been challenging'}]","[{'objective': 1, 'alignment': 0.25, 'why': 'No demonstrated HR or talent acquisition expertise for technical hiring'}, {'objective': 2, 'alignment': 0.15, 'why': 'No evidence of biotech engineering or photobioreactor development experience'}, {'objective': 3, 'alignment': 0.45, 'why': 'Board governance background may offer some contract structuring insights'}]","['No specific experience in water treatment or biotech operations', 'No demonstrated expertise in technical hiring or HR strategy', 'No evidence of contract negotiation or legal template development experience', 'Climate Tech tag too broad to confirm relevance to wastewater treatment']"
startup_005,MENTOR_021,0.28,0.65,"The mentor's climate tech and sustainability strategy expertise provides general domain alignment with ZENI's environmental mission, but lacks direct evidence of capabilities in the three critical current needs: talent acquisition/HR for startups, photobioreactor engineering/scaling, or contract template development for water treatment operations. The 20+ years in energy & utilities consulting offers peripheral relevance but insufficient specificity.","[{'from': 'mentor', 'quote': '20+ years energy & utilities consulting'}, {'from': 'startup', 'quote': 'Current efforts to hire employees to support our 3 new projects have been challenging'}]","[{'objective': 1, 'alignment': 0.25, 'why': 'No evidence of HR/talent acquisition expertise for startups'}, {'objective': 2, 'alignment': 0.15, 'why': 'No evidence of photobioreactor engineering or production scaling experience'}, {'objective': 3, 'alignment': 0.45, 'why': 'Consulting background may offer general contract structuring insights, though not water treatment-specific'}]","['No evidence of startup hiring/talent strategy experience', 'No evidence of water treatment or bioreactor technical expertise', 'No evidence of operational contract development for industrial clients', 'Mentor bio is empty, limiting assessment depth']"
startup_005,MENTOR_022,0.28,0.55,"Insufficient info. The mentor profile provides minimal detail about operational expertise in hiring, scaling production systems, or contract development—the startup's three primary objectives. While energy/biofuels background suggests potential domain familiarity with algae-based systems, no evidence directly links the mentor to wastewater treatment scaling, technical hiring, or contract template development.","[{'from': 'mentor', 'quote': 'Director of Entrepreneurship & Innovation at École Polytechnique'}, {'from': 'startup', 'quote': 'Current efforts to hire employees to support our 3 new projects have been challenging'}]","[{'objective': 1, 'alignment': 0.35, 'why': 'Entrepreneurship role may offer hiring network insights, but no evidence of water treatment recruitment expertise'}, {'objective': 2, 'alignment': 0.15, 'why': 'No evidence of photobioreactor scaling or technical production expertise'}, {'objective': 3, 'alignment': 0.25, 'why': 'Policy background may inform contracting, but no direct evidence of operational contract development'}]","[""No details on mentor's hands-on experience with technical hiring or team building"", 'No evidence of expertise in scaling bioreactor or water treatment production systems', 'No information on contract negotiation or operational agreement development experience', 'Mentor bio is empty; mentor_profile_int is empty']"
startup_005,MENTOR_023,0.28,0.75,"The mentor's finance leadership and institutional client experience may offer generic guidance on fundraising and client relationships, but there is no evidence of expertise in hiring technical talent, scaling physical production systems, or developing operational contracts for water treatment technology. The current objectives require domain-specific technical and operational expertise that the mentor's profile does not demonstrate.","[{'from': 'startup', 'quote': 'hire employees to support our 3 new projects have been challenging due to a limited candidate pool'}, {'from': 'mentor', 'quote': '35 years global finance leadership; former Amundi Global Head of Sales'}]","[{'objective': 1, 'alignment': 0.2, 'why': 'No evidence of technical hiring or water treatment sector recruitment expertise'}, {'objective': 2, 'alignment': 0.15, 'why': 'No evidence of hardware scaling, manufacturing, or photobioreactor development experience'}, {'objective': 3, 'alignment': 0.35, 'why': 'Finance background may provide generic contract insight, but lacks operational/technical contract specificity'}]","['No evidence of technical hiring expertise or water treatment sector knowledge', 'No evidence of hardware/manufacturing scaling experience', 'No evidence of operational contract development for technology deployment']"
startup_005,MENTOR_024,0.12,0.85,"Insufficient info to assess fit. The mentor profile provides only a title (PhD Candidate) and affiliation, with no expertise areas, experience, or background details. Cannot determine if mentor can help with hiring, photobioreactor scaling, or contract development.","[{'from': 'mentor', 'quote': 'PhD Candidate'}, {'from': 'startup', 'quote': 'Current efforts to hire employees to support our 3 new projects have been challenging'}]","[{'objective': 1, 'alignment': 0.1, 'why': 'No evidence of hiring or HR expertise'}, {'objective': 2, 'alignment': 0.1, 'why': 'No evidence of engineering or scaling expertise'}, {'objective': 3, 'alignment': 0.15, 'why': 'No evidence of legal or contract expertise'}]","['Mentor expertise areas completely absent', 'No work experience or domain background provided', 'No indication of relevant skills for any stated objective']"
startup_005,MENTOR_025,0.28,0.75,"The mentor's automotive and joint venture management background offers limited direct relevance to ZENI's immediate needs: hiring water treatment specialists, scaling photobioreactor production, and developing wastewater treatment contracts. While consulting and management experience may provide generic guidance on hiring and contracts, there is no evidence of expertise in water treatment, biotech operations, or relevant technical domains.","[{'from': 'mentor', 'quote': 'Joint Venture Management; Consulting'}, {'from': 'startup', 'quote': 'Develop contract templates that clearly define responsibilities for site management, biomass handling, and other key operational areas.'}]","[{'objective': 1, 'alignment': 0.25, 'why': 'Generic consulting experience; no water treatment or biotech hiring expertise'}, {'objective': 2, 'alignment': 0.15, 'why': 'Automotive/SDV background unrelated to photobioreactor scaling'}, {'objective': 3, 'alignment': 0.45, 'why': 'Joint venture and consulting experience may help with contract structuring generically'}]","['No evidence of water treatment or environmental technology expertise', 'No biotech or cleantech operational experience mentioned', 'Unclear if consulting work included contract development for technical service agreements']"
startup_005,MENTOR_026,0.28,0.65,"The mentor's expertise in digital transformation, SaaS, and operations provides only generic relevance to ZENI's current needs. There is no evidence of water treatment, biotech, hardware scaling, or hiring expertise that directly addresses the startup's three primary objectives: hiring specialized technical roles, scaling photobioreactor production, and developing contract templates for operational agreements.","[{'from': 'mentor', 'quote': 'Operations; Investment'}, {'from': 'startup', 'quote': 'Delays on scaling production capacity (from 50 liter to 1000 liter) to meet client demand on a short timeline.'}]","[{'objective': 1, 'alignment': 0.25, 'why': 'No evidence of hiring expertise for technical water treatment or biotech roles'}, {'objective': 2, 'alignment': 0.2, 'why': 'No hardware scaling or photobioreactor development experience evident'}, {'objective': 3, 'alignment': 0.4, 'why': 'Operations background may offer generic contract structuring insights'}]","['No evidence of water treatment or biotech domain expertise', 'No evidence of hardware/equipment scaling experience', 'No evidence of technical hiring or team building in specialized fields', 'Mentor profile lacks sufficient detail on specific operational achievements']"
startup_005,MENTOR_027,0.28,0.75,"The mentor's expertise in industrial automation and M&A strategy offers limited direct relevance to ZENI's immediate needs: hiring water treatment specialists, scaling photobioreactor production, and developing operational contracts for wastewater treatment. While executive experience at Siemens and McKinsey provides general business acumen, there is no evidence of domain knowledge in water treatment, biotech manufacturing, or environmental engineering that would directly address the startup's current technical and operational challenges.","[{'from': 'startup', 'quote': 'Hire a project manager, a senior water treatment expert, and a technician'}, {'from': 'mentor', 'quote': 'Robotics; Industrial Automation; Space Tech'}]","[{'objective': 1, 'alignment': 0.25, 'why': 'No water treatment expertise; generic hiring advice possible'}, {'objective': 2, 'alignment': 0.35, 'why': 'Industrial automation background may offer scaling insights, but not biotech-specific'}, {'objective': 3, 'alignment': 0.25, 'why': 'M&A experience tangentially relevant to contracts, but not operational agreements'}]","['No evidence of water treatment or environmental engineering expertise', 'No biotech or photobioreactor manufacturing experience mentioned', 'Unclear if mentor has experience with operational contract structuring in industrial settings']"
startup_005,MENTOR_028,0.42,0.65,"Mentor has relevant experience in climate tech and biotechnology domains, which provides general context for ZENI's microalgae wastewater treatment. However, the mentor's background in investment, consulting, and digital leadership does not directly address the startup's immediate operational needs: hiring technical staff, scaling photobioreactor production on a tight timeline, or developing contract templates for client agreements. Limited evidence of hands-on operational or HR expertise for the specific challenges stated.","[{'from': 'mentor', 'quote': 'DeepTech & climate venturing leader'}, {'from': 'mentor', 'quote': 'Biotechnology; Climate Tech'}]","[{'objective': 1, 'alignment': 0.35, 'why': 'No direct HR or talent acquisition expertise evident'}, {'objective': 2, 'alignment': 0.3, 'why': 'No evidence of hardware scaling or photobioreactor engineering experience'}, {'objective': 3, 'alignment': 0.5, 'why': 'Consulting background may help with contract structuring, though not explicitly stated'}]","['No explicit experience in hiring or talent management for startups', 'No evidence of hardware/equipment scaling or manufacturing expertise', 'Limited detail on consulting focus areas or contract negotiation experience']"
startup_005,MENTOR_029,0.12,0.85,"The mentor's expertise in autonomous systems, AI, safety assurance, and government policy shows no credible linkage to the startup's current objectives of hiring water treatment personnel, scaling photobioreactor production, or developing client contract templates for wastewater treatment operations. Insufficient domain overlap for actionable help.","[{'from': 'mentor', 'quote': 'Autonomous Systems; Safety Assurance; EV; Mobility'}, {'from': 'startup', 'quote': 'Hire a project manager, a senior water treatment expert, and a technician'}]","[{'objective': 1, 'alignment': 0.05, 'why': 'No expertise in water treatment hiring or startup talent acquisition'}, {'objective': 2, 'alignment': 0.1, 'why': 'No background in photobioreactor engineering or biotech scaling'}, {'objective': 3, 'alignment': 0.2, 'why': 'Policy/advisory experience may offer generic contract insights but not wastewater-specific'}]",[]
startup_005,MENTOR_030,0.28,0.75,"The mentor's expertise in M&A, investment, and corporate restructuring provides limited relevance to the startup's immediate operational needs: hiring technical staff, completing photobioreactor development, and drafting operational contracts. While financial structuring experience could tangentially support contract negotiations, there is no evidence of water treatment, biotech operations, or technical hiring expertise that directly addresses the stated objectives and challenges.","[{'from': 'mentor', 'quote': 'Former Lazard & Goldman Sachs banker; ex-Citadel; Natixis executive'}, {'from': 'startup', 'quote': 'Current efforts to hire employees to support our 3 new projects have been challenging due to a limited candidate pool and the perceived risk of joining a startup.'}]","[{'objective': 1, 'alignment': 0.2, 'why': 'No evidence of technical hiring or water treatment recruitment expertise'}, {'objective': 2, 'alignment': 0.15, 'why': 'No biotech or engineering development experience indicated'}, {'objective': 3, 'alignment': 0.45, 'why': 'M&A and corporate experience may offer generic contract structuring insights'}]","['No evidence of water treatment or biotech domain knowledge', 'No indication of operational hiring or technical team building experience', 'No photobioreactor or engineering project management background']"
startup_005,MENTOR_031,0.12,0.85,"The mentor's expertise in digital marketing, data-driven marketing, and UX does not align with the startup's current critical needs: hiring technical water treatment staff, completing a 1000-liter photobioreactor, and developing operational contract templates. There is no evidence the mentor can help with technical hiring, engineering scale-up, or legal/operational contract development.","[{'from': 'startup', 'quote': 'Hire a project manager, a senior water treatment expert, and a technician'}, {'from': 'mentor', 'quote': '24+ years digital marketing; connected medical solutions specialist'}]","[{'objective': 1, 'alignment': 0.05, 'why': 'No expertise in technical hiring or water treatment recruitment'}, {'objective': 2, 'alignment': 0.1, 'why': 'No engineering or photobioreactor development experience evident'}, {'objective': 3, 'alignment': 0.2, 'why': 'General business experience may offer limited contract insight, but no specific legal or operational contract expertise'}]",[]
startup_005,MENTOR_032,0.42,0.65,"The mentor has strong fundraising and startup scaling experience, which could help with hiring challenges and operational scaling. However, there is no evidence of expertise in water treatment, biotech operations, or contract development for technical service agreements, which are the startup's most immediate needs.","[{'from': 'mentor', 'quote': 'Raised £2bn+; founder of Torvius; serial entrepreneur'}, {'from': 'mentor', 'quote': 'Board Governance; Investment; Startup Scaling'}]","[{'objective': 1, 'alignment': 0.5, 'why': 'Startup scaling experience may help with hiring strategy, but no water treatment expertise'}, {'objective': 2, 'alignment': 0.25, 'why': 'No evidence of technical production scaling or photobioreactor development expertise'}, {'objective': 3, 'alignment': 0.35, 'why': 'Board governance experience may help with contracts, but no specific service agreement expertise'}]","['No evidence of water treatment or biotech domain expertise', 'No evidence of technical production scaling experience', 'No evidence of contract development for technical service businesses']"
startup_005,MENTOR_033,0.42,0.65,"Mentor has clean tech domain alignment and strategic advisory experience, but lacks direct expertise in hiring/talent acquisition, photobioreactor engineering, or contract development for water treatment operations. The mentor's policy and analysis background provides limited actionable help for the startup's immediate operational objectives.","[{'from': 'mentor', 'quote': 'Former Global Head of Analysis at BNEF; ex-McKinsey Partner'}, {'from': 'startup', 'quote': 'challenging due to a limited candidate pool and the perceived risk of joining a startup'}]","[{'objective': 1, 'alignment': 0.35, 'why': 'McKinsey background may help with hiring strategy, but no direct talent acquisition expertise shown'}, {'objective': 2, 'alignment': 0.25, 'why': 'No evidence of technical expertise in photobioreactor development or scaling production systems'}, {'objective': 3, 'alignment': 0.55, 'why': 'McKinsey and policy experience suggests contract structuring capability, though not water treatment-specific'}]","['No specific experience in talent acquisition or startup hiring challenges', 'No technical expertise in water treatment or photobioreactor engineering', ""Limited detail on mentor's contract negotiation or operational agreement experience""]"
startup_005,MENTOR_034,0.28,0.65,"The mentor's background in materials science and decarbonization at a climate-focused VC provides limited direct relevance to ZENI's immediate operational needs: hiring water treatment specialists, scaling photobioreactor production on tight timelines, and developing client contract templates. While the mentor may offer general startup guidance, there is no evidence of expertise in water treatment, bioprocess engineering, HR/talent acquisition, or contract structuring for industrial clients.","[{'from': 'mentor', 'quote': 'Head of Science at CDR-focused VC; former Climeworks DAC chemist'}, {'from': 'startup', 'quote': 'Hire a project manager, a senior water treatment expert, and a technician'}]","[{'objective': 1, 'alignment': 0.25, 'why': 'No evidence of HR, talent acquisition, or water treatment hiring expertise'}, {'objective': 2, 'alignment': 0.35, 'why': 'Materials science background may offer tangential insights on scaling hardware, but no bioprocess or photobioreactor expertise shown'}, {'objective': 3, 'alignment': 0.2, 'why': 'No evidence of contract development, legal structuring, or client agreement expertise'}]","[""Mentor's specific experience with bioprocess scale-up or photobioreactor technology"", ""Mentor's involvement in hiring technical talent or building operational teams"", ""Mentor's experience with industrial client contracts or water treatment sector partnerships""]"
startup_006,MENTOR_001,0.28,0.75,"The mentor's expertise in legal, transactions, and renewable energy policy offers limited direct help with the startup's immediate objectives: updating roadmap/hiring for fundraising, recruiting specialized technical staff in biopolymers, and accelerating technology direction. While transactional experience may tangentially support fundraising strategy, there is no evidence of expertise in hiring technical talent, biopolymer chemistry, or early-stage material science commercialization.","[{'from': 'startup', 'quote': 'Securing the right hires will be difficult, as much of the technical expertise is concentrated in the US'}, {'from': 'mentor', 'quote': 'General Counsel for EMEA and Global Head of Transactions at Lightsource bp'}]","[{'objective': 1, 'alignment': 0.35, 'why': 'Transactional experience may inform fundraising strategy but no direct roadmap/hiring expertise shown'}, {'objective': 2, 'alignment': 0.15, 'why': 'No evidence of recruiting technical staff in materials science or biopolymers'}, {'objective': 3, 'alignment': 0.1, 'why': 'No technical expertise in biopolymer technology direction or R&D acceleration'}]","['No evidence of mentor experience in technical hiring or talent acquisition', 'No evidence of mentor expertise in materials science, biopolymers, or chemical manufacturing', 'No evidence of mentor experience with early-stage technology commercialization in non-energy sectors']"
startup_006,MENTOR_002,0.58,0.72,"The mentor has strong credentials in sustainability strategy and industrial transformation relevant to biobased materials, and board-level experience that could inform strategic roadmap updates and fundraising positioning. However, the mentor's background in oil & gas, mining, and construction materials shows limited direct expertise in hiring specialized polymer chemists or navigating early-stage biotech commercialization challenges specific to SAPs.","[{'from': 'mentor', 'quote': 'former Chief Sustainability & Innovation Officer at Holcim'}, {'from': 'startup', 'quote': 'technical expertise is concentrated in the US, making it hard to meet salary expectations and attract talent to the UK'}]","[{'objective': 1, 'alignment': 0.7, 'why': 'Board experience and sustainability strategy background relevant to roadmap and fundraising positioning'}, {'objective': 2, 'alignment': 0.42, 'why': 'Limited evidence of expertise in recruiting specialized polymer/biotech talent or navigating US-UK hiring challenges'}, {'objective': 3, 'alignment': 0.0, 'why': 'No objective provided'}]","['Objective 3 is missing', 'Mentor profile lacks detail on specific experience with early-stage technology commercialization or biotech/polymer industry hiring networks']"
startup_006,MENTOR_003,0.68,0.72,"Mentor has strong relevant experience in sustainable innovation and scaling industrial technology companies, directly applicable to objectives 1 and 2. The 20+ years in sustainable innovation and experience selling a 100+ employee startup provides credible expertise for roadmap/fundraising strategy and navigating early commercial adoption challenges. However, limited evidence of specific expertise in specialized technical hiring or SAP chemistry reduces alignment with the technical talent acquisition challenge.","[{'from': 'mentor', 'quote': '20+ years developing sustainable innovation; sold 100+ employee startup to Screen Japan'}, {'from': 'startup', 'quote': 'Update the roadmap, strategic goals, and hiring plan to support an increased fundraising round and potential early sales'}]","[{'objective': 1, 'alignment': 0.75, 'why': 'Scaling experience and fundraising context from growing/selling startup'}, {'objective': 2, 'alignment': 0.55, 'why': 'General scaling/hiring experience but no specific technical recruitment expertise shown'}, {'objective': 3, 'alignment': 0.0, 'why': 'No objective provided'}]","['No specific evidence of technical hiring expertise in specialized chemistry/materials fields', ""Limited detail on mentor's approach to early-stage commercial adoption challenges"", 'Unclear if mentor has experience with US-UK talent market dynamics']"
startup_006,MENTOR_004,0.48,0.55,"The mentor has relevant experience in fundraising, investment, and startup scaling that could help with updating the roadmap for an increased fundraising round (Objective 1). However, there is insufficient evidence of expertise in specialized technical hiring for materials science or navigating early commercial adoption in the chemical/materials sector. The mentor's climate tech background provides general domain alignment but lacks specificity for the startup's immediate technical and commercial challenges.","[{'from': 'mentor', 'quote': 'venture capital, hedge funds, investment banking'}, {'from': 'startup', 'quote': 'Securing the right hires will be difficult, as much of the technical expertise is concentrated in the US'}]","[{'objective': 1, 'alignment': 0.65, 'why': 'Investment banking and VC experience relevant to fundraising roadmap and strategic goals'}, {'objective': 2, 'alignment': 0.35, 'why': 'No evidence of specialized technical hiring expertise for materials science roles'}, {'objective': 3, 'alignment': 0.45, 'why': 'General startup scaling experience but unclear fit for early commercial adoption challenges in materials sector'}]","[""No evidence of mentor's experience with technical hiring in specialized fields"", 'Unclear if mentor has experience with early-stage technology commercialization in materials/chemicals', ""Limited detail on mentor's specific climate tech expertise and whether it includes materials science""]"
startup_006,MENTOR_005,0.42,0.55,"The mentor has relevant experience in policy influence and government advisory that could help with strategic roadmap development and potentially navigating early commercial adoption challenges. However, there is insufficient evidence of direct expertise in hiring specialized technical staff, fundraising strategy for materials science startups, or deep knowledge of the SAP/chemical manufacturing domain that the startup urgently needs.","[{'from': 'mentor', 'quote': 'Investment; Policy Influence; Government Advisory'}, {'from': 'startup', 'quote': 'Securing the right hires will be difficult, as much of the technical expertise is concentrated in the US'}]","[{'objective': 1, 'alignment': 0.5, 'why': 'Strategic planning experience evident, but no specific fundraising or materials startup scaling expertise shown'}, {'objective': 2, 'alignment': 0.25, 'why': 'No evidence of recruiting specialized technical staff or addressing US-UK talent acquisition challenges'}, {'objective': 3, 'alignment': 0.5, 'why': 'Policy and investment background may help with commercial adoption strategy, but lacks SAP industry specifics'}]","['No evidence of materials science or chemical manufacturing expertise', 'No specific experience mentioned in technical hiring or talent acquisition', 'Unclear if investment experience includes deep tech or climate materials fundraising', 'No indication of network in SAP industry or relevant customer segments']"
startup_006,MENTOR_006,0.48,0.65,"The mentor has strong cleantech commercial development and sustainability strategy experience relevant to objective 1 (roadmap/fundraising/early sales) and can provide some guidance on objective 2 (hiring challenges in specialized technical roles). However, the mentor's profile lacks specific expertise in polymer chemistry, materials science hiring networks, or technical R&D acceleration needed to directly address the startup's most critical challenges around specialized US-based technical talent recruitment and technology direction clarification.","[{'from': 'startup', 'quote': 'Securing the right hires will be difficult, as much of the technical expertise is concentrated in the US'}, {'from': 'mentor', 'quote': 'Cleantech Commercial Development'}]","[{'objective': 1, 'alignment': 0.65, 'why': 'Cleantech commercial development and ESG strategy directly support roadmap updates and early sales strategy'}, {'objective': 2, 'alignment': 0.35, 'why': 'Global experience may help with hiring strategy, but lacks specific materials science or polymer chemistry networks'}, {'objective': 3, 'alignment': 0.0, 'why': 'No objective provided'}]","[""Mentor's specific experience with materials science or polymer chemistry companies"", ""Mentor's network connections in specialized technical hiring for biobased materials"", ""Mentor's experience with technology acceleration in early-stage materials R&D""]"
startup_006,MENTOR_007,0.68,0.72,"The mentor has strong credentials in materials science, startup scaling, and investment that align well with objectives 1 and 2. Their experience co-founding and scaling Kurion to a $350M acquisition provides relevant expertise for fundraising roadmap updates and strategic planning. However, their background in nuclear waste management and aerospace applications is tangential to biobased SAPs, and there's limited evidence of direct expertise in hiring for biotech/chemical engineering roles or navigating early commercial adoption in consumer/agricultural markets.","[{'from': 'mentor', 'quote': 'Co-founder & CTO of Kurion; Fukushima deployment; acquired by Veolia for $350M'}, {'from': 'startup', 'quote': 'Update the roadmap, strategic goals, and hiring plan to support an increased fundraising round'}]","[{'objective': 1, 'alignment': 0.75, 'why': 'Scaling experience and investment expertise directly relevant to fundraising roadmap and strategic planning'}, {'objective': 2, 'alignment': 0.58, 'why': 'Materials science PhD and CTO experience helpful for technical hiring, though not specific to biobased polymers'}, {'objective': 3, 'alignment': 0.0, 'why': 'No objective provided'}]","['No specific experience mentioned in biobased materials or sustainable chemistry', ""Limited detail on mentor's hiring/recruitment methodologies for specialized technical roles"", 'No evidence of experience with early commercial adoption challenges in B2B chemical/materials markets']"
startup_006,MENTOR_008,0.58,0.72,"The mentor's 27 years as McKinsey Senior Partner with sustainability and industrial focus provides credible strategic planning and fundraising guidance for Objective 1. However, there is limited evidence of direct expertise in specialized technical hiring (Objective 2) or deep materials science knowledge needed to accelerate technology direction. The mentor's consulting background offers general value but lacks specific linkage to the startup's technical talent acquisition and R&D acceleration challenges.","[{'from': 'mentor', 'quote': '27 years McKinsey Senior Partner; sustainability & industrial focus; advises European green tech investors'}, {'from': 'startup', 'quote': 'Update the roadmap, strategic goals, and hiring plan to support an increased fundraising round and potential early sales'}]","[{'objective': 1, 'alignment': 0.75, 'why': 'Strong strategic planning and fundraising expertise from McKinsey and green tech investor advisory experience'}, {'objective': 2, 'alignment': 0.42, 'why': 'General consulting experience but no specific evidence of technical hiring or US talent market expertise'}, {'objective': 3, 'alignment': 0.0, 'why': 'No objective provided'}]","['No third objective specified', 'Mentor bio and profile interview are empty, limiting assessment of specific relevant experience', ""No evidence of mentor's experience with technical talent acquisition or materials science R&D""]"
startup_006,MENTOR_009,0.42,0.65,"The mentor has relevant experience in startup scaling and managing deep-tech programs, which could help with roadmap updates and strategic planning (Objective 1). However, their technical expertise (semiconductors, silicon carbide) does not align with biobased polymers, limiting their ability to address hiring challenges for specialized technical roles or technology direction issues. The mentor's program management background offers moderate value for strategic planning but insufficient depth for the startup's specific technical hiring and commercial adoption challenges.","[{'from': 'mentor', 'quote': 'Manages deep-tech startup programs at CEA-Liten'}, {'from': 'mentor', 'quote': 'Startup Scaling; Strategic IP Management'}]","[{'objective': 1, 'alignment': 0.55, 'why': 'Deep-tech program management experience relevant to roadmap and strategic planning'}, {'objective': 2, 'alignment': 0.25, 'why': 'No demonstrated expertise in biopolymer technical hiring or US talent markets'}, {'objective': 3, 'alignment': 0.0, 'why': 'Objective not specified by startup'}]","[""Mentor's specific experience with fundraising strategy and round sizing"", ""Mentor's network or experience in biobased materials or chemical industry"", ""Mentor's track record helping startups with early commercial adoption challenges"", ""Details on mentor's approach to helping startups navigate technical hiring challenges""]"
startup_006,MENTOR_010,0.42,0.55,"The mentor has relevant experience in startup scaling and investment that could help with fundraising strategy and roadmap updates (Objective 1). However, there is insufficient evidence of expertise in specialized technical hiring for materials science/chemistry or navigating early commercial adoption in the cleantech/materials sector. The mentor's tech focus (data centers, infrastructure, applied AI) does not align with biobased polymer technology.","[{'from': 'mentor', 'quote': 'Serial entrepreneur; sold ROOT in 2019; founded family office OMC Capital'}, {'from': 'mentor', 'quote': 'Startup Scaling; Investment'}]","[{'objective': 1, 'alignment': 0.65, 'why': 'Investment and scaling experience relevant to fundraising roadmap'}, {'objective': 2, 'alignment': 0.25, 'why': 'No evidence of specialized technical hiring expertise in materials/chemistry'}, {'objective': 3, 'alignment': 0.35, 'why': 'General scaling experience but no specific cleantech commercialization expertise shown'}]","['No evidence of materials science or chemistry sector experience', 'No evidence of technical hiring expertise for specialized roles', 'No evidence of early-stage cleantech commercialization experience', 'Mentor bio is empty, limiting assessment of relevant experience']"
startup_006,MENTOR_011,0.42,0.65,"The mentor's 25+ years in capital markets and climate finance expertise provide moderate relevance to the fundraising roadmap update (objective 1), but limited direct help with specialized technical hiring challenges or accelerating technology direction. The mentor's investment and policy background does not address the core technical staffing bottleneck or early commercial adoption barriers that dominate the CEO's current challenges.","[{'from': 'startup', 'quote': 'Securing the right hires will be difficult, as much of the technical expertise is concentrated in the US'}, {'from': 'mentor', 'quote': '25+ years Canadian capital markets; B20 taskforce member; speaker at COP28; climate finance advisor'}]","[{'objective': 1, 'alignment': 0.65, 'why': 'Capital markets experience relevant to fundraising roadmap and strategic goals'}, {'objective': 2, 'alignment': 0.25, 'why': 'No evident expertise in technical hiring or specialized staff recruitment'}, {'objective': 3, 'alignment': 0.0, 'why': 'Objective 3 is blank; no alignment possible'}]","['Objective 3 is empty', 'Mentor bio is empty, limiting assessment of specific relevant experience', ""No detail on mentor's network for technical hiring or commercial partnerships in materials/chemicals sector""]"
startup_006,MENTOR_012,0.48,0.65,"The mentor has strong fundraising expertise relevant to objective 1 (updating roadmap for increased fundraising round), but lacks demonstrated technical hiring experience or deep materials/chemistry domain knowledge critical for objective 2 (specialized staff recruitment in SAPs). The mentor's B2B sales and policy influence may offer some indirect help with early commercial adoption challenges, but there is no direct evidence of expertise in navigating early-stage technology customer validation or ton-scale manufacturing partnerships.","[{'from': 'mentor', 'quote': '20+ years public-private funding expertise'}, {'from': 'startup', 'quote': 'Securing the right hires will be difficult, as much of the technical expertise is concentrated in the US'}]","[{'objective': 1, 'alignment': 0.72, 'why': 'Strong fundraising expertise directly supports roadmap and increased round planning'}, {'objective': 2, 'alignment': 0.28, 'why': 'No evidence of technical hiring or US talent recruitment expertise for specialized SAP roles'}, {'objective': 3, 'alignment': 0.45, 'why': 'B2B sales experience may help with commercial adoption, but lacks materials/manufacturing domain specificity'}]","['No evidence of technical hiring or talent recruitment expertise', 'No demonstrated experience in materials science, chemistry, or SAP technology domain', 'Unclear if mentor has experience with early-stage technology commercialization or ton-scale manufacturing partnerships']"
startup_006,MENTOR_013,0.42,0.65,"The mentor has relevant operational expertise (Project Management, Board Governance) that could help with roadmap updates and strategic planning for fundraising. However, their domain expertise in entomology and crop protection shows limited direct alignment with polymer chemistry and materials science challenges. The mentor's agricultural background provides some context for soil enhancer applications but does not address the core technical hiring needs or early commercial adoption barriers in the SAP industry.","[{'from': 'startup', 'quote': 'Securing the right hires will be difficult, as much of the technical expertise is concentrated in the US'}, {'from': 'mentor', 'quote': 'Board Governance; Investment; Project Management'}]","[{'objective': 1, 'alignment': 0.55, 'why': 'Project Management and Investment experience relevant to roadmap and fundraising planning'}, {'objective': 2, 'alignment': 0.35, 'why': 'Limited ability to help recruit specialized polymer chemistry talent or access US-based technical networks'}, {'objective': 3, 'alignment': 0.0, 'why': 'No objective provided'}]","[""Mentor's specific experience with fundraising rounds and scale"", ""Mentor's network connections in polymer chemistry or materials science"", ""Details on mentor's project management experience in deep-tech or materials startups""]"
startup_006,MENTOR_014,0.42,0.55,"Mentor has relevant scaling and fundraising experience from Infarm that could help with roadmap updates and fundraising strategy (Objective 1). However, their brand/communications background and agri-tech focus provide limited direct help with specialized technical hiring challenges or accelerating technology direction, which are the startup's most critical current needs.","[{'from': 'startup', 'quote': 'Securing the right hires will be difficult, as much of the technical expertise is concentrated in the US'}, {'from': 'mentor', 'quote': 'Startup Scaling; Investment'}]","[{'objective': 1, 'alignment': 0.65, 'why': 'Scaling and investment experience relevant to roadmap and fundraising strategy'}, {'objective': 2, 'alignment': 0.3, 'why': 'Limited evidence of technical hiring expertise or US talent network'}, {'objective': 3, 'alignment': 0.35, 'why': 'Brand/communications background less relevant to technology acceleration needs'}]","[""Mentor's specific experience with technical hiring or building specialized teams"", ""Mentor's involvement in technology strategy decisions at Infarm"", ""Details on mentor's network in polymer chemistry or materials science""]"
startup_006,MENTOR_015,0.28,0.72,"The mentor's expertise in strategic IP management and patent law offers limited direct help with the startup's current priorities: updating roadmap/hiring plans for fundraising, completing specialized technical hiring, and accelerating technology direction. While IP strategy may become relevant as the startup scales, it does not address the immediate challenges of recruiting US-based technical talent, securing early commercial adoption, or clarifying technology direction. Insufficient info on mentor's experience with fundraising strategy, hiring, or commercialization.","[{'from': 'startup', 'quote': 'Securing the right hires will be difficult, as much of the technical expertise is concentrated in the US'}, {'from': 'mentor', 'quote': 'Strategic IP Management; Law'}]","[{'objective': 1, 'alignment': 0.25, 'why': 'IP strategy tangentially relevant to fundraising roadmap but not core need'}, {'objective': 2, 'alignment': 0.15, 'why': 'No evidence of hiring expertise or US technical talent networks'}, {'objective': 3, 'alignment': 0.45, 'why': ""IP protection could support competitive positioning but doesn't clarify technology direction""}]","['No evidence of fundraising strategy expertise', 'No evidence of hiring or talent recruitment experience', 'No evidence of commercialization or early customer adoption expertise', 'No evidence of technical expertise in polymer chemistry or materials science', 'Minimal mentor bio/profile information provided']"
startup_006,MENTOR_016,0.42,0.65,"Mentor has strong fundraising and scaling expertise relevant to objective 1 (roadmap/fundraising strategy), but lacks demonstrated materials science or chemical manufacturing expertise critical for objectives 2-3 (specialized hiring, technology direction). Climate tech investment experience provides some domain context but insufficient technical depth for current challenges.","[{'from': 'startup', 'quote': 'Securing the right hires will be difficult, as much of the technical expertise is concentrated in the US'}, {'from': 'mentor', 'quote': '70+ climate tech investments'}]","[{'objective': 1, 'alignment': 0.75, 'why': 'Strong fundraising and scaling experience directly applicable to roadmap and fundraising strategy'}, {'objective': 2, 'alignment': 0.35, 'why': 'Limited evidence of expertise in recruiting specialized materials science or chemical engineering talent'}, {'objective': 3, 'alignment': 0.15, 'why': 'No demonstrated expertise in SAP technology, polymer chemistry, or materials science R&D direction'}]","['No evidence of materials science or chemical manufacturing expertise', 'No specific experience with hardware/deeptech hiring challenges', 'Unclear if climate tech investments include materials/chemicals sector']"
startup_006,MENTOR_017,0.28,0.7,"The mentor's expertise in sustainability strategy and ESG provides general domain alignment with A&B Smart Materials' biobased products, but offers limited direct help with the startup's current critical needs: updating roadmap/hiring plans for fundraising, recruiting specialized technical staff (especially US-based polymer experts), and accelerating technology direction. The mentor's corporate innovation background may offer some value for strategic planning, but lacks the specific technical polymer expertise or early-stage hiring/fundraising experience the startup urgently requires.","[{'from': 'startup', 'quote': 'Securing the right hires will be difficult, as much of the technical expertise is concentrated in the US'}, {'from': 'mentor', 'quote': 'Global ESG leader; CSRD & ESRS expert; AI-driven sustainability transformation'}]","[{'objective': 1, 'alignment': 0.35, 'why': 'Corporate innovation experience may help with strategic roadmap, but no direct fundraising or early-stage scaling expertise evident'}, {'objective': 2, 'alignment': 0.15, 'why': 'No evidence of technical hiring expertise or connections to specialized polymer/materials science talent pools'}, {'objective': 3, 'alignment': 0.0, 'why': 'Objective not specified by startup'}]","[""Mentor's experience with early-stage fundraising and investor relations unclear"", 'No evidence of technical hiring networks or recruitment expertise', 'Unclear if mentor has connections to polymer chemistry or materials science experts', ""No information on mentor's experience with technology roadmap development for deep-tech startups""]"
startup_006,MENTOR_018,0.58,0.65,"The mentor has strong operational and scaling expertise relevant to objective 1 (roadmap/strategic goals for fundraising and early sales) and some relevance to objective 2 (hiring plan). However, the mentor lacks demonstrated deep technical expertise in materials science or chemistry needed to address the startup's critical challenge of accessing specialized US-based technical knowledge and accelerating technology direction. The agritech tag provides domain context but insufficient evidence of hands-on technical guidance capability.","[{'from': 'mentor', 'quote': '35+ years executive leadership; scaled fintech, agritech & deep tech startups'}, {'from': 'startup', 'quote': 'Securing the right hires will be difficult, as much of the technical expertise is concentrated in the US'}]","[{'objective': 1, 'alignment': 0.75, 'why': 'Strong operations and GTM strategy experience directly supports roadmap updates and early sales planning'}, {'objective': 2, 'alignment': 0.55, 'why': 'Scaling experience helps with hiring strategy, but lacks specific technical recruiting expertise for specialized materials roles'}, {'objective': 3, 'alignment': 0.45, 'why': 'Deep tech experience provides general context, but no evidence of materials science or polymer chemistry expertise to accelerate technology direction'}]","['No evidence of technical expertise in materials science, polymer chemistry, or SAP technology', 'No specific examples of helping startups access US-based technical talent or navigate international hiring', ""Limited detail on mentor's agritech experience depth (soil enhancement application relevance unclear)""]"
startup_006,MENTOR_019,0.48,0.55,"The mentor has relevant expertise in fundraising and startup scaling that could help with Objective 1 (roadmap/fundraising/sales planning). However, there is insufficient evidence of specialized technical hiring expertise or deep materials/chemistry domain knowledge needed for Objective 2 (recruiting highly specialized technical staff in SAPs/polymers). The mentor's sustainability and sales optimization background provides moderate but not exceptional alignment with the startup's current critical needs around technical talent acquisition and early commercial adoption challenges.","[{'from': 'mentor', 'quote': 'Advises startups on sustainable growth, sales optimization, and investor readiness'}, {'from': 'startup', 'quote': 'Securing the right hires will be difficult, as much of the technical expertise is concentrated in the US'}]","[{'objective': 1, 'alignment': 0.65, 'why': 'Fundraising and strategic planning expertise directly relevant'}, {'objective': 2, 'alignment': 0.25, 'why': 'No evidence of specialized technical hiring or polymer chemistry recruiting expertise'}, {'objective': 3, 'alignment': 0.0, 'why': 'No third objective provided'}]","[""Mentor's specific experience with technical/scientific hiring in materials science or chemistry"", ""Mentor's track record helping startups access specialized US-based technical talent"", ""Mentor's experience with early-stage B2B sales in materials/chemicals sector"", ""Details on mentor's approach to technology roadmap development for deep tech""]"
startup_006,MENTOR_020,0.42,0.65,"The mentor has deep-tech investment experience and board governance expertise that could help with fundraising strategy and roadmap updates (Objective 1). However, there is no evidence of specific expertise in hiring/recruitment (Objective 2), materials science talent networks, or SAP technology direction (Objective 3). The mentor's climate tech background provides general domain alignment but lacks actionable linkage to the startup's specific technical challenges around biobased polymers and early commercial adoption.","[{'from': 'mentor', 'quote': 'Deep-tech investor; former Swedish Technical Attaché; ex-Gartner VP'}, {'from': 'startup', 'quote': 'Update the roadmap, strategic goals, and hiring plan to support an increased fundraising round'}]","[{'objective': 1, 'alignment': 0.65, 'why': 'Investment and board governance expertise relevant to fundraising strategy and roadmap planning'}, {'objective': 2, 'alignment': 0.25, 'why': 'No evidence of recruitment expertise or materials science talent networks'}, {'objective': 3, 'alignment': 0.35, 'why': 'General deep-tech experience but no specific SAP or materials technology expertise shown'}]","['No evidence of hiring/recruitment expertise for specialized technical roles', 'No specific experience with materials science, polymers, or chemical engineering talent', 'No demonstrated experience with early-stage commercial adoption challenges in materials/chemicals sector']"
startup_006,MENTOR_021,0.42,0.65,"The mentor has strong corporate innovation and sustainability strategy experience that could help with strategic roadmap updates and potentially navigating early commercial adoption challenges. However, there is insufficient evidence of direct expertise in hiring specialized technical talent, fundraising strategy, or the specific technical domain (biobased polymers/materials science) that the startup urgently needs.","[{'from': 'mentor', 'quote': '20+ years energy & utilities consulting'}, {'from': 'mentor', 'quote': 'Corporate Innovation'}]","[{'objective': 1, 'alignment': 0.55, 'why': 'Corporate innovation and sustainability strategy experience relevant to roadmap and strategic goals, but no fundraising expertise evident'}, {'objective': 2, 'alignment': 0.25, 'why': 'No evidence of hiring expertise or technical recruiting in specialized materials/chemistry domains'}, {'objective': 3, 'alignment': 0.0, 'why': 'No third objective provided'}]","['No evidence of fundraising or investor relations expertise', 'No evidence of technical hiring or talent acquisition experience', 'No evidence of materials science, chemistry, or polymer technology expertise', 'Mentor bio is empty, limiting assessment of relevant experience', 'Unclear if mentor has experience with early-stage technology commercialization or customer adoption challenges']"
startup_006,MENTOR_022,0.42,0.55,"The mentor has entrepreneurship/innovation leadership experience and energy sector background that provides some general strategic guidance capability. However, there is insufficient evidence of specific expertise in fundraising strategy, specialized technical hiring in materials science/chemistry, or navigating early commercial adoption in the SAP/materials industry. The policy expertise appears tangential to current needs.","[{'from': 'mentor', 'quote': 'Director of Entrepreneurship & Innovation at École Polytechnique'}, {'from': 'startup', 'quote': 'Securing the right hires will be difficult, as much of the technical expertise is concentrated in the US'}]","[{'objective': 1, 'alignment': 0.45, 'why': 'Entrepreneurship leadership suggests strategic planning capability, but no fundraising-specific evidence'}, {'objective': 2, 'alignment': 0.35, 'why': 'Innovation director role implies hiring experience, but no evidence of materials science recruitment expertise'}, {'objective': 3, 'alignment': 0.0, 'why': 'No objective provided'}]","['No evidence of fundraising strategy expertise for scaling rounds', 'No evidence of technical hiring experience in materials science/chemistry', 'No evidence of commercial adoption strategy in materials/chemicals industry', 'Limited mentor bio and profile details to assess depth of relevant experience']"
startup_006,MENTOR_023,0.28,0.72,"The mentor has strong finance and fundraising expertise relevant to objective 1 (roadmap/fundraising), but lacks demonstrated experience in technical hiring, materials science talent acquisition, or early-stage B2B sales in deep-tech/chemicals sectors. No evidence of expertise addressing the startup's critical challenges: recruiting specialized US-based technical talent or navigating early commercial adoption with industrial partners.","[{'from': 'mentor', 'quote': '35 years global finance leadership; former Amundi Global Head of Sales'}, {'from': 'startup', 'quote': 'Securing the right hires will be difficult, as much of the technical expertise is concentrated in the US'}]","[{'objective': 1, 'alignment': 0.55, 'why': 'Finance leadership relevant to fundraising strategy, but no materials/biotech sector context'}, {'objective': 2, 'alignment': 0.15, 'why': 'No evidence of technical hiring expertise or US talent acquisition experience'}, {'objective': 3, 'alignment': 0.0, 'why': 'Objective not provided'}]","['No evidence of mentor experience in technical/scientific hiring or talent strategy', 'No demonstrated experience in materials science, chemicals, or biotech sectors', 'No evidence of helping startups navigate early B2B sales with industrial customers', 'Unclear if mentor has experience with deep-tech scale-up challenges']"
startup_006,MENTOR_024,0.12,0.85,"Insufficient info to assess fit. The mentor profile provides only academic status (PhD Candidate) and CDL fellowship details, with no information about domain expertise, operational experience, fundraising knowledge, hiring capabilities, or relevant industry connections that would address the startup's current objectives around roadmap planning, specialized hiring, and early commercial adoption.","[{'from': 'mentor', 'quote': 'PhD Candidate'}, {'from': 'startup', 'quote': 'Securing the right hires will be difficult, as much of the technical expertise is concentrated in the US'}]","[{'objective': 1, 'alignment': 0.1, 'why': 'No evidence of strategic planning or fundraising expertise'}, {'objective': 2, 'alignment': 0.15, 'why': 'No demonstrated hiring or recruitment experience shown'}, {'objective': 3, 'alignment': 0.1, 'why': 'Objective not specified; mentor profile lacks detail'}]","[""Mentor's domain expertise and technical background"", ""Mentor's operational or commercial experience"", ""Mentor's fundraising or strategic planning experience"", ""Mentor's hiring or talent acquisition capabilities"", ""Mentor's industry network or connections to specialized technical talent""]"
startup_006,MENTOR_025,0.28,0.75,"The mentor's 30+ years of automotive leadership and joint venture management provide generic business scaling experience, but there is no direct connection to biobased materials, chemical manufacturing, fundraising strategy, or specialized technical hiring in the SAP/materials science domain. The startup's critical needs—recruiting US-based technical experts in polymer chemistry, navigating early commercial adoption with chemical industry partners like Covestro, and clarifying technology direction in sustainable materials—fall outside the mentor's automotive/SDV expertise.","[{'from': 'startup', 'quote': 'Securing the right hires will be difficult, as much of the technical expertise is concentrated in the US'}, {'from': 'mentor', 'quote': '30+ years automotive leadership; GM Canada & China; SDV transformation expert'}]","[{'objective': 1, 'alignment': 0.35, 'why': 'Generic strategic planning experience, but no fundraising or materials industry context'}, {'objective': 2, 'alignment': 0.2, 'why': 'No expertise in recruiting specialized polymer chemistry or materials science talent'}, {'objective': 3, 'alignment': 0.3, 'why': 'General business scaling knowledge, but lacks domain relevance to SAP technology or chemical partnerships'}]","['No evidence of experience in chemical/materials industry or biobased products', 'No indication of fundraising expertise or early-stage technology commercialization', 'No connection to recruiting technical talent in polymer chemistry or materials science']"
startup_006,MENTOR_026,0.28,0.65,"The mentor's expertise in digital transformation, SaaS, and operations offers limited direct relevance to the startup's immediate needs: updating roadmaps for fundraising/sales, hiring specialized technical staff in biobased materials, and accelerating technology direction in sustainable polymers. While operations experience may provide generic strategic guidance, there is no evidence of expertise in materials science, chemical engineering, fundraising for deep-tech hardware, or recruiting highly specialized technical talent in the US market.","[{'from': 'startup', 'quote': 'Securing the right hires will be difficult, as much of the technical expertise is concentrated in the US'}, {'from': 'mentor', 'quote': 'Digital transformation leader; Blockchain & Circular Economy Committee President'}]","[{'objective': 1, 'alignment': 0.35, 'why': 'Operations experience may help with roadmap/strategic planning generically, but no fundraising or sales expertise evident'}, {'objective': 2, 'alignment': 0.15, 'why': 'No evidence of recruiting specialized technical staff or materials science network'}, {'objective': 3, 'alignment': 0.35, 'why': 'Circular Economy involvement suggests sustainability interest, but no technical expertise in polymer chemistry or materials R&D'}]","['No evidence of materials science or chemical engineering expertise', 'No evidence of deep-tech or hardware fundraising experience', 'No evidence of technical recruiting or US talent market knowledge', 'Mentor bio is empty, limiting assessment of relevant experience']"
startup_006,MENTOR_027,0.28,0.75,"The mentor's expertise in robotics, industrial automation, and M&A does not directly address the startup's immediate needs: updating roadmap/fundraising strategy, hiring specialized chemical/materials staff, or navigating early-stage biopolymer commercialization challenges. While executive experience at Siemens may offer generic strategic guidance, there is minimal credible linkage to the startup's specific technical domain (sustainable SAPs) or current operational challenges.","[{'from': 'startup', 'quote': 'Securing the right hires will be difficult, as much of the technical expertise is concentrated in the US'}, {'from': 'mentor', 'quote': 'Robotics; Industrial Automation; Space Tech'}]","[{'objective': 1, 'alignment': 0.35, 'why': 'Executive experience may help with strategic planning, but no direct fundraising or materials industry expertise'}, {'objective': 2, 'alignment': 0.15, 'why': 'No evidence of expertise in recruiting chemical/materials scientists or navigating US talent markets'}, {'objective': 3, 'alignment': 0.0, 'why': 'Objective not provided'}]","[""Mentor's bio and profile interview are empty, limiting assessment of relevant experience"", 'No evidence of materials science, chemical engineering, or sustainable technology expertise', 'No indication of experience with early-stage deep tech commercialization or customer adoption challenges in materials sector']"
startup_006,MENTOR_028,0.48,0.55,"The mentor has investment and consulting expertise relevant to fundraising roadmap updates and strategic planning (Objective 1), but lacks demonstrated expertise in specialized technical hiring for biobased materials or navigating early commercial adoption challenges in the SAP/materials sector. Insufficient detail on mentor's operational experience with hiring strategies or customer development in deep tech materials limits confidence in addressing Objectives 2 and the CEO's most pressing challenges.","[{'from': 'mentor', 'quote': 'DeepTech & climate venturing leader'}, {'from': 'startup', 'quote': 'Securing the right hires will be difficult, as much of the technical expertise is concentrated in the US'}]","[{'objective': 1, 'alignment': 0.65, 'why': 'Investment and venturing experience supports fundraising roadmap and strategic planning'}, {'objective': 2, 'alignment': 0.35, 'why': 'No evidence of specialized technical hiring expertise for materials science roles'}, {'objective': 3, 'alignment': 0.45, 'why': 'Climate tech background provides context but lacks specific SAP commercialization experience'}]","[""No evidence of mentor's experience with technical hiring strategies or talent acquisition"", ""No detail on mentor's experience navigating early commercial adoption in materials/chemicals sector"", 'Unclear if mentor has operational experience with technology roadmap acceleration in biotech/materials']"
startup_006,MENTOR_029,0.12,0.85,"The mentor's expertise in autonomous systems, safety assurance, and government advisory work shows no credible linkage to the startup's immediate needs: updating roadmap/fundraising strategy, hiring specialized materials science talent (particularly US-based experts), and securing early commercial adoption for biobased SAPs. The mentor cannot meaningfully help with materials chemistry hiring, customer adoption in the absorbent polymers market, or technology direction for biodegradable materials.","[{'from': 'startup', 'quote': 'Securing the right hires will be difficult, as much of the technical expertise is concentrated in the US'}, {'from': 'mentor', 'quote': 'Autonomous Systems; Safety Assurance; EV; Mobility'}]","[{'objective': 1, 'alignment': 0.15, 'why': 'No fundraising or strategic planning expertise evident for materials/chemistry sector'}, {'objective': 2, 'alignment': 0.05, 'why': 'No materials science or chemistry hiring networks; expertise is in autonomy/AI'}, {'objective': 3, 'alignment': 0.0, 'why': 'Objective not provided'}]","['Objective 3 is empty', ""Mentor bio states 'Extensive academic and advisory bio' but provides no actual content"", 'mentor_profile_int is empty']"
startup_006,MENTOR_030,0.28,0.75,"The mentor's expertise in M&A, investment, and corporate restructuring offers generic value for fundraising strategy, but lacks direct relevance to the startup's core technical challenges (specialized hiring in biobased materials, early commercial adoption in chemical/materials sector, and technology direction acceleration). The mentor's background in fintech and data security does not align with sustainable materials or chemical manufacturing.","[{'from': 'startup', 'quote': 'Securing the right hires will be difficult, as much of the technical expertise is concentrated in the US'}, {'from': 'mentor', 'quote': 'Former Lazard & Goldman Sachs banker; ex-Citadel; Natixis executive'}]","[{'objective': 1, 'alignment': 0.45, 'why': 'Investment banking experience may help with fundraising roadmap but not materials-specific strategy'}, {'objective': 2, 'alignment': 0.15, 'why': 'No evidence of expertise in technical hiring for chemical/materials science roles'}, {'objective': 3, 'alignment': 0.25, 'why': 'M&A experience could inform partnerships but lacks domain knowledge for early commercial adoption in materials sector'}]","['No evidence of materials science, chemical manufacturing, or cleantech sector experience', 'No indication of expertise in technical talent recruitment for specialized scientific roles', 'No demonstrated experience with early-stage technology commercialization in physical products']"
startup_006,MENTOR_031,0.28,0.65,"The mentor's digital marketing and data-driven marketing expertise offers limited direct help with the startup's primary objectives around fundraising roadmap updates, specialized technical hiring in materials science, and technology direction acceleration. While marketing skills could tangentially support early commercial adoption efforts, the mentor lacks the technical domain knowledge (materials science, SAPs, chemical engineering) and specialized hiring/fundraising expertise needed for the startup's most critical current challenges.","[{'from': 'startup', 'quote': 'Securing the right hires will be difficult, as much of the technical expertise is concentrated in the US'}, {'from': 'mentor', 'quote': '24+ years digital marketing; connected medical solutions specialist'}]","[{'objective': 1, 'alignment': 0.25, 'why': 'Marketing experience not directly relevant to fundraising roadmap or strategic planning for materials tech'}, {'objective': 2, 'alignment': 0.15, 'why': 'No evidence of technical hiring expertise or materials science recruitment experience'}, {'objective': 3, 'alignment': 0.45, 'why': 'Marketing and commercial communications could support customer engagement for early adoption challenges'}]","['No evidence of materials science or chemical engineering expertise', 'No indication of fundraising or strategic planning experience for deep-tech startups', 'No demonstrated experience in technical talent recruitment or hiring strategy']"
startup_006,MENTOR_032,0.58,0.65,"The mentor has strong fundraising expertise (raised £2bn+) and startup scaling experience that directly supports objective 1 (roadmap/strategic goals for increased fundraising). However, the mentor's profile lacks evidence of specialized technical hiring expertise or materials science/chemical industry knowledge needed for objective 2 and addressing the technical talent acquisition challenges. The mentor's operational tags suggest board-level strategic guidance rather than hands-on hiring or technical commercialization support.","[{'from': 'mentor', 'quote': 'Raised £2bn+; founder of Torvius; serial entrepreneur'}, {'from': 'startup', 'quote': 'Update the roadmap, strategic goals, and hiring plan to support an increased fundraising round'}]","[{'objective': 1, 'alignment': 0.75, 'why': 'Strong fundraising track record and startup scaling experience directly relevant to roadmap and fundraising strategy'}, {'objective': 2, 'alignment': 0.45, 'why': 'General startup scaling experience but no specific evidence of technical hiring expertise or materials science recruitment'}, {'objective': 3, 'alignment': 0.55, 'why': 'Investment and scaling expertise may help with commercial adoption strategy, but lacks specific materials/chemical industry commercialization experience'}]","['No evidence of technical hiring expertise or recruitment experience in specialized fields', 'No indication of materials science, chemical industry, or SAP technology knowledge', 'Unclear if mentor has experience with early-stage B2B technology commercialization in industrial sectors']"
startup_006,MENTOR_033,0.68,0.72,"The mentor has strong strategic and fundraising expertise (ex-McKinsey Partner, former Global Head of Analysis at BNEF) that directly supports Objective 1 (roadmap/fundraising/sales planning). Their clean tech and materials sector experience provides relevant domain context for SAPs. However, there is limited evidence of direct hiring/recruitment expertise for Objective 2, and no clear indication of technical depth in polymer chemistry or manufacturing scale-up to address the technology acceleration challenge.","[{'from': 'mentor', 'quote': 'Former Global Head of Analysis at BNEF; ex-McKinsey Partner'}, {'from': 'startup', 'quote': 'Update the roadmap, strategic goals, and hiring plan to support an increased fundraising round and potential early sales'}]","[{'objective': 1, 'alignment': 0.82, 'why': 'Strong strategic planning and fundraising expertise from McKinsey and BNEF roles'}, {'objective': 2, 'alignment': 0.45, 'why': 'No explicit hiring/recruitment expertise mentioned; generic advisory experience only'}, {'objective': 3, 'alignment': 0.55, 'why': 'Materials and clean tech tags suggest sector familiarity but lack specific technical depth for polymer technology acceleration'}]","['No evidence of hiring/talent acquisition expertise for specialized technical roles', 'Unclear if mentor has hands-on experience with early-stage technology commercialization or customer adoption challenges', 'No indication of specific polymer chemistry or manufacturing scale-up knowledge']"
startup_006,MENTOR_034,0.58,0.65,"The mentor has materials science expertise and VC experience relevant to fundraising strategy and technical roadmapping. However, their background in DAC chemistry and carbon removal may not directly address the startup's specific challenges in SAP commercialization, US-based technical hiring, or navigating early customer adoption in the absorbent materials industry.","[{'from': 'startup', 'quote': 'Update the roadmap, strategic goals, and hiring plan to support an increased fundraising round'}, {'from': 'mentor', 'quote': 'Head of Science at CDR-focused VC; former Climeworks DAC chemist; PhD EPFL'}]","[{'objective': 1, 'alignment': 0.7, 'why': 'VC experience aids fundraising strategy and roadmap development'}, {'objective': 2, 'alignment': 0.45, 'why': 'Materials science background helps but lacks specific hiring/recruitment expertise'}, {'objective': 3, 'alignment': 0.6, 'why': 'Technical PhD and industry experience support technology direction clarification'}]","['No evidence of experience with commercial adoption challenges in materials/chemicals', 'No indication of US hiring networks or talent acquisition expertise', 'Unclear if mentor has experience with absorbent polymers or agricultural applications']"
startup_007,MENTOR_001,0.42,0.7,"The mentor has strong renewables and transaction experience that could provide general guidance on fundraising strategy and investor engagement (Objective 1), but lacks direct expertise in electrolyzer manufacturing partnerships, component sourcing, or facility planning (Objectives 2 and 3). The legal and policy background offers limited actionable help for the startup's immediate technical and operational needs.","[{'from': 'mentor', 'quote': 'Global Head of Transactions at Lightsource bp'}, {'from': 'startup', 'quote': 'Identify component manufacturing partners and secure quotations by mid-February'}]","[{'objective': 1, 'alignment': 0.65, 'why': 'Transaction experience relevant to fundraising and investor negotiations'}, {'objective': 2, 'alignment': 0.3, 'why': 'No evident expertise in electrolyzer component sourcing or manufacturing partnerships'}, {'objective': 3, 'alignment': 0.25, 'why': 'No clear background in facility planning or equipment specification for hardware prototypes'}]","[""Mentor's specific transaction types and deal structures unclear"", ""No information on mentor's hands-on experience with hardware or manufacturing operations"", ""Mentor's network in hydrogen or electrolyzer supply chain not described""]"
startup_007,MENTOR_002,0.48,0.72,"Mentor has strong industrial operations and sustainability credentials relevant to green hydrogen, but lacks direct evidence of fundraising expertise for climate-tech or component sourcing for electrolyzer manufacturing. The industrial transformation and operations management background provides moderate value for facility planning (objective 3) and potentially for navigating industrial prototype development, but limited direct alignment with the urgent fundraising need (objective 1) or specific component manufacturing partnerships (objective 2).","[{'from': 'mentor', 'quote': 'Industrial Transformation; Energy; Oil & Gas; Sustainable Construction'}, {'from': 'mentor', 'quote': 'Operations Management; Sustainability Strategy'}]","[{'objective': 1, 'alignment': 0.35, 'why': 'No explicit fundraising or investor relations expertise shown; sustainability focus may help positioning but insufficient for lead role'}, {'objective': 2, 'alignment': 0.52, 'why': 'Operations management and industrial experience relevant but no specific electrolyzer or hydrogen component manufacturing network evident'}, {'objective': 3, 'alignment': 0.58, 'why': 'Industrial transformation and operations management directly applicable to facility planning and industrial prototype setup'}]","['No evidence of fundraising or investor network expertise for objective 1', 'No specific hydrogen/electrolyzer component manufacturing connections for objective 2', 'Unclear if mentor has hands-on experience with prototype facility setup at this scale']"
startup_007,MENTOR_003,0.68,0.72,"Mentor has strong investment and business development expertise relevant to Objective 1 (securing €1M commitments), and 20+ years in sustainable innovation with industrial technology experience applicable to facility planning (Objective 3). However, limited evidence of direct expertise in component manufacturing partnerships or electrolyzer-specific supply chain (Objective 2), which is a critical current need.","[{'from': 'mentor', 'quote': '20+ years developing sustainable innovation; sold 100+ employee startup to Screen Japan'}, {'from': 'mentor', 'quote': 'Business Development; Investment; Strategic Partnerships'}]","[{'objective': 1, 'alignment': 0.82, 'why': 'Investment expertise and strategic partnerships directly support fundraising closure'}, {'objective': 2, 'alignment': 0.48, 'why': 'Industrial technology background provides context but no specific component sourcing evidence'}, {'objective': 3, 'alignment': 0.75, 'why': 'Experience scaling 100+ employee startup suggests facility planning and industrial buildout knowledge'}]","['No explicit evidence of hydrogen/electrolyzer component supply chain expertise', 'Unclear if mentor has hands-on experience with industrial prototype development or manufacturing partner identification']"
startup_007,MENTOR_004,0.68,0.72,"The mentor has strong climate tech and energy transition expertise with a financial services background spanning venture capital and investment banking, directly relevant to Objective 1 (securing €1M commitments). Their role at BRITE Energy Innovators suggests network access to energy sector investors and partners. However, there is no explicit evidence of expertise in manufacturing partnerships (Objective 2) or facility planning (Objective 3), limiting the score.","[{'from': 'mentor', 'quote': 'Financial services executive; venture capital, hedge funds, investment banking'}, {'from': 'mentor', 'quote': 'Partnerships Development Director at BRITE Energy Innovators'}]","[{'objective': 1, 'alignment': 0.85, 'why': 'Direct VC and investment banking experience highly relevant to fundraising'}, {'objective': 2, 'alignment': 0.5, 'why': 'Partnerships role may provide network access but no manufacturing expertise evident'}, {'objective': 3, 'alignment': 0.45, 'why': 'Startup scaling experience may help but no facility planning expertise shown'}]","['No evidence of manufacturing or supply chain expertise for component sourcing', 'No evidence of facility planning or operations experience', 'Limited detail on specific climate tech investment track record or portfolio companies']"
startup_007,MENTOR_005,0.42,0.55,"The mentor has relevant expertise in climate tech and investment operations, which aligns with the startup's fundraising objective. However, there is insufficient evidence of hands-on experience with industrial manufacturing partnerships, component sourcing, or facility planning—the two other critical current objectives. The mentor's policy and government advisory background may offer indirect value but does not directly address the immediate technical and operational needs.","[{'from': 'mentor', 'quote': 'Climate Tech'}, {'from': 'mentor', 'quote': 'Investment'}]","[{'objective': 1, 'alignment': 0.65, 'why': 'Climate tech and investment expertise relevant to fundraising'}, {'objective': 2, 'alignment': 0.25, 'why': 'No evidence of component manufacturing or supplier network experience'}, {'objective': 3, 'alignment': 0.2, 'why': 'No evidence of facility planning or industrial prototype buildout experience'}]","[""No details on mentor's specific investment network or fundraising track record"", 'No evidence of manufacturing partnerships or supply chain expertise', 'No evidence of facility planning or industrial scaling experience', 'Mentor profile lacks concrete examples of past engagements or outcomes']"
startup_007,MENTOR_006,0.42,0.65,"The mentor has relevant cleantech and renewable energy experience that provides general domain context, but lacks specific evidence of expertise in fundraising execution, industrial component sourcing, or facility planning—the three immediate objectives. ESG and sustainability strategy may help frame investor conversations but do not directly address closing €1M commitments or securing manufacturing quotations.","[{'from': 'mentor', 'quote': '20+ years global experience; ESG strategy; worked with ENGIE, Michelin, Temasek'}, {'from': 'mentor', 'quote': 'Cleantech Commercial Development'}]","[{'objective': 1, 'alignment': 0.45, 'why': 'ESG and cleantech experience may help investor framing, but no direct fundraising execution expertise shown'}, {'objective': 2, 'alignment': 0.35, 'why': 'Renewable energy systems background provides context, but no evidence of component sourcing or industrial supply chain expertise'}, {'objective': 3, 'alignment': 0.3, 'why': 'No evidence of facility planning, equipment specification, or operational setup expertise'}]","['No evidence of fundraising execution or investor closing experience', 'No evidence of industrial component sourcing or manufacturing partnerships', 'No evidence of facility planning or operational setup expertise']"
startup_007,MENTOR_007,0.73,0.82,"The mentor has strong climate-tech investment expertise and startup scaling experience highly relevant to Objective 1 (securing €1M commitments). Their materials science background and industrial scaling experience from Kurion provide credible support for Objectives 2 and 3 (component sourcing and facility planning). However, specific hydrogen electrolyzer domain expertise is not explicitly stated, limiting perfect alignment.","[{'from': 'mentor', 'quote': 'Managing Director Breakthrough Energy Ventures Europe Climate Tech Startup Scaling Investment'}, {'from': 'mentor', 'quote': 'Co-founder & CTO of Kurion Fukushima deployment acquired by Veolia for $350M PhD Materials Science'}]","[{'objective': 1, 'alignment': 0.85, 'why': 'Climate-tech investor at BEV Europe; direct fundraising expertise for climate startups'}, {'objective': 2, 'alignment': 0.68, 'why': 'Materials science PhD and industrial scaling experience; general component sourcing knowledge'}, {'objective': 3, 'alignment': 0.65, 'why': 'Scaled Kurion to acquisition; facility planning experience but not H2-specific'}]","['No explicit hydrogen or electrolyzer industry experience mentioned', 'Facility planning details from Kurion scaling not specified']"
startup_007,MENTOR_008,0.68,0.75,"The mentor's 27 years as McKinsey Senior Partner with sustainability and industrial focus, plus advisory role to European green tech investors, provides strong credibility for helping with fundraising (Objective 1) and strategic facility planning (Objective 3). However, there is no evidence of expertise in component manufacturing partnerships or electrolyzer-specific supply chain (Objective 2), which is a critical current need.","[{'from': 'mentor', 'quote': '27 years McKinsey Senior Partner; sustainability & industrial focus; advises European green tech investors'}, {'from': 'startup', 'quote': 'navigating fundraising over the past year has been a challenge. We need to complete the fundraising by March 2026'}]","[{'objective': 1, 'alignment': 0.82, 'why': 'Advises European green tech investors; deep fundraising networks and climate-tech credibility'}, {'objective': 2, 'alignment': 0.35, 'why': 'No evidence of component manufacturing or H2 supply chain expertise'}, {'objective': 3, 'alignment': 0.75, 'why': 'Industrial focus and consulting background support facility planning and operational strategy'}]","['No evidence of hands-on experience with hydrogen component suppliers or electrolyzer manufacturing partnerships', 'Unclear if mentor has direct connections to H2 equipment manufacturers for Objective 2']"
startup_007,MENTOR_009,0.28,0.65,"The mentor's deep-tech startup program management experience may offer generic guidance on fundraising and scaling, but there is no evidence of expertise in hydrogen technology, electrolyzer manufacturing partnerships, or facility planning. The technical tags (semiconductors, silicon carbide) and operational focus (IP management) do not align with the startup's immediate needs for investor commitments, component sourcing, and facility development.","[{'from': 'mentor', 'quote': 'Manages deep-tech startup programs at CEA-Liten'}, {'from': 'mentor', 'quote': 'Startup Scaling; Strategic IP Management'}]","[{'objective': 1, 'alignment': 0.35, 'why': 'Generic deep-tech startup experience; no investor network evidence'}, {'objective': 2, 'alignment': 0.15, 'why': 'No hydrogen/electrolyzer manufacturing or component sourcing expertise shown'}, {'objective': 3, 'alignment': 0.2, 'why': 'No facility planning or industrial prototype development experience indicated'}]","['No evidence of hydrogen/electrolyzer domain expertise', 'No indication of relevant manufacturing partnership networks', 'No facility planning or industrial scaling experience mentioned', 'Mentor bio is empty, limiting assessment']"
startup_007,MENTOR_010,0.48,0.65,"The mentor has clean technology investment experience and startup scaling expertise, which provides some relevance to Objective 1 (fundraising) and general scaling challenges. However, there is no evidence of specific expertise in hydrogen technology, industrial manufacturing partnerships (Objective 2), or facility planning (Objective 3). The fit is moderate for fundraising guidance but weak for the technical and operational objectives.","[{'from': 'mentor', 'quote': 'Clean Technology'}, {'from': 'mentor', 'quote': 'Serial entrepreneur; sold ROOT in 2019; founded family office OMC Capital'}]","[{'objective': 1, 'alignment': 0.65, 'why': 'Investment experience and family office background relevant to fundraising strategy'}, {'objective': 2, 'alignment': 0.35, 'why': 'No evidence of manufacturing partnerships or hydrogen component supply chain expertise'}, {'objective': 3, 'alignment': 0.25, 'why': 'No evidence of facility planning or industrial prototype development experience'}]","['No specific hydrogen or electrolyzer industry experience mentioned', 'No evidence of manufacturing partnership development expertise', 'No facility planning or industrial operations background provided', 'Limited detail on clean technology investment focus areas']"
startup_007,MENTOR_011,0.68,0.75,"The mentor has strong climate finance and capital markets expertise directly relevant to Objective 1 (securing €1M in commitments). Their 25+ years in Canadian capital markets and climate finance advisory experience align well with the startup's fundraising challenge. However, there is no evidence of expertise in manufacturing partnerships (Objective 2) or facility planning (Objective 3), limiting the overall fit.","[{'from': 'startup', 'quote': 'navigating fundraising over the past year has been a challenge. We need to complete the fundraising by March 2026'}, {'from': 'mentor', 'quote': '25+ years Canadian capital markets; climate finance advisor'}]","[{'objective': 1, 'alignment': 0.85, 'why': 'Strong capital markets and climate finance expertise directly applicable to securing investor commitments'}, {'objective': 2, 'alignment': 0.15, 'why': 'No evidence of manufacturing partnerships or component sourcing expertise for H2 systems'}, {'objective': 3, 'alignment': 0.1, 'why': 'No evidence of facility planning, space layout, or industrial equipment expertise'}]","[""No information on mentor's experience with manufacturing partnerships or supply chain"", ""No information on mentor's experience with facility planning or industrial operations"", ""Limited detail on mentor's specific climate-tech investment experience beyond advisory role""]"
startup_007,MENTOR_012,0.68,0.75,"Mentor has strong fundraising expertise and 20+ years of public-private funding experience, directly relevant to Objective 1 (securing €1M by mid-February) and the CEO's stated fundraising challenge. Climate tech experience aligns with the startup's domain. However, no evidence of expertise in manufacturing partnerships, facility planning, or electrolyzer component sourcing needed for Objectives 2 and 3.","[{'from': 'mentor', 'quote': '20+ years public-private funding expertise; advisor to EU governments and European Commission'}, {'from': 'startup', 'quote': 'navigating fundraising over the past year has been a challenge. We need to complete the fundraising by March 2026'}]","[{'objective': 1, 'alignment': 0.85, 'why': 'Deep fundraising expertise directly matches securing €1M in commitments'}, {'objective': 2, 'alignment': 0.35, 'why': 'No evidence of manufacturing partnerships or component sourcing expertise'}, {'objective': 3, 'alignment': 0.3, 'why': 'No evidence of facility planning or industrial prototype development experience'}]","[""Mentor's specific experience with climate-tech fundraising strategies"", ""Mentor's network connections to hydrogen component manufacturers"", ""Mentor's experience with industrial prototype development or facility setup""]"
startup_007,MENTOR_013,0.28,0.75,"The mentor has investment and project management expertise that could provide generic guidance on fundraising and facility planning. However, their core expertise in entomology, crop protection, and agri-tech shows no direct connection to electrolyzer technology, hydrogen production, component manufacturing partnerships, or climate-tech fundraising challenges. Insufficient evidence of relevant technical or industry-specific knowledge for the startup's current objectives.","[{'from': 'mentor', 'quote': 'Investment; Project Management'}, {'from': 'startup', 'quote': 'Secure €1M in commitments by mid-February, focusing on 3-4 of the 6 interested investors.'}]","[{'objective': 1, 'alignment': 0.35, 'why': 'Generic investment experience; no climate-tech or hydrogen sector expertise evident'}, {'objective': 2, 'alignment': 0.15, 'why': 'No evidence of electrolyzer, hydrogen, or industrial component manufacturing knowledge'}, {'objective': 3, 'alignment': 0.35, 'why': 'Project management skills applicable but no facility planning or industrial prototype experience shown'}]","['No evidence of hydrogen/electrolyzer industry experience', 'No climate-tech fundraising track record mentioned', 'No industrial manufacturing or component sourcing expertise evident', 'Mentor bio is empty, limiting assessment of relevant experience']"
startup_007,MENTOR_014,0.28,0.72,"The mentor has experience in startup scaling and investment from co-founding Infarm, which provides generic relevance to fundraising challenges. However, there is no evidence of expertise in hardware manufacturing partnerships, facility planning, or hydrogen/electrolyzer technology, which are central to objectives 2 and 3. The domain mismatch (vertical farming vs. green hydrogen) and lack of technical hardware experience limit actionable help.","[{'from': 'mentor', 'quote': 'Co-founder of Infarm; leads brand and communications; background in film and journalism'}, {'from': 'startup', 'quote': 'navigating fundraising over the past year has been a challenge'}]","[{'objective': 1, 'alignment': 0.45, 'why': 'Startup scaling and investment experience may offer generic fundraising insights, but no evidence of climate-tech or deep-tech investor networks'}, {'objective': 2, 'alignment': 0.15, 'why': 'No evidence of hardware manufacturing, component sourcing, or electrolyzer industry expertise'}, {'objective': 3, 'alignment': 0.1, 'why': 'No evidence of facility planning, industrial prototyping, or hardware infrastructure experience'}]","[""No details on mentor's specific investor network or fundraising track record"", 'No evidence of hardware/manufacturing expertise relevant to objectives 2 and 3', 'Unclear if mentor has experience with climate-tech or deep-tech fundraising challenges']"
startup_007,MENTOR_015,0.22,0.75,"The mentor's expertise in strategic IP management and patent law has limited direct applicability to the startup's immediate objectives: securing €1M in funding, identifying component manufacturing partners, and developing a facility plan. While IP strategy may be relevant for a climate-tech company with patented technology, the current needs focus on fundraising execution, supply chain development, and operational planning—areas outside the mentor's demonstrated expertise.","[{'from': 'startup', 'quote': 'Secure €1M in commitments by mid-February, focusing on 3-4 of the 6 interested investors.'}, {'from': 'mentor', 'quote': 'Strategic IP Management; Law'}]","[{'objective': 1, 'alignment': 0.15, 'why': 'IP expertise not directly relevant to fundraising execution'}, {'objective': 2, 'alignment': 0.25, 'why': 'Patent knowledge may help with supplier IP discussions but not core sourcing'}, {'objective': 3, 'alignment': 0.1, 'why': 'No evident expertise in facility planning or operational setup'}]","['No evidence of fundraising or investor relations experience', 'No evidence of manufacturing or supply chain expertise', 'No evidence of operational planning or facility development experience']"
startup_007,MENTOR_016,0.42,0.65,"Mentor has strong climate tech investment experience (70+ investments) and board governance expertise, which could help with Objective 1 (securing €1M commitments). However, there is no evidence of expertise in hardware manufacturing partnerships, facility planning, or electrolyzer/hydrogen technology, making the mentor less suited for Objectives 2 and 3.","[{'from': 'mentor', 'quote': '70+ climate tech investments'}, {'from': 'startup', 'quote': 'Secure €1M in commitments by mid-February, focusing on 3-4 of the 6 interested investors'}]","[{'objective': 1, 'alignment': 0.75, 'why': 'Climate tech investor with fundraising and board governance expertise'}, {'objective': 2, 'alignment': 0.25, 'why': 'No evidence of hardware manufacturing or component sourcing experience'}, {'objective': 3, 'alignment': 0.2, 'why': 'No evidence of facility planning or industrial prototype development expertise'}]","[""No information on mentor's experience with hardware/industrial manufacturing partnerships"", ""No information on mentor's experience with facility planning or operations setup"", ""No information on mentor's specific knowledge of hydrogen/electrolyzer technology or supply chains""]"
startup_007,MENTOR_017,0.28,0.7,"The mentor's expertise in ESG, climate tech strategy, and corporate innovation provides general climate-tech context but lacks direct relevance to the startup's immediate needs: closing a €1M fundraise, sourcing H2 component manufacturers, and facility planning. No evidence of fundraising execution, supply chain partnerships, or industrial prototyping experience is present in the mentor profile.","[{'from': 'startup', 'quote': 'Secure €1M in commitments by mid-February, focusing on 3-4 of the 6 interested investors.'}, {'from': 'mentor', 'quote': 'Global ESG leader; CSRD & ESRS expert; AI-driven sustainability transformation'}]","[{'objective': 1, 'alignment': 0.25, 'why': 'No fundraising or investor relations expertise evident'}, {'objective': 2, 'alignment': 0.2, 'why': 'No supply chain or H2 manufacturing partnership experience shown'}, {'objective': 3, 'alignment': 0.15, 'why': 'No facility planning or industrial prototyping background indicated'}]","[""Mentor's detailed bio is empty"", 'No evidence of fundraising execution experience', 'No hydrogen industry or manufacturing partnerships background', 'No facility planning or industrial scaling expertise']"
startup_007,MENTOR_018,0.42,0.65,"The mentor has relevant experience in climate tech and startup scaling, which aligns with Caplyzer's fundraising and prototype development needs. However, there is no explicit evidence of expertise in manufacturing partnerships, facility planning, or hydrogen/electrolyzer-specific domains, limiting the score for objectives 2 and 3.","[{'from': 'mentor', 'quote': 'scaled fintech, agritech & deep tech startups'}, {'from': 'startup', 'quote': 'navigating fundraising over the past year has been a challenge'}]","[{'objective': 1, 'alignment': 0.65, 'why': 'Scaling and fundraising experience relevant to securing €1M commitments'}, {'objective': 2, 'alignment': 0.3, 'why': 'No explicit evidence of manufacturing partnerships or component sourcing expertise'}, {'objective': 3, 'alignment': 0.25, 'why': 'Operations experience may help, but no specific facility planning or industrial setup expertise mentioned'}]","['No evidence of hydrogen/electrolyzer industry knowledge', 'No explicit manufacturing or supply chain partnership experience', 'No facility planning or industrial prototype development expertise mentioned']"
startup_007,MENTOR_019,0.68,0.72,"The mentor has strong expertise in fundraising and climate tech, directly addressing the startup's urgent need to secure €1M by mid-February and close the round by March 2026. However, the mentor's profile lacks evidence of expertise in industrial manufacturing partnerships or facility planning, which are critical for objectives 2 and 3.","[{'from': 'mentor', 'quote': 'Fundraising'}, {'from': 'startup', 'quote': 'navigating fundraising over the past year has been a challenge. We need to complete the fundraising by March 2026'}]","[{'objective': 1, 'alignment': 0.85, 'why': 'Mentor specializes in fundraising and investor readiness, directly relevant to securing €1M commitments'}, {'objective': 2, 'alignment': 0.35, 'why': 'No evidence of expertise in component manufacturing partnerships or industrial supply chain'}, {'objective': 3, 'alignment': 0.3, 'why': 'No evidence of facility planning, equipment sourcing, or industrial infrastructure expertise'}]","[""Mentor's specific experience with hardware/deep tech manufacturing partnerships"", ""Mentor's track record in facility planning or industrial scaling"", ""Details on mentor's climate tech advisory work beyond sales and fundraising""]"
startup_007,MENTOR_020,0.68,0.72,"The mentor has strong investment expertise and climate-tech focus, directly relevant to Objective 1 (securing €1M in commitments). However, the profile lacks evidence of manufacturing partnerships or facility planning experience needed for Objectives 2 and 3. The mentor can likely provide strategic fundraising guidance but limited operational support for prototype development.","[{'from': 'mentor', 'quote': 'Deep-tech investor'}, {'from': 'mentor', 'quote': 'Climate Tech'}]","[{'objective': 1, 'alignment': 0.85, 'why': 'Investment expertise and climate-tech focus directly support fundraising goals'}, {'objective': 2, 'alignment': 0.45, 'why': 'No evidence of manufacturing partnerships or component sourcing experience'}, {'objective': 3, 'alignment': 0.4, 'why': 'No evidence of facility planning or industrial operations expertise'}]","[""No details on mentor's network in hydrogen component manufacturing"", 'No evidence of facility planning or industrial operations experience', 'Limited detail on specific investment portfolio or deal-making track record']"
startup_007,MENTOR_021,0.42,0.65,"Mentor has deep energy sector experience and climate tech focus, which provides relevant context for green hydrogen. However, the profile lacks explicit evidence of fundraising expertise, manufacturing partnership development, or facility planning—the three specific objectives. The mentor may offer strategic guidance and industry connections but appears less directly equipped for the immediate tactical needs.","[{'from': 'mentor', 'quote': '20+ years energy & utilities consulting'}, {'from': 'startup', 'quote': 'navigating fundraising over the past year has been a challenge'}]","[{'objective': 1, 'alignment': 0.45, 'why': 'Energy sector network may help investor introductions, but no explicit fundraising track record shown'}, {'objective': 2, 'alignment': 0.35, 'why': 'Consulting background may provide general guidance, but no evidence of component sourcing or manufacturing partnerships'}, {'objective': 3, 'alignment': 0.3, 'why': 'No evidence of facility planning, space layout, or equipment specification expertise'}]","['No explicit fundraising or investor relations experience mentioned', 'No evidence of manufacturing partnership development or supply chain expertise', 'No facility planning or industrial prototype development experience shown', 'Mentor bio is empty, limiting assessment depth']"
startup_007,MENTOR_022,0.42,0.65,"The mentor has energy sector expertise and entrepreneurship/innovation leadership experience that could provide general guidance on fundraising and scaling climate-tech ventures. However, there is no evidence of specific expertise in manufacturing partnerships, component sourcing, or facility planning—the two most urgent technical objectives. The policy influence background is not directly relevant to current needs.","[{'from': 'mentor', 'quote': 'Director of Entrepreneurship & Innovation at École Polytechnique; former SATT President; energy policy expert'}, {'from': 'startup', 'quote': 'navigating fundraising over the past year has been a challenge'}]","[{'objective': 1, 'alignment': 0.55, 'why': 'Entrepreneurship leadership may help with investor strategy, but no direct fundraising track record shown'}, {'objective': 2, 'alignment': 0.25, 'why': 'No evidence of manufacturing partnerships or component sourcing expertise in hydrogen/electrolyzer space'}, {'objective': 3, 'alignment': 0.2, 'why': 'No evidence of facility planning, equipment specification, or industrial prototype buildout experience'}]","['No specific track record in fundraising for climate-tech or deep-tech startups', 'No evidence of manufacturing or supply chain expertise for electrolyzer components', 'No details on facility planning or industrial prototype development experience']"
startup_007,MENTOR_023,0.42,0.7,"Mentor has strong finance leadership and institutional client experience that could help with fundraising (Objective 1), but lacks demonstrated expertise in manufacturing partnerships, facility planning, or climate-tech/hardware development (Objectives 2 and 3). The mentor's background is primarily in asset management and fintech rather than industrial hardware or hydrogen technology.","[{'from': 'startup', 'quote': 'Secure €1M in commitments by mid-February, focusing on 3-4 of the 6 interested investors.'}, {'from': 'mentor', 'quote': '35 years global finance leadership; former Amundi Global Head of Sales'}]","[{'objective': 1, 'alignment': 0.65, 'why': 'Finance leadership and institutional sales experience relevant to investor engagement'}, {'objective': 2, 'alignment': 0.25, 'why': 'No evident expertise in manufacturing partnerships or industrial component sourcing'}, {'objective': 3, 'alignment': 0.2, 'why': 'No demonstrated experience in facility planning or hardware infrastructure development'}]","['No evidence of climate-tech or hardware startup experience', 'No indication of manufacturing or industrial operations expertise', 'Unclear if mentor has experience with early-stage deep-tech fundraising versus institutional asset management']"
startup_007,MENTOR_024,0.12,0.85,"Insufficient info to assess fit. The mentor profile provides only academic affiliation (PhD Candidate at Carnegie Mellon) and CDL Fellow status, with no information about expertise in fundraising, hydrogen technology, manufacturing partnerships, or facility planning that would address Caplyzer's current objectives.","[{'from': 'mentor', 'quote': 'PhD Candidate'}, {'from': 'mentor', 'quote': 'CDL-MCI Fellow; matched with CDL mentor Julian Gray'}]","[{'objective': 1, 'alignment': 0.1, 'why': 'No evidence of fundraising or investor relations expertise'}, {'objective': 2, 'alignment': 0.15, 'why': 'No evidence of manufacturing partnerships or hydrogen component sourcing experience'}, {'objective': 3, 'alignment': 0.1, 'why': 'No evidence of facility planning or industrial prototype development expertise'}]","[""Mentor's domain expertise and technical background"", ""Mentor's operational experience (fundraising, manufacturing, facility planning)"", ""Mentor's industry connections or relevant network"", ""Mentor's experience with climate-tech or hydrogen sector""]"
startup_007,MENTOR_025,0.22,0.75,"The mentor's 30+ years of automotive and joint venture management experience provides generic business leadership insights, but there is no evidence of expertise in climate-tech fundraising, hydrogen technology, electrolyzer manufacturing partnerships, or industrial facility planning. The domain mismatch (automotive/SDV vs. green hydrogen) and lack of relevant technical or sector-specific experience significantly limit actionable help for the startup's current objectives.","[{'from': 'mentor', 'quote': '30+ years automotive leadership; GM Canada & China; SDV transformation expert'}, {'from': 'startup', 'quote': 'As a climate-tech company, navigating fundraising over the past year has been a challenge.'}]","[{'objective': 1, 'alignment': 0.25, 'why': 'Generic business experience; no climate-tech or hydrogen fundraising expertise shown'}, {'objective': 2, 'alignment': 0.15, 'why': 'Automotive supply chain differs fundamentally from electrolyzer component manufacturing'}, {'objective': 3, 'alignment': 0.25, 'why': 'Facility planning experience possible but no evidence specific to industrial prototype labs'}]","['No evidence of climate-tech or hydrogen sector experience', 'No evidence of electrolyzer or energy technology knowledge', 'No evidence of climate-tech fundraising or investor network', 'No evidence of industrial prototype development experience']"
startup_007,MENTOR_026,0.28,0.65,"The mentor's expertise in operations and investment offers generic relevance to fundraising (objective 1), but lacks specific hardware manufacturing, electrolyzer technology, or industrial prototype development experience needed for objectives 2 and 3. The SaaS/Robotics/Digital Transformation background does not directly address the startup's immediate needs for component sourcing, facility planning, or climate-tech fundraising challenges.","[{'from': 'mentor', 'quote': 'Operations; Investment'}, {'from': 'startup', 'quote': 'Identify component manufacturing partners and secure quotations by mid-February to build a stable and industrial 25 kW demo unit'}]","[{'objective': 1, 'alignment': 0.4, 'why': 'Investment tag suggests general fundraising knowledge, but no climate-tech or deep-tech fundraising specificity'}, {'objective': 2, 'alignment': 0.2, 'why': 'No evidence of hardware component sourcing or H2 manufacturing partnerships expertise'}, {'objective': 3, 'alignment': 0.25, 'why': 'Operations experience may help with facility planning, but lacks industrial prototype or manufacturing facility context'}]","['No specific hardware/manufacturing experience mentioned', 'No climate-tech or deep-tech sector experience evident', 'No electrolyzer or energy technology domain knowledge', 'Insufficient detail on types of operations or investment experience']"
startup_007,MENTOR_027,0.42,0.65,"The mentor's experience as a former Siemens Executive Committee member and ex-McKinsey Global Director provides relevant expertise for fundraising strategy (Objective 1) and potentially for identifying industrial manufacturing partners (Objective 2). However, the mentor's technical background in robotics, industrial automation, and space tech does not directly align with electrolyzer technology or hydrogen production systems, limiting their ability to provide deep technical guidance on component selection and facility planning.","[{'from': 'startup', 'quote': 'We need to build a real prototype using standard components from established H2 manufacturers'}, {'from': 'mentor', 'quote': 'Former Siemens Executive Committee; ex-McKinsey Global Director'}]","[{'objective': 1, 'alignment': 0.65, 'why': 'McKinsey and Siemens executive experience relevant for investor strategy and climate-tech fundraising'}, {'objective': 2, 'alignment': 0.45, 'why': 'Industrial automation background and Siemens network may help identify component manufacturers, though not H2-specific'}, {'objective': 3, 'alignment': 0.25, 'why': 'Limited direct relevance; industrial experience may provide general facility planning insights but not electrolyzer-specific'}]","[""Mentor's specific experience with hydrogen technology or electrochemical systems unclear"", ""Mentor's network connections to H2 component manufacturers not specified"", ""Mentor's involvement in climate-tech or energy sector fundraising not detailed""]"
startup_007,MENTOR_028,0.68,0.72,"The mentor has strong climate tech investment expertise and DeepTech venturing leadership, directly relevant to Objective 1 (securing €1M commitments from investors). However, the profile lacks explicit evidence of manufacturing partnerships or facility planning experience needed for Objectives 2 and 3, limiting the overall fit.","[{'from': 'mentor', 'quote': 'DeepTech & climate venturing leader'}, {'from': 'startup', 'quote': 'As a climate-tech company, navigating fundraising over the past year has been a challenge.'}]","[{'objective': 1, 'alignment': 0.85, 'why': 'Climate tech investment expertise directly addresses fundraising challenge'}, {'objective': 2, 'alignment': 0.45, 'why': 'No explicit manufacturing partnership experience mentioned in profile'}, {'objective': 3, 'alignment': 0.4, 'why': 'No facility planning or industrial scaling expertise evident in profile'}]","['No evidence of manufacturing partnership experience for Objective 2', 'No facility planning or industrial operations expertise for Objective 3', 'Limited detail on specific investment network or investor connections']"
startup_007,MENTOR_029,0.12,0.85,"The mentor's expertise in autonomous systems, safety assurance, and government advisory work does not align with the startup's immediate needs: securing €1M in climate-tech fundraising, identifying hydrogen electrolyzer component manufacturers, and developing a facility plan for a 25 kW demo unit. There is no evidence the mentor has relevant experience in green hydrogen technology, industrial manufacturing partnerships, or climate-tech fundraising.","[{'from': 'mentor', 'quote': 'Autonomous Systems; Safety Assurance; EV; Mobility'}, {'from': 'startup', 'quote': 'Identify component manufacturing partners and secure quotations by mid-February to build a stable and industrial 25 kW demo unit'}]","[{'objective': 1, 'alignment': 0.05, 'why': 'No evidence of fundraising or climate-tech investor network expertise'}, {'objective': 2, 'alignment': 0.15, 'why': ""Mentor's EV/mobility background tangentially related but not hydrogen component manufacturing""}, {'objective': 3, 'alignment': 0.1, 'why': 'No evidence of facility planning or industrial prototype development experience'}]","[""No information about mentor's experience with hydrogen technology or electrolyzer systems"", 'No evidence of climate-tech fundraising experience or investor connections', 'No indication of industrial manufacturing or supply chain expertise relevant to hydrogen production']"
startup_007,MENTOR_030,0.42,0.65,"The mentor's M&A and investment banking background (Lazard, Goldman Sachs) provides some credible help for fundraising (objective 1), but lacks direct expertise in climate-tech fundraising challenges, industrial manufacturing partnerships (objective 2), or facility planning (objective 3). The fintech/data security tech focus is misaligned with green hydrogen hardware needs.","[{'from': 'startup', 'quote': 'navigating fundraising over the past year has been a challenge. We need to complete the fundraising by March 2026'}, {'from': 'mentor', 'quote': 'Former Lazard & Goldman Sachs banker; ex-Citadel; Natixis executive'}]","[{'objective': 1, 'alignment': 0.65, 'why': 'Investment banking experience relevant to securing investor commitments'}, {'objective': 2, 'alignment': 0.25, 'why': 'No evident expertise in component manufacturing or industrial hardware partnerships'}, {'objective': 3, 'alignment': 0.2, 'why': 'No evident expertise in facility planning or industrial prototype development'}]","[""Mentor's specific experience with climate-tech or hardware startups unclear"", ""No information on mentor's network in hydrogen/energy manufacturing sector"", ""Mentor's operational or facility planning experience not described""]"
startup_007,MENTOR_031,0.22,0.75,"The mentor's expertise in digital marketing, investment, and M&A provides only generic relevance to Caplyzer's immediate needs. While investment experience could offer marginal help with fundraising strategy, the mentor lacks demonstrated expertise in industrial hardware manufacturing, supply chain partnerships, or facility planning—the core of objectives 2 and 3. No evidence suggests capability to help secure component manufacturing partners or develop facility plans for electrolyzer prototypes.","[{'from': 'mentor', 'quote': '24+ years digital marketing; connected medical solutions specialist'}, {'from': 'startup', 'quote': 'Identify component manufacturing partners and secure quotations by mid-February to build a stable and industrial 25 kW demo unit'}]","[{'objective': 1, 'alignment': 0.35, 'why': 'Investment tag suggests possible fundraising insights, but no climate-tech or deep-tech fundraising expertise evident'}, {'objective': 2, 'alignment': 0.1, 'why': 'No evidence of industrial manufacturing, supply chain, or hydrogen sector component sourcing experience'}, {'objective': 3, 'alignment': 0.05, 'why': 'No evidence of facility planning, industrial operations, or hardware scaling expertise'}]","[""No details on mentor's investment experience scope or relevance to climate-tech/hardware"", ""No information on mentor's network in industrial manufacturing or hydrogen sector"", 'Mentor profile lacks depth on operational or facility planning experience']"
startup_007,MENTOR_032,0.68,0.72,"The mentor has strong fundraising expertise (raised £2bn+) directly relevant to Objective 1 (securing €1M by mid-February) and the primary challenge of completing climate-tech fundraising by March 2026. However, there is no evidence of expertise in manufacturing partnerships, component sourcing, or facility planning needed for Objectives 2 and 3.","[{'from': 'mentor', 'quote': 'Raised £2bn+; founder of Torvius; serial entrepreneur; EIC expert'}, {'from': 'startup', 'quote': 'navigating fundraising over the past year has been a challenge. We need to complete the fundraising by March 2026'}]","[{'objective': 1, 'alignment': 0.85, 'why': 'Extensive fundraising track record (£2bn+) directly addresses securing €1M commitments and investor engagement'}, {'objective': 2, 'alignment': 0.45, 'why': 'Climate Tech tag suggests domain awareness, but no evidence of manufacturing partnerships or component sourcing expertise'}, {'objective': 3, 'alignment': 0.4, 'why': 'Startup scaling experience may provide general guidance, but no specific facility planning or industrial setup expertise evident'}]","['No evidence of manufacturing or supply chain expertise for Objective 2', 'No evidence of facility planning or industrial operations experience for Objective 3', 'Mentor bio is empty, limiting assessment depth']"
startup_007,MENTOR_033,0.68,0.75,"The mentor has strong credentials in clean tech, energy policy, and analysis (ex-BNEF, McKinsey, UK energy policymaker) that align well with the startup's fundraising and strategic positioning needs. However, there is no explicit evidence of expertise in manufacturing partnerships, component sourcing, or facility planning—critical for objectives 2 and 3.","[{'from': 'mentor', 'quote': 'Former Global Head of Analysis at BNEF; ex-McKinsey Partner; UK energy policymaker'}, {'from': 'startup', 'quote': 'navigating fundraising over the past year has been a challenge'}]","[{'objective': 1, 'alignment': 0.8, 'why': 'Strong investor network and strategic advisory experience relevant to securing €1M commitments'}, {'objective': 2, 'alignment': 0.5, 'why': 'Clean tech expertise provides context, but no explicit manufacturing or component sourcing experience mentioned'}, {'objective': 3, 'alignment': 0.45, 'why': 'Policy and analysis background may inform facility planning indirectly, but no direct operational or facilities expertise evident'}]","['No explicit evidence of manufacturing partnership experience', 'No mention of operational or facility planning expertise', 'Limited detail on hands-on industrial prototype development experience']"
startup_007,MENTOR_034,0.42,0.65,"Mentor has climate-tech VC experience and materials science expertise relevant to electrolyzer development, but lacks direct evidence of fundraising execution, manufacturing partnerships, or facility planning expertise. The decarbonization focus and VC background provide moderate help for Objective 1 (fundraising), but limited actionable guidance for Objectives 2-3 (component sourcing and facility planning).","[{'from': 'mentor', 'quote': 'Head of Science at CDR-focused VC'}, {'from': 'mentor', 'quote': 'Materials Science'}]","[{'objective': 1, 'alignment': 0.55, 'why': 'VC experience may help with investor navigation and climate-tech fundraising context'}, {'objective': 2, 'alignment': 0.35, 'why': 'Materials science background relevant but no evidence of H2 component manufacturing networks'}, {'objective': 3, 'alignment': 0.25, 'why': 'No evidence of facility planning, equipment specification, or industrial scaling expertise'}]","['No evidence of fundraising execution track record or investor network details', 'No evidence of hydrogen component manufacturing partnerships or supply chain expertise', 'No evidence of facility planning, industrial prototyping, or scaling operations experience']"
startup_008,MENTOR_001,0.22,0.85,"The mentor's expertise in law and regulatory matters could provide generic guidance on regulatory submissions, but their domain is renewables/energy, not agritech or EPA biological product regulations. There is no evidence of experience with RNA production partnerships, agricultural facility setup, or agritech-specific regulatory pathways. The match is weak and largely tangential.","[{'from': 'mentor', 'quote': 'General Counsel for EMEA and Global Head of Transactions'}, {'from': 'startup', 'quote': 'Submit the regulatory dossier to the US EPA by compiling the full data package'}]","[{'objective': 1, 'alignment': 0.3, 'why': 'Legal background may help with regulatory process structure, but no EPA or agritech regulatory experience evident'}, {'objective': 2, 'alignment': 0.15, 'why': 'Transaction experience exists but in energy sector; no RNA production or agritech supply chain expertise shown'}, {'objective': 3, 'alignment': 0.05, 'why': 'No evidence of facility setup, agricultural infrastructure, or maize cultivation expertise'}]","['No evidence of agritech or biotech regulatory experience', 'No evidence of EPA or biological product regulatory pathway knowledge', 'No evidence of RNA production or biotech manufacturing partnerships', 'No evidence of agricultural facility or cultivation expertise']"
startup_008,MENTOR_002,0.12,0.85,"The mentor's expertise in industrial operations, sustainability, and large-scale manufacturing (mining, cement, oil & gas) does not align with the startup's immediate needs: EPA regulatory submission for agritech/biotech products, RNA production partner contracting, and maize cultivation facility setup. These require domain-specific knowledge in agricultural biotechnology, regulatory affairs for biopesticides/biostimulants, and biotech manufacturing that the mentor's profile does not demonstrate.","[{'from': 'startup', 'quote': 'Submit the regulatory dossier to the US EPA by compiling the full data package'}, {'from': 'mentor', 'quote': '27+ years at Schlumberger including Angola CEO'}]","[{'objective': 1, 'alignment': 0.05, 'why': 'No EPA/agritech regulatory experience evident'}, {'objective': 2, 'alignment': 0.15, 'why': 'General operations experience but not RNA/biotech manufacturing'}, {'objective': 3, 'alignment': 0.1, 'why': 'Industrial operations background but not agricultural facility setup'}]",[]
startup_008,MENTOR_003,0.28,0.65,"The mentor has deep sustainability and clean technology experience with operational expertise from scaling and selling a 100+ employee startup, which provides general strategic value. However, there is no evidence of specific expertise in regulatory submissions (EPA dossiers), RNA production partnerships, or agricultural facility operations that directly address the startup's three current objectives.","[{'from': 'mentor', 'quote': '20+ years developing sustainable innovation; sold 100+ employee startup to Screen Japan'}, {'from': 'mentor', 'quote': 'Business Development; Investment; Strategic Partnerships'}]","[{'objective': 1, 'alignment': 0.15, 'why': 'No regulatory or EPA submission expertise evident'}, {'objective': 2, 'alignment': 0.45, 'why': 'Strategic partnerships experience may help with partner contracting'}, {'objective': 3, 'alignment': 0.1, 'why': 'No agricultural facility or cultivation expertise shown'}]","['No evidence of regulatory affairs or EPA submission experience', 'No specific RNA production or biotech manufacturing expertise', 'No agricultural operations or controlled environment agriculture experience']"
startup_008,MENTOR_004,0.22,0.75,"The mentor's expertise in financial services, venture capital, and climate tech provides only generic strategic value. There is no evidence of specific capabilities in regulatory submissions (EPA dossiers), RNA production partnerships, or agritech facility operations that directly address the startup's three current objectives and stated challenges.","[{'from': 'mentor', 'quote': 'Financial services executive; venture capital, hedge funds, investment banking'}, {'from': 'startup', 'quote': 'Identifying a large-scale, cost-effective RNA production partner capable of delivering the product on time and within budget'}]","[{'objective': 1, 'alignment': 0.1, 'why': 'No regulatory or EPA submission expertise evident'}, {'objective': 2, 'alignment': 0.35, 'why': 'General partnership development experience, but not RNA-specific'}, {'objective': 3, 'alignment': 0.05, 'why': 'No facility operations or agritech cultivation expertise'}]","['No evidence of regulatory affairs expertise for EPA submissions', 'No demonstrated experience in biotech/agritech manufacturing or RNA production', 'No specific operational expertise in controlled environment agriculture or facility setup']"
startup_008,MENTOR_005,0.28,0.72,"The mentor's expertise in policy influence and government advisory could provide generic guidance on regulatory strategy, but there is no evidence of specific experience with EPA submissions, agritech regulation, RNA production partnerships, or controlled agricultural facility setup. The current objectives require highly specialized domain knowledge that is not demonstrated in the mentor profile.","[{'from': 'mentor', 'quote': 'Policy Influence; Government Advisory'}, {'from': 'startup', 'quote': 'Submit the regulatory dossier to the US EPA by compiling the full data package'}]","[{'objective': 1, 'alignment': 0.35, 'why': 'Policy/government advisory may offer general regulatory insights but no EPA-specific expertise shown'}, {'objective': 2, 'alignment': 0.15, 'why': 'No evidence of RNA production, biotech manufacturing, or supplier partnership experience'}, {'objective': 3, 'alignment': 0.1, 'why': 'No demonstrated expertise in agricultural facility design or controlled growing environments'}]","['No evidence of EPA regulatory experience or agritech regulatory expertise', 'No demonstrated experience with biotech manufacturing or RNA production partnerships', 'No background in agricultural facility operations or controlled environment agriculture']"
startup_008,MENTOR_006,0.22,0.75,"The mentor's expertise in ESG strategy, cleantech commercial development, and sustainability may offer generic strategic guidance, but there is no evidence of direct experience with regulatory submissions (EPA dossiers), RNA production partnerships, or agricultural facility operations. The current objectives require highly specialized agritech and regulatory expertise that is not demonstrated in the mentor's profile.","[{'from': 'startup', 'quote': 'Submit the regulatory dossier to the US EPA by compiling the full data package'}, {'from': 'mentor', 'quote': 'ESG strategy; worked with ENGIE, Michelin, Temasek'}]","[{'objective': 1, 'alignment': 0.15, 'why': 'No regulatory or EPA submission expertise evident'}, {'objective': 2, 'alignment': 0.25, 'why': 'Cleantech commercial development may offer generic partnership insights'}, {'objective': 3, 'alignment': 0.1, 'why': 'No agricultural facility or cultivation expertise shown'}]","['No evidence of regulatory affairs or EPA submission experience', 'No demonstrated expertise in RNA production or biotech manufacturing partnerships', 'No agricultural operations or controlled environment agriculture experience']"
startup_008,MENTOR_007,0.28,0.75,"The mentor has strong scaling and investment expertise, but lacks direct experience in agritech, regulatory submissions to EPA, RNA production partnerships, or agricultural facility operations. The current objectives require domain-specific knowledge in biotech regulatory pathways and RNA manufacturing that is not evident in the mentor's climate tech and materials science background.","[{'from': 'mentor', 'quote': 'Co-founder & CTO of Kurion; Fukushima deployment; acquired by Veolia for $350M'}, {'from': 'startup', 'quote': 'Identifying a large-scale, cost-effective RNA production partner capable of delivering the product on time and within budget'}]","[{'objective': 1, 'alignment': 0.15, 'why': 'No evident EPA regulatory or biotech dossier experience'}, {'objective': 2, 'alignment': 0.35, 'why': 'General scaling and partner selection experience, but not RNA-specific'}, {'objective': 3, 'alignment': 0.2, 'why': 'Materials science background, but no agricultural facility expertise'}]",[]
startup_008,MENTOR_008,0.28,0.75,"The mentor's sustainability and industrial focus provides general strategic context for agritech, but there is no evidence of expertise in regulatory submissions (EPA dossiers), RNA production partnerships, or agricultural facility operations. The current objectives require highly specialized technical and operational capabilities not demonstrated in the mentor profile.","[{'from': 'mentor', 'quote': 'sustainability & industrial focus; advises European green tech investors'}, {'from': 'startup', 'quote': 'Contract the right RNA production partners for the first commercial year with a focus on cost and timeline'}]","[{'objective': 1, 'alignment': 0.15, 'why': 'No regulatory or EPA submission expertise evident'}, {'objective': 2, 'alignment': 0.35, 'why': 'Industrial focus may help with partner evaluation framework'}, {'objective': 3, 'alignment': 0.2, 'why': 'No agricultural facility or cultivation expertise shown'}]","['No evidence of regulatory affairs expertise (EPA, agritech compliance)', 'No evidence of RNA production or biotech manufacturing knowledge', 'No evidence of agricultural operations or facility management experience']"
startup_008,MENTOR_009,0.12,0.85,"The mentor's expertise in semiconductor technology, silicon carbide, and nanographics has no credible linkage to the startup's current objectives around EPA regulatory submission, RNA production partner contracting, or maize cultivation facility installation. While the mentor has operational experience managing deep-tech startups, there is no evidence of relevant domain knowledge in agritech, regulatory affairs, biotech manufacturing, or agricultural operations that would enable actionable help with the stated needs.","[{'from': 'mentor', 'quote': 'Semiconductor Technology; Silicon Carbide; Nanographics'}, {'from': 'startup', 'quote': 'Submit the regulatory dossier to the US EPA by compiling the full data package'}]","[{'objective': 1, 'alignment': 0.05, 'why': 'No EPA regulatory or biotech dossier expertise evident'}, {'objective': 2, 'alignment': 0.1, 'why': 'Generic startup scaling experience but no RNA/biotech manufacturing knowledge'}, {'objective': 3, 'alignment': 0.05, 'why': 'No agricultural facility or cultivation expertise shown'}]",[]
startup_008,MENTOR_010,0.12,0.85,"The mentor's expertise in data centers, infrastructure, clean technology, and startup scaling does not align with the startup's immediate needs: EPA regulatory dossier submission, contracting RNA production partners, and installing maize growing facilities. Insufficient info on agritech, biotech regulatory processes, or agricultural supply chain expertise.","[{'from': 'startup', 'quote': 'Submit the regulatory dossier to the US EPA by compiling the full data package'}, {'from': 'mentor', 'quote': 'Data Centers; Infrastructure; Clean Technology; Applied AI'}]","[{'objective': 1, 'alignment': 0.05, 'why': 'No evidence of EPA regulatory or biotech compliance expertise'}, {'objective': 2, 'alignment': 0.15, 'why': 'General startup scaling experience but no RNA production or biotech manufacturing expertise'}, {'objective': 3, 'alignment': 0.1, 'why': 'Infrastructure experience not specific to agricultural controlled environments'}]","['No evidence of agritech or biotech domain expertise', 'No regulatory affairs or EPA submission experience mentioned', 'No RNA production, biomanufacturing, or agricultural supply chain expertise', 'Mentor profile lacks detail on relevant technical or operational experience']"
startup_008,MENTOR_011,0.22,0.75,"The mentor's expertise in capital markets, climate finance, and ESG may provide generic strategic value, but shows no direct capability to help with the startup's immediate technical objectives: EPA regulatory dossier submission, RNA production partner contracting, or maize cultivation facility installation. Insufficient evidence of regulatory, manufacturing, or agritech operational expertise.","[{'from': 'startup', 'quote': 'Submit the regulatory dossier to the US EPA by compiling the full data package'}, {'from': 'mentor', 'quote': '25+ years Canadian capital markets; B20 taskforce member; speaker at COP28; climate finance advisor'}]","[{'objective': 1, 'alignment': 0.1, 'why': 'No regulatory or EPA expertise evident'}, {'objective': 2, 'alignment': 0.25, 'why': 'Capital markets background may help partner evaluation indirectly'}, {'objective': 3, 'alignment': 0.05, 'why': 'No facility installation or agritech operations expertise'}]","['No evidence of regulatory affairs expertise for EPA submissions', 'No evidence of manufacturing/supply chain expertise for RNA production partnerships', 'No evidence of agritech operational or facility management experience']"
startup_008,MENTOR_012,0.22,0.75,"The mentor's expertise in EU-funded project coordination and policy influence has limited direct applicability to the startup's immediate needs: US EPA regulatory submission, RNA production partner contracting, and maize facility installation. While policy/regulatory experience could provide generic guidance, there is no evidence of US regulatory expertise, biotech/agritech production partnerships, or agricultural facility operations knowledge.","[{'from': 'mentor', 'quote': '20+ years public-private funding expertise; advisor to EU governments and European Commission'}, {'from': 'startup', 'quote': 'Submit the regulatory dossier to the US EPA by compiling the full data package'}]","[{'objective': 1, 'alignment': 0.25, 'why': 'EU policy experience, not US EPA regulatory expertise'}, {'objective': 2, 'alignment': 0.15, 'why': 'No evidence of biotech production partnership experience'}, {'objective': 3, 'alignment': 0.1, 'why': 'No evidence of agricultural facility or cultivation expertise'}]","['No US regulatory experience mentioned', 'No biotech/agritech production or supply chain expertise', 'No agricultural operations or facility management background', 'Limited mentor bio/profile detail provided']"
startup_008,MENTOR_013,0.42,0.65,"The mentor has agritech and sustainable agriculture expertise with crop protection background, providing general domain alignment. However, there is no evidence of specific expertise in regulatory submissions (EPA dossiers), RNA production partnerships, or controlled environment facility setup that directly address the startup's three primary objectives.","[{'from': 'mentor', 'quote': 'Agri Tech; Sustainable Agriculture'}, {'from': 'mentor', 'quote': 'crop protection & insect ecology expert'}]","[{'objective': 1, 'alignment': 0.25, 'why': 'No regulatory or EPA submission expertise evident'}, {'objective': 2, 'alignment': 0.35, 'why': 'Project management skills may help partner contracting generically'}, {'objective': 3, 'alignment': 0.55, 'why': 'NIAB Programme Leader background suggests facility/cultivation knowledge'}]","['No evidence of regulatory affairs or EPA submission experience', 'No evidence of RNA production or biomanufacturing partnerships', 'Limited detail on controlled environment agriculture or facility design expertise']"
startup_008,MENTOR_014,0.28,0.72,"The mentor has agritech domain experience and startup scaling expertise, but lacks specific capabilities in regulatory affairs, RNA production partnerships, or controlled environment agriculture infrastructure. The current objectives require highly specialized technical and regulatory expertise that is not evident in the mentor's brand/communications-focused profile.","[{'from': 'mentor', 'quote': 'Vertical Farming; Sustainable Agriculture; Agri Tech'}, {'from': 'mentor', 'quote': 'Startup Scaling; Investment'}]","[{'objective': 1, 'alignment': 0.15, 'why': 'No regulatory or EPA submission expertise evident'}, {'objective': 2, 'alignment': 0.35, 'why': 'General startup scaling experience may help with partner negotiations'}, {'objective': 3, 'alignment': 0.35, 'why': 'Vertical farming background provides some controlled environment context'}]","['No evidence of regulatory affairs expertise for EPA submissions', 'No evidence of supply chain or manufacturing partnership experience', 'Limited technical depth in mentor profile for assessing RNA production or facility setup capabilities']"
startup_008,MENTOR_015,0.42,0.65,"The mentor's expertise in strategic IP management and patent law offers some value for regulatory dossier preparation (Objective 1), particularly around literature review and IP considerations. However, the mentor lacks demonstrated expertise in EPA regulatory submissions, RNA production partner selection, or agricultural facility operations that directly address the startup's most pressing current challenges.","[{'from': 'startup', 'quote': 'Submit the regulatory dossier to the US EPA by compiling the full data package'}, {'from': 'mentor', 'quote': 'Strategic IP Management; Law'}]","[{'objective': 1, 'alignment': 0.5, 'why': 'IP/patent expertise may help with literature review and IP aspects of regulatory dossier'}, {'objective': 2, 'alignment': 0.25, 'why': 'No demonstrated expertise in RNA production partnerships or manufacturing contracts'}, {'objective': 3, 'alignment': 0.15, 'why': 'No demonstrated expertise in agricultural facility design or maize cultivation infrastructure'}]","['No evidence of EPA regulatory experience', 'No evidence of biotech manufacturing or production partner selection expertise', 'No evidence of agricultural operations or facility management experience']"
startup_008,MENTOR_016,0.12,0.85,"The mentor's expertise in platform engineering, SaaS, marketplace tech, and climate tech investment does not align with the startup's immediate needs: EPA regulatory submission, RNA production partner contracting, and maize cultivation facility expansion. These are highly specialized agritech/biotech operational challenges requiring regulatory, manufacturing, and agricultural expertise that the mentor's profile does not demonstrate.","[{'from': 'startup', 'quote': 'Submit the regulatory dossier to the US EPA by compiling the full data package'}, {'from': 'mentor', 'quote': 'Platform Engineering; SaaS; Marketplace Tech; Climate Tech'}]","[{'objective': 1, 'alignment': 0.05, 'why': 'No regulatory or EPA submission expertise evident'}, {'objective': 2, 'alignment': 0.15, 'why': 'General scaling experience but no RNA manufacturing or biotech supply chain expertise'}, {'objective': 3, 'alignment': 0.05, 'why': 'No agricultural facility or cultivation expertise shown'}]",[]
startup_008,MENTOR_017,0.12,0.85,"The mentor's expertise in ESG compliance, sustainability strategy, and corporate innovation does not align with the startup's immediate technical and operational needs: EPA regulatory dossier submission, RNA production partner contracting, and maize cultivation facility expansion. Insufficient info on regulatory affairs or agritech production expertise.","[{'from': 'startup', 'quote': 'Submit the regulatory dossier to the US EPA by compiling the full data package'}, {'from': 'mentor', 'quote': 'ESG Compliance; Corporate Innovation'}]","[{'objective': 1, 'alignment': 0.05, 'why': 'No EPA regulatory or agritech dossier expertise evident'}, {'objective': 2, 'alignment': 0.1, 'why': 'No RNA production or biotech manufacturing partner expertise shown'}, {'objective': 3, 'alignment': 0.05, 'why': 'No facility design or controlled agriculture expertise indicated'}]","['No evidence of EPA or agricultural regulatory experience', 'No biotech manufacturing or RNA production expertise', 'No controlled environment agriculture or facility setup experience']"
startup_008,MENTOR_018,0.42,0.55,"Mentor has agritech experience and operational scaling expertise, which provides general domain context. However, the startup's current objectives are highly technical and regulatory-specific (EPA dossier submission, RNA production partner contracting, controlled maize facility installation), requiring specialized regulatory, supply chain, and biotech manufacturing expertise not explicitly demonstrated in the mentor profile. Insufficient evidence of direct capability to address these specialized needs now.","[{'from': 'mentor', 'quote': 'scaled fintech, agritech & deep tech startups'}, {'from': 'startup', 'quote': 'Submit the regulatory dossier to the US EPA by compiling the full data package'}]","[{'objective': 1, 'alignment': 0.25, 'why': 'No explicit regulatory or EPA submission expertise shown'}, {'objective': 2, 'alignment': 0.55, 'why': 'Operations and scaling experience may help partner evaluation'}, {'objective': 3, 'alignment': 0.45, 'why': 'General operations background, but no facility/infrastructure specialization evident'}]","['No evidence of regulatory affairs or EPA submission experience', 'No evidence of biotech manufacturing or RNA production expertise', 'No evidence of facility design or controlled environment agriculture experience']"
startup_008,MENTOR_019,0.22,0.75,"The mentor's expertise in startup scaling, fundraising, and sustainability strategy offers generic support but lacks direct relevance to Thalya's immediate technical and regulatory needs. The current objectives require specialized knowledge in EPA regulatory submissions, RNA production partner contracting, and controlled agricultural facility setup—none of which align with the mentor's stated expertise in sales optimization and investor readiness.","[{'from': 'startup', 'quote': 'Submit the regulatory dossier to the US EPA by compiling the full data package'}, {'from': 'mentor', 'quote': 'Advises startups on sustainable growth, sales optimization, and investor readiness'}]","[{'objective': 1, 'alignment': 0.1, 'why': 'No regulatory or EPA submission expertise evident'}, {'objective': 2, 'alignment': 0.25, 'why': 'General startup scaling may tangentially help partner negotiations'}, {'objective': 3, 'alignment': 0.05, 'why': 'No agricultural facility or cultivation expertise shown'}]","['Mentor profile lacks detail on regulatory affairs experience', 'No evidence of technical manufacturing or supply chain expertise', 'Unclear if mentor has agritech or biotech domain experience beyond general climate tech']"
startup_008,MENTOR_020,0.22,0.75,"The mentor's expertise in deep-tech investment and board governance offers limited direct help with Thalya's immediate operational needs: EPA regulatory submission, RNA production partner contracting, and maize facility installation. While Climate Tech alignment provides domain context, the mentor lacks demonstrated expertise in regulatory affairs, biotech manufacturing partnerships, or agricultural facility operations that would directly address the startup's current objectives and challenges.","[{'from': 'mentor', 'quote': 'Deep-tech investor; former Swedish Technical Attaché; ex-Gartner VP'}, {'from': 'startup', 'quote': 'Identifying a large-scale, cost-effective RNA production partner capable of delivering the product on time and within budget'}]","[{'objective': 1, 'alignment': 0.15, 'why': 'No regulatory or EPA submission expertise evident'}, {'objective': 2, 'alignment': 0.35, 'why': 'Investment background may help with partner evaluation frameworks'}, {'objective': 3, 'alignment': 0.1, 'why': 'No agricultural facility or cultivation expertise shown'}]","[""Mentor's specific experience with regulatory submissions or biotech compliance"", ""Mentor's network or expertise in biotech manufacturing or RNA production"", ""Mentor's hands-on experience with agritech operations or facility buildout""]"
startup_008,MENTOR_021,0.22,0.75,"The mentor's expertise in climate tech and sustainability strategy provides only generic relevance to agritech. However, there is no demonstrated expertise in regulatory submissions (EPA dossiers), RNA production partnerships, or agricultural facility operations—the three critical objectives. Insufficient evidence of actionable help for current needs.","[{'from': 'mentor', 'quote': 'Global Head Climate Tech'}, {'from': 'startup', 'quote': 'Submit the regulatory dossier to the US EPA by compiling the full data package'}]","[{'objective': 1, 'alignment': 0.15, 'why': 'No regulatory or EPA submission expertise evident'}, {'objective': 2, 'alignment': 0.2, 'why': 'Corporate innovation background may help partner evaluation, but no RNA/biotech production experience shown'}, {'objective': 3, 'alignment': 0.1, 'why': 'No agricultural facility or cultivation expertise demonstrated'}]","['No evidence of regulatory affairs or EPA submission experience', 'No biotechnology or RNA production expertise mentioned', 'No agricultural operations or facility management background', 'Mentor profile lacks specific accomplishments or project examples']"
startup_008,MENTOR_022,0.28,0.65,"The mentor has policy expertise and entrepreneurship experience, which could provide generic guidance on navigating regulatory processes. However, there is no evidence of specific expertise in EPA regulatory submissions, RNA production partnerships, or agritech facility operations that directly address the startup's three current objectives and challenges.","[{'from': 'mentor', 'quote': 'energy policy expert'}, {'from': 'mentor', 'quote': 'Director of Entrepreneurship & Innovation at École Polytechnique'}]","[{'objective': 1, 'alignment': 0.35, 'why': 'Policy expertise may help with regulatory navigation, but no EPA or agritech regulatory experience evident'}, {'objective': 2, 'alignment': 0.2, 'why': 'No evidence of RNA production, biotech manufacturing, or relevant supply chain expertise'}, {'objective': 3, 'alignment': 0.15, 'why': 'No evidence of facility operations, controlled environment agriculture, or maize cultivation expertise'}]","['No specific regulatory experience in EPA submissions or agritech', 'No biotech manufacturing or RNA production expertise mentioned', 'No facility operations or agricultural infrastructure experience evident', 'Energy/biofuels focus does not clearly translate to RNA-based crop enhancement technology']"
startup_008,MENTOR_023,0.12,0.85,"The mentor's expertise in global finance, institutional sales, and ESG does not credibly address the startup's current technical and operational objectives: EPA regulatory submission, RNA production partner contracting, and maize cultivation facility expansion. Insufficient info on agritech, biotech regulatory processes, or supply chain management for specialized biotech manufacturing.","[{'from': 'startup', 'quote': 'Contract the right RNA production partners for the first commercial year with a focus on cost and timeline'}, {'from': 'mentor', 'quote': '35 years global finance leadership; former Amundi Global Head of Sales; ex-CEO SGAM Asia'}]","[{'objective': 1, 'alignment': 0.05, 'why': 'No regulatory or EPA submission expertise evident'}, {'objective': 2, 'alignment': 0.15, 'why': 'Finance background may help with partner evaluation but lacks biotech manufacturing specifics'}, {'objective': 3, 'alignment': 0.05, 'why': 'No agricultural facility or cultivation expertise shown'}]","['No evidence of agritech or biotech domain experience', 'No regulatory affairs or EPA submission expertise', 'No biotech manufacturing or supply chain management experience', 'No agricultural operations or controlled environment agriculture knowledge']"
startup_008,MENTOR_024,0.12,0.85,"Insufficient info to assess fit. The mentor profile provides only academic affiliation (PhD Candidate at Carnegie Mellon) with no expertise details in agritech, regulatory affairs, RNA production, or agricultural operations. Cannot determine ability to help with EPA regulatory submission, RNA production partner contracting, or maize cultivation facility expansion.","[{'from': 'mentor', 'quote': 'PhD Candidate'}, {'from': 'startup', 'quote': 'Identifying a large-scale, cost-effective RNA production partner capable of delivering the product on time and within budget.'}]","[{'objective': 1, 'alignment': 0.1, 'why': 'No evidence of regulatory or EPA expertise'}, {'objective': 2, 'alignment': 0.15, 'why': 'No evidence of RNA production or supplier network expertise'}, {'objective': 3, 'alignment': 0.1, 'why': 'No evidence of agricultural facility or maize cultivation expertise'}]","[""Mentor's domain expertise and technical specialization"", ""Mentor's industry experience or relevant operational background"", ""Mentor's knowledge areas in agritech, biotech, or regulatory affairs"", ""Mentor's network or connections in RNA production or agriculture""]"
startup_008,MENTOR_025,0.08,0.92,"The mentor's expertise is in automotive industry (Software Defined Vehicles, EV, Autonomous Vehicles) and joint venture management, with no demonstrated experience in agritech, regulatory submissions to EPA, RNA production partnerships, or agricultural facility operations. There is no credible linkage between the mentor's automotive/consulting background and the startup's current objectives around EPA regulatory dossiers, RNA production partner contracting, or maize cultivation infrastructure.","[{'from': 'mentor', 'quote': '30+ years automotive leadership; GM Canada & China; SDV transformation expert'}, {'from': 'mentor', 'quote': 'Software Defined Vehicles; EV; Autonomous Vehicles'}]","[{'objective': 1, 'alignment': 0.05, 'why': 'No EPA regulatory or agritech experience evident'}, {'objective': 2, 'alignment': 0.12, 'why': 'General partnership experience but not in RNA/biotech production'}, {'objective': 3, 'alignment': 0.03, 'why': 'No agricultural facility or cultivation expertise shown'}]",[]
startup_008,MENTOR_026,0.12,0.85,"The mentor's expertise in SaaS, Robotics, and Digital Transformation shows no credible linkage to the startup's current critical needs: EPA regulatory dossier submission, contracting RNA production partners, and installing maize growing infrastructure. Insufficient info on agritech, biotech regulatory, or agricultural operations experience.","[{'from': 'mentor', 'quote': 'SaaS; Robotics; Digital Transformation'}, {'from': 'startup', 'quote': 'Submit the regulatory dossier to the US EPA by compiling the full data package'}]","[{'objective': 1, 'alignment': 0.05, 'why': 'No regulatory or EPA expertise evident'}, {'objective': 2, 'alignment': 0.15, 'why': 'Operations tag may offer generic partner contracting insight'}, {'objective': 3, 'alignment': 0.1, 'why': 'No agricultural infrastructure or facility setup expertise shown'}]","['No evidence of agritech or biotech domain experience', 'No regulatory affairs or EPA submission expertise', 'No RNA production or biomanufacturing knowledge', 'No agricultural operations or controlled environment agriculture experience']"
startup_008,MENTOR_027,0.12,0.85,"The mentor's expertise in robotics, industrial automation, and M&A does not credibly address the startup's current objectives around EPA regulatory submission, RNA production partner contracting, or maize cultivation facility installation. Insufficient info on agritech, biotech regulatory, or agricultural production experience.","[{'from': 'startup', 'quote': 'Submit the regulatory dossier to the US EPA by compiling the full data package'}, {'from': 'mentor', 'quote': 'Robotics; Industrial Automation; Space Tech'}]","[{'objective': 1, 'alignment': 0.05, 'why': 'No evident EPA regulatory or biotech compliance expertise'}, {'objective': 2, 'alignment': 0.15, 'why': 'M&A background may tangentially help partner negotiations but lacks RNA production specificity'}, {'objective': 3, 'alignment': 0.1, 'why': 'Industrial automation could relate to facility setup but no agritech or cultivation experience shown'}]","['No evidence of agritech, biotech, or agricultural domain experience', 'No regulatory affairs or EPA submission expertise mentioned', 'No RNA production, biomanufacturing, or contract manufacturing experience']"
startup_008,MENTOR_028,0.28,0.65,"The mentor has biotechnology expertise and deep tech venturing experience, which provides general domain relevance. However, there is no evidence of specific expertise in regulatory submissions (EPA dossiers), RNA production partnerships, or agricultural facility operations that directly address the startup's three current objectives and stated challenges.","[{'from': 'mentor', 'quote': 'Biotechnology; Climate Tech'}, {'from': 'mentor', 'quote': 'DeepTech & climate venturing leader'}]","[{'objective': 1, 'alignment': 0.25, 'why': 'No regulatory or EPA submission expertise evident'}, {'objective': 2, 'alignment': 0.35, 'why': 'Venturing experience may help partner evaluation, but no RNA production specifics'}, {'objective': 3, 'alignment': 0.2, 'why': 'No agricultural facility or cultivation expertise shown'}]","['No evidence of regulatory affairs or EPA submission experience', 'No specific RNA production or biomanufacturing partnership expertise', 'No agricultural operations or controlled environment agriculture experience']"
startup_008,MENTOR_029,0.08,0.92,"The mentor's expertise in autonomous systems, safety assurance, and government advisory work shows no credible connection to the startup's current objectives around EPA regulatory submission for RNA-based agricultural products, contracting RNA production partners, or installing maize growing facilities. Insufficient relevant expertise for agritech regulatory, manufacturing, or agricultural operations challenges.","[{'from': 'mentor', 'quote': 'Autonomous Systems; Safety Assurance; EV; Mobility'}, {'from': 'startup', 'quote': 'Submit the regulatory dossier to the US EPA by compiling the full data package'}]","[{'objective': 1, 'alignment': 0.05, 'why': 'No EPA/agritech regulatory expertise evident'}, {'objective': 2, 'alignment': 0.1, 'why': 'No RNA production or biotech manufacturing expertise'}, {'objective': 3, 'alignment': 0.05, 'why': 'No agricultural facility or crop cultivation expertise'}]",[]
startup_008,MENTOR_030,0.08,0.92,"The mentor's expertise in fintech, data security, M&A, and investment banking shows no credible linkage to the startup's current objectives around EPA regulatory submission, RNA production partner contracting, or maize cultivation facility expansion. Insufficient relevant domain knowledge for agritech/biotech regulatory or manufacturing challenges.","[{'from': 'mentor', 'quote': 'Fintech; Data Security'}, {'from': 'mentor', 'quote': 'M&A; Corporate Restructuring; Investment'}]","[{'objective': 1, 'alignment': 0.05, 'why': 'No EPA regulatory or agritech compliance expertise evident'}, {'objective': 2, 'alignment': 0.12, 'why': 'Generic M&A/investment background; no biotech manufacturing partner expertise'}, {'objective': 3, 'alignment': 0.03, 'why': 'No agricultural facility or cultivation operations experience'}]",[]
startup_008,MENTOR_031,0.12,0.85,"The mentor's expertise in digital marketing, data-driven marketing, and UX does not align with the startup's current technical and operational objectives: EPA regulatory submission, RNA production partner contracting, and maize cultivation facility expansion. Insufficient evidence of relevant regulatory, manufacturing, or agritech operational experience.","[{'from': 'mentor', 'quote': '24+ years digital marketing; connected medical solutions specialist'}, {'from': 'startup', 'quote': 'Identifying a large-scale, cost-effective RNA production partner capable of delivering the product on time and within budget'}]","[{'objective': 1, 'alignment': 0.05, 'why': 'No regulatory or EPA submission expertise evident'}, {'objective': 2, 'alignment': 0.15, 'why': 'Marketing background may offer generic partner evaluation insights but lacks manufacturing/biotech contracting specifics'}, {'objective': 3, 'alignment': 0.05, 'why': 'No agricultural facility or cultivation expertise evident'}]","['No evidence of regulatory affairs experience', 'No evidence of biotech manufacturing or RNA production expertise', 'No evidence of agritech or agricultural operations experience']"
startup_008,MENTOR_032,0.22,0.75,"The mentor's expertise in startup scaling and investment may provide generic business guidance, but there is no evidence of relevant experience with regulatory submissions (EPA dossiers), RNA production partnerships, or agritech facility operations. The current objectives require highly specialized domain knowledge in biotech regulatory affairs and agricultural biotechnology that is not demonstrated in the mentor profile.","[{'from': 'mentor', 'quote': 'Raised £2bn+; founder of Torvius; serial entrepreneur'}, {'from': 'startup', 'quote': 'Submit the regulatory dossier to the US EPA by compiling the full data package'}]","[{'objective': 1, 'alignment': 0.15, 'why': 'No regulatory or EPA submission expertise evident'}, {'objective': 2, 'alignment': 0.25, 'why': 'General scaling experience but no RNA production or biotech manufacturing knowledge'}, {'objective': 3, 'alignment': 0.1, 'why': 'No agritech facility or controlled environment agriculture expertise shown'}]","['No evidence of regulatory affairs experience (EPA, biotech)', 'No demonstrated expertise in biotech manufacturing or RNA production', 'No agritech or agricultural facility operations background', 'Tech tags (Climate, Space, Energy, Fintech) do not align with agritech/biotech domain']"
startup_008,MENTOR_033,0.28,0.75,"The mentor's expertise in clean tech, government advisory, and policy influence provides only generic relevance to agritech regulatory submissions. However, there is no evidence of specific expertise in EPA regulatory processes, RNA production partnerships, or agricultural facility operations that would directly address the startup's three current objectives.","[{'from': 'mentor', 'quote': 'Government Advisory; Policy Influence'}, {'from': 'mentor', 'quote': 'UK energy policymaker'}]","[{'objective': 1, 'alignment': 0.35, 'why': 'Policy background may offer generic regulatory insights, but no EPA or agritech-specific expertise evident'}, {'objective': 2, 'alignment': 0.15, 'why': 'No evidence of RNA production, biotech manufacturing, or relevant supply chain expertise'}, {'objective': 3, 'alignment': 0.1, 'why': 'No evidence of agricultural facility design, maize cultivation, or controlled environment agriculture expertise'}]","['No evidence of EPA regulatory experience or US agritech regulatory knowledge', 'No biotech manufacturing or RNA production partnership experience mentioned', 'No agricultural operations or controlled environment facility expertise evident']"
startup_008,MENTOR_034,0.12,0.75,"The mentor's expertise in decarbonization, materials science, and direct air capture chemistry shows no credible linkage to the startup's current objectives: EPA regulatory submission for RNA-based agritech products, contracting RNA production partners, or installing maize growing facilities. Insufficient info on mentor's agritech, regulatory, or biotech manufacturing experience.","[{'from': 'startup', 'quote': 'Submit the regulatory dossier to the US EPA by compiling the full data package'}, {'from': 'mentor', 'quote': 'Head of Science at CDR-focused VC; former Climeworks DAC chemist'}]","[{'objective': 1, 'alignment': 0.05, 'why': 'No EPA regulatory or agritech dossier experience evident'}, {'objective': 2, 'alignment': 0.15, 'why': 'VC role may offer general partner sourcing insight, but no RNA production expertise'}, {'objective': 3, 'alignment': 0.08, 'why': 'No agricultural facility or maize cultivation experience shown'}]","['No evidence of agritech or biotech regulatory experience', 'No RNA production or biotech manufacturing expertise', 'No agricultural operations or crop cultivation background']"
startup_009,MENTOR_001,0.28,0.75,"The mentor's expertise in legal structuring, transactions, and fundraising in the renewables sector offers limited relevance to the startup's immediate needs: operational workflow optimization, CTO recruitment, and industrialization strategy for marine biomass materials. While legal counsel experience could tangentially support fundraising (objective 2), the mentor lacks direct expertise in materials science, textile engineering, operational scaling, or technical recruitment that the startup urgently requires.","[{'from': 'startup', 'quote': 'Recruit a CTO to lead product development, and R&D, enabling the CEO to dedicate more time to sales and fundraising activities.'}, {'from': 'mentor', 'quote': 'General Counsel for EMEA and Global Head of Transactions at Lightsource bp'}]","[{'objective': 1, 'alignment': 0.15, 'why': 'No operational workflow or materials production expertise evident'}, {'objective': 2, 'alignment': 0.45, 'why': 'Transaction experience may help with fundraising structure, but not core fundraising execution'}, {'objective': 3, 'alignment': 0.1, 'why': 'No technical recruitment or CTO search expertise shown'}]","[""Mentor's experience with operational scaling or supply chain management"", ""Mentor's network in materials science or textile industry"", ""Mentor's involvement in technical talent recruitment or team building""]"
startup_009,MENTOR_002,0.68,0.75,"The mentor's extensive operations management experience and industrial transformation expertise directly address the startup's need to optimize operational workflows and establish an industrialization strategy across 20 partners. However, the mentor's background in heavy industry (mining, oil & gas, construction) may require translation to the textile/biomaterials context, and there is limited evidence of fundraising or CTO recruitment expertise.","[{'from': 'startup', 'quote': 'establish a clear industrialization strategy and implementation plan to ensure consistent quality, operational efficiency, and accountability across the partner network'}, {'from': 'mentor', 'quote': 'Operations Management; Sustainability Strategy; former Chief Sustainability & Innovation Officer at Holcim; 27+ years at Schlumberger'}]","[{'objective': 1, 'alignment': 0.82, 'why': 'Operations management expertise directly applicable to optimizing workflows and reducing lead times'}, {'objective': 2, 'alignment': 0.45, 'why': 'Board experience may help with fundraising strategy, but no explicit fundraising track record mentioned'}, {'objective': 3, 'alignment': 0.38, 'why': 'Executive network may assist CTO search, but no direct talent recruitment expertise evident'}]","['No evidence of fundraising experience or investor network', 'No indication of talent recruitment or CTO search expertise', 'Unclear if mentor has experience in textiles, biomaterials, or fashion industry partnerships']"
startup_009,MENTOR_003,0.58,0.65,"The mentor's 20+ years in sustainable innovation and experience scaling/selling a 100+ employee startup provides relevant context for operational workflow optimization and fundraising strategy. However, the profile lacks specific evidence of expertise in fundraising execution, CTO recruitment, or industrialization strategy for partner networks, which are the startup's most urgent needs now.","[{'from': 'mentor', 'quote': '20+ years developing sustainable innovation; sold 100+ employee startup to Screen Japan'}, {'from': 'startup', 'quote': ""Raise €1.2M EUR in funding to extend the company's runway by 48 months""}]","[{'objective': 1, 'alignment': 0.55, 'why': 'Scaling experience from 100+ employee startup suggests operational workflow knowledge, but no direct evidence'}, {'objective': 2, 'alignment': 0.65, 'why': 'Investment operations tag and startup exit experience indicate fundraising familiarity, though execution specifics unclear'}, {'objective': 3, 'alignment': 0.5, 'why': 'No explicit evidence of CTO recruitment expertise or technical hiring experience in profile'}]","['No evidence of fundraising execution track record or investor network access', 'No mention of talent recruitment expertise or CTO hiring experience', 'No specific experience with industrialization strategy or multi-partner network management', 'Unclear how semiconductor/industrial tech expertise translates to marine biomass textiles']"
startup_009,MENTOR_004,0.48,0.65,"The mentor has strong fundraising and investment expertise relevant to objective 2 (raising €1.2M), and some experience in startup scaling that could help with operational workflow optimization. However, there is no evidence of expertise in CTO recruitment, textile engineering, R&D leadership, or industrialization strategy for manufacturing networks, which are critical to objectives 1 and 3 and the stated challenges around team constraints and partner network management.","[{'from': 'mentor', 'quote': 'venture capital, hedge funds, investment banking'}, {'from': 'mentor', 'quote': 'Startup Scaling'}]","[{'objective': 1, 'alignment': 0.35, 'why': 'Scaling experience may help workflow optimization, but lacks operational/manufacturing specifics'}, {'objective': 2, 'alignment': 0.75, 'why': 'Strong fundraising and investment banking background directly supports €1.2M raise'}, {'objective': 3, 'alignment': 0.25, 'why': 'No evidence of technical recruitment expertise or R&D leadership experience'}]","['No evidence of CTO/technical talent recruitment experience', 'No manufacturing or industrialization strategy expertise mentioned', 'No textile/materials science domain knowledge evident', 'Unclear if mentor has experience with hardware/materials startups vs software/services']"
startup_009,MENTOR_005,0.28,0.65,"The mentor's expertise in policy influence and government advisory may offer generic strategic guidance, but there is no direct evidence of operational workflow optimization, fundraising execution, or CTO recruitment experience relevant to sustainable materials or textiles. The technical tags (Quantum, Systems Design Engineering, Climate Tech) do not align with the startup's immediate needs for operational scaling, capital raising, or textile engineering talent acquisition.","[{'from': 'mentor', 'quote': 'Investment; Policy Influence; Government Advisory'}, {'from': 'startup', 'quote': ""Raise €1.2M EUR in funding to extend the company's runway by 48 months""}]","[{'objective': 1, 'alignment': 0.15, 'why': 'No evidence of operational workflow or lead time reduction expertise'}, {'objective': 2, 'alignment': 0.4, 'why': 'Investment tag suggests possible fundraising insight, but no specific track record provided'}, {'objective': 3, 'alignment': 0.2, 'why': 'No evidence of CTO recruitment or product development leadership experience'}]","['No evidence of operational scaling or workflow optimization experience', 'No specific fundraising track record or investor network details', 'No talent recruitment or CTO hiring expertise mentioned', 'No textile, materials science, or sustainable manufacturing background']"
startup_009,MENTOR_006,0.42,0.65,"The mentor has strong ESG and sustainability strategy expertise relevant to ER Ocean's marine biomass materials business context. However, the mentor's profile lacks direct evidence of operational workflow optimization, fundraising execution, or CTO recruitment experience—the three explicit current objectives. The mentor may provide general strategic guidance on sustainability positioning and cleantech commercialization, but actionable help on the specific 'needs now' is not clearly demonstrated.","[{'from': 'mentor', 'quote': 'Sustainability Strategy; Cleantech Commercial Development'}, {'from': 'startup', 'quote': 'Design and implement an optimized operational and commercial workflow, aiming to reduce lead times.'}]","[{'objective': 1, 'alignment': 0.35, 'why': 'No explicit operational workflow or lead time reduction expertise shown'}, {'objective': 2, 'alignment': 0.4, 'why': 'Cleantech commercial development may help positioning for fundraising, but no direct fundraising track record stated'}, {'objective': 3, 'alignment': 0.25, 'why': 'No evidence of talent recruitment or CTO search expertise in profile'}]","[""Mentor's direct experience with operational workflow optimization or process improvement"", ""Mentor's track record in fundraising execution or investor relations"", ""Mentor's experience recruiting technical leadership (e.g., CTO) or building technical teams""]"
startup_009,MENTOR_007,0.48,0.65,"Mentor has strong fundraising and scaling expertise relevant to the €1.2M raise and operational workflow optimization (objectives 1 & 2), but lacks direct experience in textile engineering, CTO recruitment for materials/textiles, or managing distributed manufacturing partner networks. Materials science background provides some domain context but insufficient linkage to marine biomass textiles or the specific CTO recruitment need.","[{'from': 'mentor', 'quote': 'Managing Director Breakthrough Energy Ventures Europe'}, {'from': 'mentor', 'quote': 'Co-founder & CTO of Kurion; acquired by Veolia for $350M'}]","[{'objective': 1, 'alignment': 0.55, 'why': 'Scaling experience from Kurion may inform operational workflow optimization, but no textile-specific expertise evident'}, {'objective': 2, 'alignment': 0.7, 'why': 'Strong fundraising credentials via Breakthrough Energy Ventures and successful exit experience directly relevant to €1.2M raise'}, {'objective': 3, 'alignment': 0.2, 'why': 'CTO background in materials science, but no evidence of textile R&D expertise or CTO recruitment experience for this domain'}]","['No evidence of textile engineering or marine biomass materials expertise', 'No indication of experience recruiting CTOs or building teams in sustainable materials/textiles', 'No demonstrated experience managing distributed manufacturing or partner networks in materials production']"
startup_009,MENTOR_008,0.68,0.75,"The mentor's 27 years as McKinsey Senior Partner with sustainability and industrial focus provides strong credibility for fundraising guidance (objective 2) and operational workflow optimization (objective 1). However, there is no evidence of direct CTO recruitment expertise or textile/materials industry experience, limiting alignment with objective 3 and the specific technical hiring needs.","[{'from': 'mentor', 'quote': '27 years McKinsey Senior Partner; sustainability & industrial focus; advises European green tech investors'}, {'from': 'startup', 'quote': ""Raise €1.2M EUR in funding to extend the company's runway by 48 months""}]","[{'objective': 1, 'alignment': 0.72, 'why': 'McKinsey operational consulting background directly applicable to workflow optimization and industrialization strategy'}, {'objective': 2, 'alignment': 0.85, 'why': 'Advises European green tech investors; strong fundraising guidance for sustainability-focused startup'}, {'objective': 3, 'alignment': 0.48, 'why': 'No evidence of technical recruitment expertise or CTO hiring experience'}]","[""No evidence of mentor's experience with technical talent recruitment or CTO hiring"", 'No specific track record with materials/textile industry mentioned', 'Unclear if mentor has hands-on experience with early-stage operational scaling vs. advisory only']"
startup_009,MENTOR_009,0.42,0.7,"The mentor has relevant experience in startup scaling and managing deep-tech programs, which could provide some value for operational workflow optimization and fundraising strategy. However, there is no evidence of expertise in textiles, marine biomass, materials science, or the specific commercial/industrial challenges facing ER Ocean, limiting direct applicability to the startup's current objectives.","[{'from': 'mentor', 'quote': 'Manages deep-tech startup programs at CEA-Liten'}, {'from': 'mentor', 'quote': 'Startup Scaling; Strategic IP Management'}]","[{'objective': 1, 'alignment': 0.35, 'why': 'Generic startup scaling experience; no textile/materials operational expertise shown'}, {'objective': 2, 'alignment': 0.55, 'why': 'Deep-tech program management suggests fundraising ecosystem knowledge relevant to €1.2M raise'}, {'objective': 3, 'alignment': 0.35, 'why': 'No evidence of CTO recruitment expertise or product development leadership in relevant domains'}]","['No evidence of textile/materials industry experience', 'No demonstrated expertise in marine biomass or sustainable materials', 'No information on commercial workflow optimization or industrialization strategy', 'No evidence of talent recruitment experience for technical roles']"
startup_009,MENTOR_010,0.28,0.65,"The mentor has experience in startup scaling and investment, which could provide generic guidance on fundraising (objective 2) and operational workflows (objective 1). However, there is no evidence of expertise in sustainable materials, marine biomass, textiles, industrialization strategy, or CTO recruitment for deep-tech product development. The mentor's tech focus (data centers, infrastructure, clean tech, applied AI) does not align with the startup's marine biomass textile domain or current operational challenges.","[{'from': 'mentor', 'quote': 'Startup Scaling; Investment'}, {'from': 'startup', 'quote': ""Raise €1.2M EUR in funding to extend the company's runway by 48 months""}]","[{'objective': 1, 'alignment': 0.2, 'why': 'Generic scaling experience; no textile/materials operational expertise shown'}, {'objective': 2, 'alignment': 0.45, 'why': 'Investment background and family office experience relevant to fundraising'}, {'objective': 3, 'alignment': 0.15, 'why': 'No evidence of CTO recruitment or deep-tech R&D talent acquisition expertise'}]","['No evidence of textile/materials industry experience', 'No evidence of industrialization strategy or partner network management', 'No evidence of CTO recruitment or technical talent acquisition expertise', ""Unclear if 'Clean Technology' tag relates to marine biomass or sustainable materials""]"
startup_009,MENTOR_011,0.68,0.72,"The mentor has strong expertise in fundraising and climate finance, directly relevant to objective 2 (raising €1.2M). Their capital markets experience and ESG focus align well with the sustainable materials domain. However, there is no evidence of operational workflow optimization or CTO recruitment expertise, limiting alignment with objectives 1 and 3.","[{'from': 'mentor', 'quote': '25+ years Canadian capital markets; climate finance advisor'}, {'from': 'startup', 'quote': ""Raise €1.2M EUR in funding to extend the company's runway by 48 months""}]","[{'objective': 1, 'alignment': 0.25, 'why': 'No evidence of operational workflow or process optimization expertise'}, {'objective': 2, 'alignment': 0.95, 'why': 'Strong capital markets and climate finance experience directly applicable to fundraising'}, {'objective': 3, 'alignment': 0.35, 'why': 'No evidence of technical recruitment or CTO hiring expertise'}]","[""Mentor's specific experience with early-stage fundraising or venture capital"", ""Mentor's network connections to potential investors in sustainable materials"", ""Mentor's experience with operational scaling or talent recruitment""]"
startup_009,MENTOR_012,0.68,0.75,"The mentor's 20+ years of public-private funding expertise and EU government advisory experience directly address the startup's €1.2M fundraising objective. However, the mentor lacks demonstrated expertise in operational workflow optimization, CTO recruitment, or industrialization strategy—critical needs for objectives 1 and 3 and the stated operational challenges.","[{'from': 'mentor', 'quote': '20+ years public-private funding expertise; advisor to EU governments and European Commission'}, {'from': 'startup', 'quote': ""Raise €1.2M EUR in funding to extend the company's runway by 48 months""}]","[{'objective': 1, 'alignment': 0.25, 'why': 'No evidence of operational workflow or industrialization expertise'}, {'objective': 2, 'alignment': 0.95, 'why': 'Strong match: deep funding expertise and EU government connections'}, {'objective': 3, 'alignment': 0.3, 'why': 'No evidence of talent recruitment or CTO search expertise'}]","[""Mentor's experience with operational scaling or industrialization strategy"", ""Mentor's track record in executive recruitment or CTO search"", ""Mentor's specific experience with materials/textile sector fundraising""]"
startup_009,MENTOR_013,0.28,0.7,"The mentor's expertise in agri-tech, sustainable agriculture, and project management offers limited direct relevance to the startup's immediate needs: optimizing operational/commercial workflows for marine biomass textiles, raising €1.2M in funding, and recruiting a CTO for product development. While sustainability alignment exists at a high level, the mentor lacks demonstrated expertise in textile engineering, materials science, fundraising strategy, or executive recruitment—all critical to the stated objectives and CEO challenges.","[{'from': 'mentor', 'quote': 'Agri Tech; Sustainable Agriculture'}, {'from': 'startup', 'quote': 'Recruit a CTO to lead product development, and R&D, enabling the CEO to dedicate more time to sales and fundraising activities.'}]","[{'objective': 1, 'alignment': 0.25, 'why': 'Project management skills may help workflow design, but no textile/materials operations expertise evident'}, {'objective': 2, 'alignment': 0.3, 'why': 'Investment tag suggests some fundraising exposure, but no evidence of direct fundraising execution or network'}, {'objective': 3, 'alignment': 0.15, 'why': 'No demonstrated experience in executive recruitment or CTO-level product development leadership'}]","['No evidence of textile or materials science expertise', 'No demonstrated fundraising track record or investor network', 'No experience in executive recruitment or scaling product development teams', 'Unclear how agri-tech/entomology expertise translates to marine biomass textiles']"
startup_009,MENTOR_014,0.42,0.65,"The mentor has relevant scaling and brand experience from co-founding Infarm, which could help with operational workflow optimization and fundraising narrative. However, there is no evidence of CTO recruitment expertise, technical R&D leadership, or textile/materials industry knowledge needed for the startup's most critical objectives.","[{'from': 'mentor', 'quote': 'Co-founder of Infarm; leads brand and communications'}, {'from': 'mentor', 'quote': 'Startup Scaling; Investment'}]","[{'objective': 1, 'alignment': 0.5, 'why': 'Scaling experience may inform operational workflow design'}, {'objective': 2, 'alignment': 0.55, 'why': 'Investment tag and startup scaling background relevant to fundraising'}, {'objective': 3, 'alignment': 0.2, 'why': 'No evidence of technical recruitment or CTO-level expertise'}]","['No specific fundraising track record or investor network details', 'No evidence of technical hiring or CTO recruitment experience', 'No textile, materials science, or manufacturing industry background', 'Limited detail on operational scaling methodologies']"
startup_009,MENTOR_015,0.28,0.75,"The mentor's expertise in strategic IP management and patent law offers limited direct help with the startup's current priorities: optimizing operational workflows, raising €1.2M in funding, and recruiting a CTO. While IP strategy may become relevant as the startup scales and protects its marine biomass conversion technology, it does not address the immediate operational, fundraising, or talent acquisition challenges.","[{'from': 'startup', 'quote': ""Raise €1.2M EUR in funding to extend the company's runway by 48 months""}, {'from': 'mentor', 'quote': 'Strategic IP Management; Law'}]","[{'objective': 1, 'alignment': 0.15, 'why': 'IP expertise does not directly optimize operational or commercial workflows'}, {'objective': 2, 'alignment': 0.35, 'why': 'IP strategy may support fundraising narrative but not core fundraising execution'}, {'objective': 3, 'alignment': 0.2, 'why': 'Patent law background does not assist with CTO recruitment or R&D leadership'}]","[""No evidence of mentor's experience in fundraising, operational scaling, or executive recruitment"", 'Unclear if mentor has connections to textile engineering or marine biomass sectors']"
startup_009,MENTOR_016,0.48,0.72,"The mentor has strong fundraising and scaling expertise relevant to objective 2 (raising €1.2M) and some relevance to objective 1 (operational workflow optimization through scaling experience). However, there is minimal direct expertise for objective 3 (recruiting a CTO for materials/textile R&D), as the mentor's technical background is in platform engineering and SaaS rather than materials science or manufacturing.","[{'from': 'mentor', 'quote': '70+ climate tech investments; venture partner at Point Nine'}, {'from': 'mentor', 'quote': 'Startup Scaling; Board Governance; Investment'}]","[{'objective': 1, 'alignment': 0.45, 'why': 'Scaling experience may inform operational workflow design, but not materials-specific'}, {'objective': 2, 'alignment': 0.75, 'why': 'Strong climate tech investment track record directly relevant to fundraising goals'}, {'objective': 3, 'alignment': 0.25, 'why': 'CTO experience exists but in SaaS/platform tech, not materials R&D domain'}]","['No evidence of materials science, textile engineering, or manufacturing operations expertise', ""Limited detail on mentor's specific approach to operational optimization in physical product companies""]"
startup_009,MENTOR_017,0.28,0.65,"The mentor's expertise in sustainability strategy and ESG may provide high-level guidance on positioning ER Ocean's sustainable materials value proposition, but there is no evidence of direct experience with operational workflow optimization, fundraising execution, or CTO recruitment—the three primary objectives. The mentor's background is corporate sustainability consulting rather than operational scaling or talent acquisition for early-stage material science startups.","[{'from': 'mentor', 'quote': 'Global ESG leader; CSRD & ESRS expert; AI-driven sustainability transformation'}, {'from': 'startup', 'quote': 'Design and implement an optimized operational and commercial workflow, aiming to reduce lead times.'}]","[{'objective': 1, 'alignment': 0.2, 'why': 'No evidence of operational workflow or supply chain optimization expertise'}, {'objective': 2, 'alignment': 0.35, 'why': 'Sustainability positioning may help fundraising narrative but no direct fundraising experience shown'}, {'objective': 3, 'alignment': 0.15, 'why': 'No evidence of technical recruitment or CTO search expertise'}]","['No evidence of operational scaling or workflow optimization experience', 'No evidence of fundraising or investor relations experience', 'No evidence of technical recruitment or talent acquisition expertise', 'No evidence of material science, textile engineering, or biomass processing domain knowledge']"
startup_009,MENTOR_018,0.58,0.72,"The mentor has strong operational scaling and GTM strategy expertise relevant to objective 1 (optimizing workflows) and partially relevant to objective 3 (recruiting key talent). However, there is no direct evidence of fundraising expertise for objective 2 or specific experience recruiting CTOs in deep tech/materials sectors. The mentor's agritech and climate tech background provides some domain context for marine biomass materials, but lacks direct textile or materials science experience.","[{'from': 'mentor', 'quote': 'scaled fintech, agritech & deep tech startups'}, {'from': 'mentor', 'quote': 'Startup Scaling; Operations; GTM Strategy'}]","[{'objective': 1, 'alignment': 0.75, 'why': 'Operations and scaling expertise directly applicable to workflow optimization'}, {'objective': 2, 'alignment': 0.35, 'why': 'No explicit fundraising expertise mentioned; generic startup experience only'}, {'objective': 3, 'alignment': 0.65, 'why': 'Executive leadership experience relevant to recruiting senior talent, though not CTO-specific'}]","['No evidence of fundraising or investor relations expertise for €1.2M raise', 'No specific experience recruiting CTOs or technical leadership in materials/textile sectors', 'Unclear if mentor has experience managing partner networks or industrialization strategies']"
startup_009,MENTOR_019,0.68,0.72,"The mentor has strong expertise in fundraising, startup scaling, and sales optimization, which directly addresses objectives 2 and 1. However, there is no evidence of technical recruiting expertise (CTO hiring) or deep operational workflow design for manufacturing/materials, limiting alignment with objectives 3 and 1's operational component.","[{'from': 'mentor', 'quote': 'Advises startups on sustainable growth, sales optimization, and investor readiness'}, {'from': 'startup', 'quote': ""Raise €1.2M EUR in funding to extend the company's runway by 48 months""}]","[{'objective': 1, 'alignment': 0.55, 'why': 'Sales optimization relevant; operational workflow design for materials production unclear'}, {'objective': 2, 'alignment': 0.85, 'why': 'Direct match: fundraising and investor readiness are core mentor expertise'}, {'objective': 3, 'alignment': 0.45, 'why': 'No evidence of technical recruiting or CTO hiring expertise'}]","[""Mentor's experience with technical recruiting or CTO hiring"", ""Mentor's operational expertise in manufacturing/materials workflow optimization"", ""Mentor's experience with industrialization strategy for partner networks""]"
startup_009,MENTOR_020,0.42,0.65,"The mentor has strong investment expertise relevant to objective 2 (raising €1.2M funding) and board governance experience that could support operational structuring (objective 1). However, there is no evidence of expertise in recruiting technical talent (objective 3), marine biomass/textiles domain, or industrialization strategy for manufacturing networks, which are central to the startup's current challenges.","[{'from': 'mentor', 'quote': 'Investment; Board Governance'}, {'from': 'startup', 'quote': ""Raise €1.2M EUR in funding to extend the company's runway by 48 months""}]","[{'objective': 1, 'alignment': 0.35, 'why': 'Board governance may help workflow optimization, but no direct operational expertise shown'}, {'objective': 2, 'alignment': 0.7, 'why': 'Investment expertise directly relevant to fundraising objective'}, {'objective': 3, 'alignment': 0.2, 'why': 'No evidence of CTO recruitment or technical talent acquisition expertise'}]","['No evidence of marine biomass, textiles, or sustainable materials expertise', 'No evidence of CTO/technical recruitment experience', 'No evidence of manufacturing industrialization or partner network management experience', ""Mentor's tech focus (Nuclear, Semiconductors, Industrial Tech) does not align with marine biomass textiles""]"
startup_009,MENTOR_021,0.28,0.65,"The mentor's expertise in climate tech and sustainability strategy provides general domain alignment with ER Ocean's marine biomass materials, but lacks direct relevance to the startup's immediate operational needs: optimizing workflows, fundraising €1.2M, and recruiting a CTO. The mentor's corporate innovation and consulting background may offer limited generic guidance, but there is no evidence of expertise in operational scaling, fundraising execution, or technical recruitment for materials/textile companies.","[{'from': 'mentor', 'quote': 'Climate Tech; Data & Analytics; AI for Sustainability'}, {'from': 'startup', 'quote': 'Recruit a CTO to lead product development, and R&D'}]","[{'objective': 1, 'alignment': 0.25, 'why': 'No evidence of operational workflow optimization expertise for materials companies'}, {'objective': 2, 'alignment': 0.2, 'why': 'No demonstrated fundraising or investor network expertise for early-stage deeptech'}, {'objective': 3, 'alignment': 0.15, 'why': 'No evidence of technical recruitment expertise or CTO network in materials/textiles'}]","[""Mentor's specific experience with operational scaling in manufacturing/materials"", ""Mentor's fundraising track record or investor connections"", ""Mentor's network for technical recruitment in textiles/materials R&D"", ""Mentor's hands-on experience with early-stage startup challenges vs. corporate consulting""]"
startup_009,MENTOR_022,0.28,0.45,"Insufficient info. The mentor's profile provides minimal detail about their expertise. While their background in entrepreneurship, innovation leadership, and energy policy suggests general startup guidance capability, there is no clear evidence of expertise in operational workflow optimization, fundraising for materials/textile startups, CTO recruitment, or industrialization strategy for biomass-to-textile supply chains.","[{'from': 'mentor', 'quote': 'Director of Entrepreneurship & Innovation at École Polytechnique'}, {'from': 'mentor', 'quote': 'former SATT President; energy policy expert'}]","[{'objective': 1, 'alignment': 0.25, 'why': 'No evidence of operational workflow or supply chain expertise'}, {'objective': 2, 'alignment': 0.35, 'why': 'Entrepreneurship role suggests possible fundraising guidance, but no specific evidence'}, {'objective': 3, 'alignment': 0.2, 'why': 'No evidence of technical recruitment or CTO hiring expertise'}]","[""Mentor's specific experience with fundraising or investor networks"", ""Mentor's expertise in operational scaling or supply chain management"", ""Mentor's experience with technical recruitment or team building"", ""Mentor's knowledge of materials, textiles, or marine biomass sectors"", ""Mentor's track record with industrialization or manufacturing strategy""]"
startup_009,MENTOR_023,0.42,0.7,"The mentor's 35 years of global finance leadership and fundraising expertise align moderately with objective 2 (raising €1.2M). However, there is no evidence of expertise in operational workflow optimization, CTO recruitment, textile engineering, or industrialization strategy—the core current needs. The mentor's background in institutional finance may provide some value for fundraising guidance, but lacks direct relevance to the startup's operational and technical challenges.","[{'from': 'mentor', 'quote': '35 years global finance leadership; former Amundi Global Head of Sales'}, {'from': 'startup', 'quote': ""Raise €1.2M EUR in funding to extend the company's runway by 48 months""}]","[{'objective': 1, 'alignment': 0.15, 'why': 'No evidence of operational workflow or materials manufacturing expertise'}, {'objective': 2, 'alignment': 0.65, 'why': 'Strong finance background relevant to fundraising strategy and investor relations'}, {'objective': 3, 'alignment': 0.2, 'why': 'No evidence of technical recruitment or CTO search expertise in sustainable materials'}]","['No evidence of operational scaling or workflow optimization experience', 'No evidence of technical recruitment or CTO search capabilities', 'No evidence of industrialization strategy or partner network management', 'No evidence of sustainable materials, textiles, or marine biomass sector experience']"
startup_009,MENTOR_024,0.12,0.85,"Insufficient info to assess fit. The mentor profile provides only academic affiliation (PhD Candidate at Carnegie Mellon) and CDL program participation, with no information about domain expertise, operational experience, fundraising knowledge, or technical capabilities relevant to sustainable materials, textiles, operations optimization, or CTO recruitment.","[{'from': 'mentor', 'quote': 'PhD Candidate'}, {'from': 'startup', 'quote': 'Recruit a CTO to lead product development, and R&D'}]","[{'objective': 1, 'alignment': 0.1, 'why': 'No evidence of operational or workflow optimization expertise'}, {'objective': 2, 'alignment': 0.15, 'why': 'No evidence of fundraising experience or investor network'}, {'objective': 3, 'alignment': 0.12, 'why': 'No evidence of technical recruiting or materials science expertise'}]","[""Mentor's research focus or PhD domain"", ""Mentor's industry experience or operational background"", ""Mentor's expertise in materials science, textiles, or sustainability"", ""Mentor's fundraising or investor relations experience"", ""Mentor's technical recruiting or team-building experience"", ""Mentor's commercial or sales experience""]"
startup_009,MENTOR_025,0.28,0.75,"The mentor's automotive and software-defined vehicle expertise shows minimal direct relevance to marine biomass textiles. While consulting and joint venture management experience could offer generic operational guidance, there is no evidence of expertise in materials science, textile engineering, sustainable materials, fundraising for biotech/materials startups, or recruiting CTOs in this domain. Insufficient alignment with current objectives.","[{'from': 'mentor', 'quote': '30+ years automotive leadership; GM Canada & China; SDV transformation expert'}, {'from': 'mentor', 'quote': 'Joint Venture Management; Consulting'}]","[{'objective': 1, 'alignment': 0.35, 'why': 'Generic consulting experience may help with operational workflow, but no textile/materials industry expertise'}, {'objective': 2, 'alignment': 0.15, 'why': 'No evidence of fundraising expertise or connections in sustainable materials/biotech sectors'}, {'objective': 3, 'alignment': 0.2, 'why': 'No evidence of recruiting experience in materials science or textile engineering domains'}]","['No evidence of sustainable materials or textile industry experience', 'No evidence of fundraising expertise relevant to biotech/materials startups', 'No evidence of recruiting expertise for technical roles in materials science', 'No evidence of partner network management in manufacturing/materials contexts']"
startup_009,MENTOR_026,0.28,0.65,"The mentor's expertise in digital transformation and operations offers generic relevance to workflow optimization (objective 1), but there is no evidence of experience in fundraising, CTO recruitment, materials science, textile engineering, or industrialization strategy—the startup's most critical current needs. Insufficient information to assess credible linkage to objectives 2 and 3.","[{'from': 'mentor', 'quote': 'Digital transformation leader'}, {'from': 'mentor', 'quote': 'Operations'}]","[{'objective': 1, 'alignment': 0.45, 'why': 'Digital transformation and operations experience may help optimize workflows'}, {'objective': 2, 'alignment': 0.15, 'why': 'No evidence of fundraising expertise or investor network'}, {'objective': 3, 'alignment': 0.1, 'why': 'No evidence of CTO recruitment or technical hiring experience'}]","['No fundraising or investor relations experience mentioned', 'No technical recruitment or talent acquisition expertise', 'No materials science, textile engineering, or manufacturing domain knowledge', 'No evidence of industrialization strategy or partner network management experience']"
startup_009,MENTOR_027,0.28,0.75,"The mentor's expertise in industrial automation and operational scaling from Siemens/McKinsey could provide generic guidance on workflow optimization and industrialization strategy. However, there is no evidence of domain knowledge in sustainable materials, textiles, marine biomass, fundraising for early-stage biotech/materials startups, or CTO recruitment in this sector, which are the startup's most critical current needs.","[{'from': 'mentor', 'quote': 'Former Siemens Executive Committee; ex-McKinsey Global Director'}, {'from': 'startup', 'quote': 'establish a clear industrialization strategy and implementation plan to ensure consistent quality, operational efficiency, and accountability across the partner network'}]","[{'objective': 1, 'alignment': 0.45, 'why': 'Industrial automation experience may help with operational workflow, but no textile/materials manufacturing expertise evident'}, {'objective': 2, 'alignment': 0.15, 'why': 'M&A experience listed, but no evidence of early-stage fundraising or materials/biotech investor network'}, {'objective': 3, 'alignment': 0.2, 'why': 'No evidence of talent recruitment expertise in materials science, textiles, or relevant technical domains'}]","['No evidence of sustainable materials or textile industry experience', 'No evidence of early-stage startup fundraising expertise', 'No evidence of CTO recruitment or talent acquisition experience', 'No evidence of marine biomass or biotech domain knowledge']"
startup_009,MENTOR_028,0.42,0.65,"The mentor has investment and climate tech expertise relevant to the fundraising objective (Objective 2), but lacks demonstrated experience in operational workflow optimization, CTO recruitment, or textile/materials manufacturing. The profile provides insufficient evidence of hands-on operational scaling or talent recruitment capabilities needed for Objectives 1 and 3.","[{'from': 'mentor', 'quote': 'DeepTech & climate venturing leader'}, {'from': 'startup', 'quote': ""Raise €1.2M EUR in funding to extend the company's runway by 48 months""}]","[{'objective': 1, 'alignment': 0.25, 'why': 'No evidence of operational workflow or manufacturing optimization expertise'}, {'objective': 2, 'alignment': 0.7, 'why': 'Investment background and climate tech venturing directly relevant to fundraising'}, {'objective': 3, 'alignment': 0.3, 'why': 'Former CIO experience may help with tech hiring but no specific CTO recruitment evidence'}]","['No evidence of operational scaling or manufacturing workflow expertise', 'No demonstrated experience in talent recruitment or team building', 'Unclear if mentor has textile/materials industry knowledge or relevant network']"
startup_009,MENTOR_029,0.12,0.85,"The mentor's expertise in autonomous systems, safety assurance, EV, mobility, and government policy shows no credible linkage to the startup's current objectives of optimizing operational workflows for marine biomass textiles, raising €1.2M funding, or recruiting a CTO for materials R&D. Insufficient info on any relevant experience in materials science, textile engineering, sustainable materials commercialization, or fundraising for biotech/materials startups.","[{'from': 'mentor', 'quote': 'Autonomous Systems; Safety Assurance; EV; Mobility'}, {'from': 'startup', 'quote': 'Recruit a CTO to lead product development, and R&D'}]","[{'objective': 1, 'alignment': 0.05, 'why': 'No expertise in textile/materials operational workflows'}, {'objective': 2, 'alignment': 0.15, 'why': 'No evidence of fundraising experience in materials/biotech sectors'}, {'objective': 3, 'alignment': 0.1, 'why': 'CTO recruitment needs materials R&D expertise, not autonomy/mobility'}]","['No evidence of materials science or textile engineering expertise', 'No evidence of sustainable materials commercialization experience', 'No evidence of fundraising or startup scaling in biotech/materials sectors', 'No evidence of operational workflow optimization in manufacturing/materials']"
startup_009,MENTOR_030,0.42,0.7,"The mentor's M&A and investment expertise provides moderate relevance to the €1.2M fundraising objective (objective 2), but there is limited evidence of capability to help with operational workflow optimization, CTO recruitment, or industrialization strategy for marine biomass materials. The mentor's background in fintech and financial services does not directly address the startup's current operational and technical challenges.","[{'from': 'startup', 'quote': ""Raise €1.2M EUR in funding to extend the company's runway by 48 months""}, {'from': 'mentor', 'quote': 'Former Lazard & Goldman Sachs banker; ex-Citadel; Natixis executive'}]","[{'objective': 1, 'alignment': 0.15, 'why': 'No evidence of operational workflow or materials manufacturing expertise'}, {'objective': 2, 'alignment': 0.75, 'why': 'Strong investment banking background relevant to fundraising strategy'}, {'objective': 3, 'alignment': 0.2, 'why': 'Limited evidence of technical recruitment or CTO search expertise'}]","[""No information on mentor's experience with sustainable materials or textile industry"", 'No evidence of operational scaling or industrialization strategy expertise', ""No information on mentor's network in deep-tech or materials science sectors""]"
startup_009,MENTOR_031,0.28,0.7,"The mentor's expertise in digital marketing and data-driven marketing offers limited relevance to the startup's immediate priorities: optimizing operational workflows, raising €1.2M in funding, and recruiting a CTO for product development. While marketing experience could tangentially support commercial activities, there is no evidence of expertise in fundraising, operational optimization, materials science R&D leadership, or technical recruitment—the core needs now.","[{'from': 'mentor', 'quote': '24+ years digital marketing; connected medical solutions specialist'}, {'from': 'startup', 'quote': 'ER Ocean relies heavily on the CEO to manage operations, which limits the time available for commercial activities and fundraising.'}]","[{'objective': 1, 'alignment': 0.15, 'why': 'No evidence of operational workflow or supply chain optimization expertise'}, {'objective': 2, 'alignment': 0.25, 'why': 'Marketing background does not directly address fundraising or investor relations'}, {'objective': 3, 'alignment': 0.1, 'why': 'No indication of technical recruitment, R&D leadership, or CTO-level expertise'}]","['No evidence of fundraising or investor relations experience', 'No operational or supply chain optimization background', 'No technical recruitment or R&D leadership expertise', 'Unclear how digital marketing applies to B2B textile/materials sales or industrialization strategy']"
startup_009,MENTOR_032,0.48,0.65,"The mentor has strong fundraising expertise (raised £2bn+) directly relevant to objective 2 (raising €1.2M), and experience in startup scaling relevant to operational workflow optimization. However, there is no evidence of expertise in CTO recruitment, textile engineering, materials science, or industrialization strategy for manufacturing networks—critical gaps for objectives 1 and 3 and the stated operational challenges.","[{'from': 'mentor', 'quote': 'Raised £2bn+; founder of Torvius; serial entrepreneur'}, {'from': 'mentor', 'quote': 'Board Governance; Investment; Startup Scaling'}]","[{'objective': 1, 'alignment': 0.4, 'why': 'Startup scaling experience may help with workflow optimization, but no specific operational or manufacturing expertise evident'}, {'objective': 2, 'alignment': 0.75, 'why': 'Strong fundraising track record (£2bn+) directly applicable to €1.2M raise'}, {'objective': 3, 'alignment': 0.3, 'why': 'No evidence of CTO recruitment expertise or technical hiring in materials/textile domains'}]","['No evidence of CTO or technical talent recruitment experience', 'No expertise in materials science, textiles, or marine biomass sectors', 'No demonstrated experience with industrialization strategy or manufacturing partner networks', 'Unclear if fundraising experience is relevant to early-stage deep-tech materials companies']"
startup_009,MENTOR_033,0.58,0.72,"The mentor has strong strategic and operational expertise from McKinsey and BNEF that could help with workflow optimization and fundraising strategy. However, there is limited evidence of direct experience with CTO recruitment, textile engineering, or managing distributed manufacturing partner networks specific to materials/textiles.","[{'from': 'mentor', 'quote': 'Former Global Head of Analysis at BNEF; ex-McKinsey Partner'}, {'from': 'startup', 'quote': ""Raise €1.2M EUR in funding to extend the company's runway by 48 months""}]","[{'objective': 1, 'alignment': 0.65, 'why': 'McKinsey operational expertise applicable to workflow optimization'}, {'objective': 2, 'alignment': 0.7, 'why': 'Investor/advisor role and BNEF experience relevant to fundraising strategy'}, {'objective': 3, 'alignment': 0.4, 'why': 'No explicit evidence of technical recruitment or CTO hiring expertise'}]","['No evidence of experience recruiting technical leadership (CTO)', 'No explicit experience with distributed manufacturing or partner network management', ""Limited detail on mentor's specific advisory methods or startup engagement approach""]"
startup_009,MENTOR_034,0.42,0.65,"The mentor has materials science expertise and VC experience relevant to fundraising (objective 2), but lacks demonstrated operational workflow optimization, CTO recruitment, or textile/biomass-specific expertise needed for objectives 1 and 3. The materials science background provides some credibility for technical discussions but insufficient evidence of direct help with current operational challenges and talent recruitment.","[{'from': 'mentor', 'quote': 'Head of Science at CDR-focused VC'}, {'from': 'mentor', 'quote': 'Materials Science'}]","[{'objective': 1, 'alignment': 0.25, 'why': 'No evidence of operational workflow or lead time optimization expertise'}, {'objective': 2, 'alignment': 0.7, 'why': 'VC experience directly relevant to fundraising strategy and investor engagement'}, {'objective': 3, 'alignment': 0.3, 'why': 'No demonstrated experience in CTO recruitment or talent acquisition'}]","['No evidence of operational scaling or workflow optimization experience', 'No demonstrated expertise in textile engineering or marine biomass materials', 'No information about talent recruitment or team building experience', 'Unclear if materials science background extends to sustainable textiles or biomass conversion']"
startup_010,MENTOR_001,0.28,0.75,"The mentor's expertise in renewables law, transactions, and policy influence offers limited direct help with the startup's current objectives: demo plant construction, securing construction chemicals off-take agreements, and recruiting technical roles (materials scientist, process engineer, CFO). While legal/transactional skills could tangentially support MoU negotiations, the mentor lacks demonstrated expertise in industrial construction, cement/materials chemistry customer relationships, or technical hiring in process engineering.","[{'from': 'startup', 'quote': 'Sign an MoU with at least one of the four identified customers in the construction chemicals sector'}, {'from': 'mentor', 'quote': 'General Counsel for EMEA and Global Head of Transactions at Lightsource bp'}]","[{'objective': 1, 'alignment': 0.15, 'why': 'No evidence of construction project management or industrial plant build-out expertise'}, {'objective': 2, 'alignment': 0.45, 'why': 'Transactional and legal experience could assist MoU structuring, though not in construction chemicals sector'}, {'objective': 3, 'alignment': 0.2, 'why': 'No demonstrated expertise in recruiting technical roles or materials science talent'}]","[""Mentor's experience with industrial construction or manufacturing projects"", ""Mentor's network or expertise in construction chemicals or cement industry"", ""Mentor's involvement in technical hiring or CFO recruitment""]"
startup_010,MENTOR_002,0.73,0.82,"Mentor has highly relevant experience as former Chief Sustainability & Innovation Officer at Holcim (a major cement company) and board member at Anglo American, directly aligning with the startup's cement decarbonization focus and construction chemicals customer engagement needs. Strong operational background from 27+ years at Schlumberger provides credible support for demo plant execution challenges, though specific expertise in technical hiring and early-stage CFO recruitment is less evident.","[{'from': 'mentor', 'quote': 'former Chief Sustainability & Innovation Officer at Holcim'}, {'from': 'startup', 'quote': 'Sign an MoU with at least one of the four identified customers in the construction chemicals sector'}]","[{'objective': 1, 'alignment': 0.68, 'why': 'Operations Management expertise and industrial transformation background support demo plant execution'}, {'objective': 2, 'alignment': 0.85, 'why': 'Direct Holcim experience and sustainable construction expertise highly relevant for construction chemicals customer negotiations'}, {'objective': 3, 'alignment': 0.55, 'why': 'Senior executive experience provides general hiring insights but lacks specific technical recruiting or CFO search expertise'}]","['No explicit evidence of demo plant construction management experience', ""Limited detail on mentor's direct involvement in technical talent acquisition""]"
startup_010,MENTOR_003,0.48,0.55,"Mentor has relevant sustainability and industrial technology experience, plus business development expertise that could help with customer off-take agreements (objective 2). However, there is insufficient evidence of hands-on expertise in plant construction management, materials science recruitment, or process engineering—the core technical challenges in objectives 1 and 3. The mentor's background is more strategic/investment-focused than operationally specific to cement production or demonstration plant execution.","[{'from': 'mentor', 'quote': '20+ years developing sustainable innovation; sold 100+ employee startup to Screen Japan'}, {'from': 'mentor', 'quote': 'Business Development; Investment; Strategic Partnerships'}]","[{'objective': 1, 'alignment': 0.25, 'why': 'No evidence of demo plant construction or project management expertise'}, {'objective': 2, 'alignment': 0.7, 'why': 'Business development and strategic partnerships directly relevant to MoU negotiations'}, {'objective': 3, 'alignment': 0.35, 'why': 'Startup scaling experience may help with hiring strategy, but no technical recruiting specifics'}]","['No evidence of construction/manufacturing project execution experience', 'No evidence of technical recruiting expertise for materials scientists or process engineers', 'Mentor bio is empty; limited detail on operational vs. strategic focus']"
startup_010,MENTOR_004,0.42,0.55,"The mentor's climate tech focus and startup scaling experience provide general relevance to Co-reactive's decarbonization mission and growth stage. However, there is insufficient evidence of specific expertise in construction chemicals customer negotiations, demonstration plant execution, or technical hiring for materials science/process engineering roles that directly address the startup's three current objectives and stated challenges.","[{'from': 'mentor', 'quote': 'Climate Tech; Energy Transition'}, {'from': 'mentor', 'quote': 'Startup Scaling'}]","[{'objective': 1, 'alignment': 0.25, 'why': 'No evidence of construction/plant execution expertise'}, {'objective': 2, 'alignment': 0.65, 'why': 'Partnerships development and financial services background may support customer MoU negotiations'}, {'objective': 3, 'alignment': 0.35, 'why': 'General startup scaling experience but no specific technical recruiting expertise shown'}]","['No specific experience in industrial plant construction or project management', 'No evidence of construction chemicals industry knowledge or B2B sales expertise', 'No demonstrated track record in technical talent acquisition for materials science or process engineering roles', 'Mentor bio and profile interview fields are empty, limiting assessment depth']"
startup_010,MENTOR_005,0.28,0.45,"The mentor's expertise in policy influence and government advisory may offer generic strategic value, but there is no direct evidence of experience with demonstration plant construction, construction chemicals customer negotiations, or recruiting materials scientists and process engineers. The current objectives require operational and technical execution capabilities not demonstrated in the mentor profile.","[{'from': 'startup', 'quote': 'Begin the construction of the demo plant on January 12 and complete delivery of all components'}, {'from': 'mentor', 'quote': 'Founder of How to Change the World; former Head of UCL STEaPP; adjunct professor'}]","[{'objective': 1, 'alignment': 0.15, 'why': 'No evidence of construction project management or plant build-out expertise'}, {'objective': 2, 'alignment': 0.35, 'why': 'Policy influence background may help indirectly with customer strategy but no direct B2B sales experience shown'}, {'objective': 3, 'alignment': 0.25, 'why': 'Academic background suggests network but no demonstrated technical recruiting expertise for materials scientists or process engineers'}]","[""No information on mentor's experience with industrial plant construction or project management"", 'No evidence of B2B sales, customer negotiations, or off-take agreement experience', 'No demonstrated expertise in technical recruiting for materials science or process engineering roles', 'Mentor profile lacks detail on specific operational or execution capabilities relevant to current objectives']"
startup_010,MENTOR_006,0.48,0.65,"The mentor has cleantech commercial development and sustainability strategy expertise relevant to Co-reactive's decarbonization mission, but lacks direct evidence of construction project management, materials science recruitment, or off-take agreement negotiation experience. The mentor's background may help with strategic positioning and ESG framing but shows limited alignment with the immediate operational challenges of demo plant construction, technical hiring, and customer contract conversion.","[{'from': 'mentor', 'quote': 'Cleantech Commercial Development'}, {'from': 'startup', 'quote': 'Converting customer interest into long-term off-take agreements while managing potential volume delivery limits.'}]","[{'objective': 1, 'alignment': 0.25, 'why': 'No evidence of construction project management or industrial plant build-out expertise'}, {'objective': 2, 'alignment': 0.65, 'why': 'Cleantech commercial development experience may support customer engagement and MoU structuring'}, {'objective': 3, 'alignment': 0.35, 'why': 'No specific evidence of technical recruitment expertise for materials scientists or process engineers'}]","['No evidence of construction or industrial project execution experience', 'No specific technical hiring or talent acquisition expertise mentioned', 'Limited detail on commercial contract negotiation or off-take agreement structuring']"
startup_010,MENTOR_007,0.73,0.82,"The mentor has strong materials science expertise (PhD) and proven experience scaling a climate tech startup (Kurion) to a $350M acquisition, directly relevant to recruiting technical talent and navigating demonstration plant execution. Investment background at Breakthrough Energy Ventures Europe aligns well with securing customer off-take agreements in the climate/materials sector, though specific construction chemicals or cement industry experience is not evident.","[{'from': 'mentor', 'quote': 'Co-founder & CTO of Kurion; Fukushima deployment; acquired by Veolia for $350M; PhD Materials Science'}, {'from': 'startup', 'quote': 'Recruit a senior materials scientist and a process engineer and prepare a detailed profile for the CFO position'}]","[{'objective': 1, 'alignment': 0.65, 'why': 'Scaling experience with complex technical deployments; no specific construction project management expertise shown'}, {'objective': 2, 'alignment': 0.72, 'why': 'Investment role and climate tech network likely valuable for customer introductions and deal structuring'}, {'objective': 3, 'alignment': 0.82, 'why': 'Materials science PhD and CTO experience directly relevant for recruiting technical roles and defining CFO profile'}]","['No explicit experience in cement/construction chemicals sector', 'Unclear if mentor has direct hiring/recruiting expertise beyond own company building']"
startup_010,MENTOR_008,0.48,0.65,"The mentor's sustainability and industrial focus from McKinsey aligns with Co-reactive's climate tech domain, and advisory experience with green tech investors could help with customer engagement strategy. However, there is no direct evidence of expertise in plant construction execution, materials science hiring, or cement/construction chemicals sector-specific off-take negotiations, which are the startup's three primary current objectives.","[{'from': 'mentor', 'quote': '27 years McKinsey Senior Partner; sustainability & industrial focus; advises European green tech investors'}, {'from': 'startup', 'quote': 'Converting customer interest into long-term off-take agreements while managing potential volume delivery limits.'}]","[{'objective': 1, 'alignment': 0.25, 'why': 'No evidence of plant construction or project execution expertise'}, {'objective': 2, 'alignment': 0.65, 'why': 'Industrial and sustainability focus may help with construction chemicals customer strategy'}, {'objective': 3, 'alignment': 0.35, 'why': 'General consulting background but no specific technical recruiting expertise shown'}]","['No evidence of plant construction or engineering project management experience', 'No specific expertise in technical talent acquisition or materials science recruiting', 'No demonstrated experience in cement, construction chemicals, or materials off-take agreements']"
startup_010,MENTOR_009,0.28,0.65,"The mentor's expertise in deep-tech startup programs and scaling may offer generic guidance on fundraising and organizational growth, but there is no evidence of specific expertise in construction chemicals, cement production, materials science recruitment, or industrial plant construction. The technical domains (semiconductors, silicon carbide) are unrelated to CO2 mineralization and cement additives, limiting actionable help for the startup's current objectives.","[{'from': 'mentor', 'quote': 'Manages deep-tech startup programs at CEA-Liten'}, {'from': 'startup', 'quote': 'Begin the construction of the demo plant on January 12 and complete delivery of all components'}]","[{'objective': 1, 'alignment': 0.15, 'why': 'No evidence of industrial plant construction or project management expertise'}, {'objective': 2, 'alignment': 0.25, 'why': 'Generic startup scaling experience may help with customer engagement strategies'}, {'objective': 3, 'alignment': 0.3, 'why': 'Startup program management may provide general hiring insights but no materials science domain expertise'}]","[""Mentor's specific experience with industrial manufacturing or construction projects"", ""Mentor's network or expertise in construction chemicals or cement industry"", ""Mentor's track record in technical hiring for materials science or process engineering roles""]"
startup_010,MENTOR_010,0.42,0.65,"The mentor has clean technology experience and startup scaling expertise relevant to Co-reactive's demonstration plant build-out and growth phase. However, the profile lacks specific evidence of expertise in materials science hiring, construction chemicals customer negotiations, or cement/mineralization technology, which are the startup's most pressing current needs.","[{'from': 'mentor', 'quote': 'Clean Technology'}, {'from': 'mentor', 'quote': 'Startup Scaling'}]","[{'objective': 1, 'alignment': 0.35, 'why': 'General startup scaling experience but no construction/plant build-out expertise evident'}, {'objective': 2, 'alignment': 0.5, 'why': 'Investment background may help with customer MoU structuring but no construction chemicals sector experience shown'}, {'objective': 3, 'alignment': 0.4, 'why': 'Serial entrepreneur with hiring experience but no specific materials science or technical recruiting expertise evident'}]","['No evidence of construction/manufacturing plant execution experience', 'No demonstrated expertise in construction chemicals or cement industry customer relationships', 'No specific technical hiring experience for materials scientists or process engineers', 'Mentor bio is empty, limiting assessment of relevant experience depth']"
startup_010,MENTOR_011,0.42,0.65,"The mentor's climate finance and capital markets expertise offers moderate relevance to the startup's fundraising success and potential future rounds, but provides limited direct help with the current operational priorities: demo plant construction, securing customer off-take agreements, and recruiting technical staff. The mentor's decarbonization knowledge and COP28/policy experience may offer strategic context but lack actionable guidance for immediate execution challenges.","[{'from': 'startup', 'quote': 'Converting customer interest into long-term off-take agreements while managing potential volume delivery limits.'}, {'from': 'mentor', 'quote': '25+ years Canadian capital markets; B20 taskforce member; speaker at COP28; climate finance advisor'}]","[{'objective': 1, 'alignment': 0.15, 'why': 'No evident expertise in construction project management or plant build-out execution'}, {'objective': 2, 'alignment': 0.55, 'why': 'Capital markets and ESG experience may help frame commercial partnerships and customer value propositions'}, {'objective': 3, 'alignment': 0.25, 'why': 'Limited evidence of technical recruiting expertise or network in materials science/process engineering'}]","[""Mentor's specific experience with industrial customer negotiations or off-take agreements"", ""Mentor's network or track record in technical talent acquisition"", ""Mentor's hands-on operational experience with demonstration or pilot plant projects""]"
startup_010,MENTOR_012,0.42,0.65,"The mentor's expertise in EU-funded project coordination and public-private funding could provide some value for navigating regulatory frameworks and potential funding opportunities relevant to a climate tech demonstration plant. However, there is no direct evidence of expertise in B2B off-take agreements in construction chemicals, technical hiring for materials science/process engineering roles, or managing industrial plant construction timelines and budgets. The alignment is generic rather than specifically addressing the startup's most pressing current needs.","[{'from': 'mentor', 'quote': '20+ years public-private funding expertise; advisor to EU governments and European Commission'}, {'from': 'mentor', 'quote': 'EU-Funded Project Coordination; Policy Influence; B2B Sales'}]","[{'objective': 1, 'alignment': 0.25, 'why': 'No evidence of construction project management or industrial plant build-out expertise'}, {'objective': 2, 'alignment': 0.55, 'why': 'B2B sales experience may help with MoU negotiations, though not construction chemicals-specific'}, {'objective': 3, 'alignment': 0.2, 'why': 'No evidence of technical recruiting expertise for materials scientists or process engineers'}]","['No evidence of industrial plant construction or project management experience', 'No evidence of technical hiring expertise for specialized engineering roles', 'Limited detail on construction chemicals sector or materials off-take agreement experience']"
startup_010,MENTOR_013,0.28,0.75,"The mentor's expertise in agri-tech, sustainable agriculture, and insect ecology has minimal direct relevance to Co-reactive's current objectives of constructing a cement mineralization demo plant, securing construction chemical customer agreements, and recruiting materials scientists and process engineers. While the mentor has project management experience, there is insufficient evidence of expertise in industrial-scale chemical process engineering, cement/construction materials, or the specific technical domains needed now.","[{'from': 'mentor', 'quote': 'Project Management'}, {'from': 'startup', 'quote': 'Executing the demonstration plant build-out on time and within budget despite possible delivery and scheduling challenges.'}]","[{'objective': 1, 'alignment': 0.35, 'why': 'Generic project management skills may offer limited help with demo plant construction timeline/budget'}, {'objective': 2, 'alignment': 0.15, 'why': 'No evidence of expertise in construction chemicals sector or materials off-take agreements'}, {'objective': 3, 'alignment': 0.2, 'why': 'No demonstrated experience recruiting materials scientists or process engineers in cement/chemical industries'}]","[""Mentor's specific project management experience in industrial/chemical sectors unclear"", 'No evidence of cement, construction materials, or CO2 mineralization domain knowledge', 'Unclear if mentor has relevant network in construction chemicals or materials science recruitment']"
startup_010,MENTOR_014,0.28,0.72,"The mentor's expertise in startup scaling and brand/communications from Infarm provides generic startup growth knowledge but lacks direct relevance to Co-reactive's immediate technical needs: demo plant construction, materials off-take agreements in construction chemicals, and recruiting materials scientists/process engineers. The mentor's background in vertical farming and agri-tech does not translate to cement production technology or industrial plant operations.","[{'from': 'startup', 'quote': 'Begin the construction of the demo plant on January 12 and complete delivery of all components to the Düsseldorf site by January 31'}, {'from': 'mentor', 'quote': 'Co-founder of Infarm; leads brand and communications; background in film and journalism'}]","[{'objective': 1, 'alignment': 0.15, 'why': 'No demonstrated expertise in industrial plant construction or engineering project management'}, {'objective': 2, 'alignment': 0.35, 'why': 'Startup scaling experience may offer generic insights on customer agreements but not construction chemicals sector-specific'}, {'objective': 3, 'alignment': 0.25, 'why': 'General startup hiring experience but no evidence of recruiting technical roles like materials scientists or process engineers'}]","[""Mentor's specific experience with B2B sales or off-take agreements"", ""Mentor's involvement in technical hiring or engineering team building"", ""Mentor's knowledge of industrial manufacturing or hard-tech operations""]"
startup_010,MENTOR_015,0.28,0.72,"The mentor's expertise in strategic IP management and patent law offers limited direct help with the startup's immediate objectives: demo plant construction, signing customer MoUs, and recruiting technical staff. While IP strategy may become relevant for protecting the CO2 mineralization technology, it does not address the current operational, commercial, or hiring challenges. Insufficient evidence of construction, sales negotiation, or technical recruitment expertise.","[{'from': 'mentor', 'quote': 'Strategic IP Management; Law'}, {'from': 'startup', 'quote': 'Begin the construction of the demo plant on January 12 and complete delivery of all components'}]","[{'objective': 1, 'alignment': 0.05, 'why': 'No construction or engineering project management expertise evident'}, {'objective': 2, 'alignment': 0.15, 'why': 'IP considerations may tangentially support commercial negotiations but not core sales/MoU expertise'}, {'objective': 3, 'alignment': 0.1, 'why': 'No demonstrated technical recruiting or HR expertise for materials scientists or process engineers'}]","['No evidence of construction/project management experience', 'No evidence of commercial sales or customer negotiation experience', 'No evidence of technical recruiting or talent acquisition expertise', 'Mentor profile lacks detail on operational or business development capabilities']"
startup_010,MENTOR_016,0.28,0.75,"The mentor's expertise in climate tech investment and startup scaling provides generic strategic value, but lacks direct relevance to Co-reactive's immediate operational needs: demo plant construction execution, materials science hiring, and securing construction chemicals off-take agreements. The mentor's technical background is in software/platform engineering rather than industrial process engineering or materials science.","[{'from': 'mentor', 'quote': '70+ climate tech investments'}, {'from': 'startup', 'quote': 'Executing the demonstration plant build-out on time and within budget despite possible delivery and scheduling challenges.'}]","[{'objective': 1, 'alignment': 0.15, 'why': 'No industrial construction or process engineering expertise evident'}, {'objective': 2, 'alignment': 0.35, 'why': 'General startup scaling and board experience may help with commercial strategy'}, {'objective': 3, 'alignment': 0.25, 'why': 'Scaling experience relevant but no materials science or process engineering domain expertise'}]","['No evidence of industrial manufacturing or chemical process experience', 'No evidence of B2B materials or construction sector expertise', 'No evidence of technical hiring in materials science or process engineering domains']"
startup_010,MENTOR_017,0.28,0.7,"The mentor's expertise in ESG, sustainability strategy, and corporate innovation provides limited direct help for Co-reactive's immediate needs: demo plant construction, securing off-take agreements with construction chemical customers, and recruiting technical staff (materials scientist, process engineer, CFO). While the mentor may offer general strategic guidance on positioning a climate tech venture, there is no evidence of operational expertise in industrial plant execution, B2B sales in construction materials, or technical hiring in cement/materials science.","[{'from': 'startup', 'quote': 'Begin the construction of the demo plant on January 12 and complete delivery of all components to the Düsseldorf site by January 31'}, {'from': 'mentor', 'quote': 'Global ESG leader; CSRD & ESRS expert; AI-driven sustainability transformation'}]","[{'objective': 1, 'alignment': 0.15, 'why': 'No evidence of industrial plant construction or project management expertise'}, {'objective': 2, 'alignment': 0.35, 'why': 'Corporate innovation experience may help with customer engagement strategy, but no B2B sales or construction chemicals sector expertise shown'}, {'objective': 3, 'alignment': 0.2, 'why': 'No evidence of technical recruiting expertise or materials science/process engineering domain knowledge'}]","['No evidence of industrial operations or plant construction experience', 'No evidence of B2B sales or customer acquisition in construction/materials sectors', 'No evidence of technical recruiting or talent acquisition expertise', 'Mentor profile lacks detail on hands-on operational or commercial experience']"
startup_010,MENTOR_018,0.48,0.65,"The mentor has strong operational and scaling expertise relevant to executing the demo plant build-out and managing customer conversion challenges. However, there is no evidence of deep technical expertise in materials science, process engineering, or cement/construction chemicals sectors that would directly support technical hiring or MoU negotiations in this specialized domain.","[{'from': 'mentor', 'quote': 'scaled fintech, agritech & deep tech startups'}, {'from': 'mentor', 'quote': 'Startup Scaling; Operations; GTM Strategy'}]","[{'objective': 1, 'alignment': 0.55, 'why': 'Operations expertise applicable to demo plant execution and timeline management'}, {'objective': 2, 'alignment': 0.5, 'why': 'GTM strategy experience relevant but lacks construction chemicals sector specificity'}, {'objective': 3, 'alignment': 0.35, 'why': 'General scaling experience but no evidence of technical recruiting in materials science or process engineering'}]","['No evidence of cement/construction materials industry experience', 'No indication of technical recruiting expertise in materials science or process engineering', 'Unclear if mentor has experience with capital-intensive manufacturing or demo plant builds']"
startup_010,MENTOR_019,0.42,0.55,"The mentor has climate tech expertise and fundraising experience relevant to Co-reactive's sector, but lacks demonstrated deep technical knowledge in materials science, process engineering, or industrial plant construction that would directly address the startup's current objectives around demo plant execution, technical hiring, and materials off-take agreements. The profile suggests general startup scaling and sustainability strategy support rather than hands-on operational or technical guidance for the specific challenges listed.","[{'from': 'mentor', 'quote': 'Climate Tech; Deep Tech; Data-Driven Sales'}, {'from': 'startup', 'quote': 'Executing the demonstration plant build-out on time and within budget despite possible delivery and scheduling challenges.'}]","[{'objective': 1, 'alignment': 0.25, 'why': 'No evidence of construction project management or industrial plant build-out expertise'}, {'objective': 2, 'alignment': 0.65, 'why': 'Data-driven sales experience could support converting customer interest into off-take agreements'}, {'objective': 3, 'alignment': 0.35, 'why': 'General startup scaling knowledge but no specific technical recruiting or materials science network indicated'}]","[""Mentor's specific experience with industrial demonstration plants or manufacturing scale-up"", ""Mentor's network or expertise in technical recruiting for materials scientists and process engineers"", ""Mentor's hands-on experience with construction chemicals sector or B2B materials off-take negotiations""]"
startup_010,MENTOR_020,0.42,0.65,"The mentor has climate tech investment expertise and board governance experience, which could help with customer negotiations and strategic guidance. However, there is no evidence of specific expertise in cement production, materials science, process engineering, construction chemicals, or demonstration plant execution—the core technical and operational challenges the startup faces now.","[{'from': 'mentor', 'quote': 'Climate Tech; Nuclear; Semiconductors; Industrial Tech'}, {'from': 'mentor', 'quote': 'Investment; Board Governance'}]","[{'objective': 1, 'alignment': 0.25, 'why': 'No evidence of construction project management or plant build-out expertise'}, {'objective': 2, 'alignment': 0.55, 'why': 'Investment and board experience may help with customer MoU negotiations and deal structuring'}, {'objective': 3, 'alignment': 0.35, 'why': 'General partner experience may help with CFO profile and senior hiring strategy, but no specific technical recruiting expertise shown'}]","['No specific experience in cement/construction materials sector', 'No evidence of demonstration plant or manufacturing scale-up experience', 'No technical recruiting expertise for materials scientists or process engineers', 'Mentor profile lacks detailed background beyond title and tags']"
startup_010,MENTOR_021,0.28,0.65,"The mentor's climate tech and sustainability strategy expertise provides general domain alignment with Co-reactive's decarbonization mission, but there is no evidence of specific capabilities in cement production, materials science, process engineering, construction chemicals customer development, or demonstration plant execution—the core current needs. The mentor's background in energy/utilities consulting and corporate innovation does not directly address the startup's immediate objectives of plant construction, materials off-take agreements, or technical hiring.","[{'from': 'mentor', 'quote': 'Global Head Climate Tech; ESG; Climate Tech; Sustainability Strategy'}, {'from': 'startup', 'quote': 'Begin the construction of the demo plant on January 12 and complete delivery of all components'}]","[{'objective': 1, 'alignment': 0.15, 'why': 'No evidence of demo plant construction or industrial project management expertise'}, {'objective': 2, 'alignment': 0.35, 'why': 'Corporate innovation experience may help with customer engagement strategy but lacks construction chemicals sector specificity'}, {'objective': 3, 'alignment': 0.25, 'why': 'No evidence of technical recruiting expertise for materials scientists or process engineers'}]","[""Mentor's specific experience with industrial demonstration plants or manufacturing scale-up"", ""Mentor's network or expertise in construction chemicals or cement industry customer development"", ""Mentor's track record in technical talent acquisition for deep-tech startups""]"
startup_010,MENTOR_022,0.28,0.65,"The mentor's expertise in energy policy and entrepreneurship leadership offers limited direct help with Co-reactive's immediate needs: demo plant construction execution, securing construction chemicals off-take agreements, and recruiting materials scientists/process engineers. While general entrepreneurial guidance may be valuable, there is insufficient evidence of hands-on experience with industrial plant build-outs, B2B sales in construction materials, or technical hiring in cement/materials science domains.","[{'from': 'mentor', 'quote': 'Director of Entrepreneurship & Innovation at École Polytechnique; former SATT President; energy policy expert'}, {'from': 'startup', 'quote': 'Executing the demonstration plant build-out on time and within budget despite possible delivery and scheduling challenges.'}]","[{'objective': 1, 'alignment': 0.2, 'why': 'No evidence of industrial construction or project management expertise for demo plant execution'}, {'objective': 2, 'alignment': 0.25, 'why': 'Energy policy background does not directly translate to B2B sales in construction chemicals sector'}, {'objective': 3, 'alignment': 0.4, 'why': 'Entrepreneurship leadership may help with general hiring strategy but lacks domain-specific technical recruiting experience'}]","['No evidence of industrial plant construction or operations experience', 'No indication of B2B sales or customer development expertise in materials/construction sectors', 'No demonstrated experience recruiting technical talent in materials science or process engineering']"
startup_010,MENTOR_023,0.28,0.75,"The mentor's finance and institutional client expertise offers limited direct help with Co-reactive's immediate needs: demo plant construction execution, materials off-take agreements in construction chemicals, and recruiting technical specialists. While financial leadership experience could tangentially support CFO hiring discussions, the mentor lacks demonstrated expertise in industrial operations, B2B sales in construction materials, or technical talent acquisition.","[{'from': 'startup', 'quote': 'Executing the demonstration plant build-out on time and within budget despite possible delivery and scheduling challenges.'}, {'from': 'mentor', 'quote': '35 years global finance leadership; former Amundi Global Head of Sales; ex-CEO SGAM Asia'}]","[{'objective': 1, 'alignment': 0.15, 'why': 'No demonstrated industrial project management or construction expertise'}, {'objective': 2, 'alignment': 0.25, 'why': 'Institutional sales experience not directly applicable to construction chemicals B2B'}, {'objective': 3, 'alignment': 0.45, 'why': 'Finance leadership could inform CFO profile preparation but not technical hiring'}]","['No evidence of industrial operations or manufacturing experience', 'No demonstrated expertise in construction materials or chemicals sector', 'No indication of technical talent recruitment capabilities']"
startup_010,MENTOR_024,0.12,0.85,"Insufficient info to assess fit. The mentor profile provides only academic affiliation (PhD Candidate at Carnegie Mellon) and CDL Fellow status, with no information about domain expertise, industry experience, or relevant skills. Cannot determine ability to help with demo plant construction, customer off-take agreements, or technical hiring.","[{'from': 'mentor', 'quote': 'PhD Candidate'}, {'from': 'startup', 'quote': 'Begin the construction of the demo plant on January 12'}]","[{'objective': 1, 'alignment': 0.1, 'why': 'No evidence of construction/engineering project management expertise'}, {'objective': 2, 'alignment': 0.15, 'why': 'No evidence of B2B sales or construction chemicals industry experience'}, {'objective': 3, 'alignment': 0.12, 'why': 'No evidence of technical recruiting or materials science network'}]","[""Mentor's research focus/dissertation topic"", ""Mentor's technical expertise areas"", ""Mentor's industry experience or connections"", ""Mentor's operational or commercial experience"", ""Mentor's network in materials science or process engineering""]"
startup_010,MENTOR_025,0.28,0.75,"The mentor's 30+ years of automotive leadership and joint venture management experience provides generic operational and strategic guidance, but lacks direct relevance to Co-reactive's immediate needs: cement production technology, construction chemicals customer negotiations, demonstration plant construction, and recruiting materials scientists/process engineers. The automotive/SDV focus does not align with cement decarbonization challenges.","[{'from': 'startup', 'quote': 'Sign an MoU with at least one of the four identified customers in the construction chemicals sector'}, {'from': 'mentor', 'quote': '30+ years automotive leadership; GM Canada & China; SDV transformation expert'}]","[{'objective': 1, 'alignment': 0.25, 'why': 'Generic project management experience, but no construction/plant build-out expertise'}, {'objective': 2, 'alignment': 0.35, 'why': 'Joint venture management may help with customer negotiations, but no construction chemicals sector experience'}, {'objective': 3, 'alignment': 0.2, 'why': 'Leadership hiring experience possible, but no materials science or process engineering domain knowledge'}]","['No evidence of cement/materials/chemical industry experience', 'No demonstration of construction project management or plant build-out expertise', 'No indication of technical recruiting experience in materials science or process engineering']"
startup_010,MENTOR_026,0.28,0.75,"The mentor's expertise in SaaS, robotics, and digital transformation shows minimal direct alignment with Co-reactive's immediate needs: constructing a physical demonstration plant for cement production, securing materials off-take agreements in construction chemicals, and hiring materials scientists/process engineers. While operations experience could offer generic project management insights, there is no evidence of relevant domain expertise in industrial manufacturing, cement/materials science, or construction chemicals sales.","[{'from': 'mentor', 'quote': 'SaaS; Robotics; Digital Transformation'}, {'from': 'startup', 'quote': 'Recruit a senior materials scientist and a process engineer'}]","[{'objective': 1, 'alignment': 0.25, 'why': 'Operations tag offers generic project management; no construction/manufacturing expertise evident'}, {'objective': 2, 'alignment': 0.2, 'why': 'No evidence of construction chemicals sector knowledge or B2B sales in industrial materials'}, {'objective': 3, 'alignment': 0.4, 'why': 'Founder experience may help with recruiting strategy, but no materials science/engineering domain expertise'}]","[""No details on mentor's operations experience scope or industry focus"", 'No evidence of industrial manufacturing, cement, or materials science background', 'No indication of B2B sales experience in construction or chemicals sectors']"
startup_010,MENTOR_027,0.28,0.75,"The mentor's background in industrial automation and experience as a former Siemens Executive Committee member provides generic operational and strategic insight, but lacks direct relevance to the startup's immediate needs: demo plant construction execution, securing construction chemicals off-take agreements, and recruiting materials scientists/process engineers. The M&A expertise is not aligned with current objectives focused on plant build-out and customer conversion.","[{'from': 'mentor', 'quote': 'Former Siemens Executive Committee; ex-McKinsey Global Director'}, {'from': 'startup', 'quote': 'Executing the demonstration plant build-out on time and within budget despite possible delivery and scheduling challenges.'}]","[{'objective': 1, 'alignment': 0.35, 'why': 'Industrial automation background may offer generic project management insight but no specific construction/plant build-out expertise'}, {'objective': 2, 'alignment': 0.2, 'why': 'No evident expertise in construction chemicals sector or materials off-take agreements'}, {'objective': 3, 'alignment': 0.25, 'why': 'Executive experience may help with CFO profile but no specific expertise in recruiting materials scientists or process engineers'}]","[""Mentor's specific experience with industrial plant construction or manufacturing scale-up"", ""Mentor's network or expertise in construction chemicals or cement industry"", ""Mentor's track record in technical talent recruitment for materials science roles""]"
startup_010,MENTOR_028,0.42,0.55,"The mentor has climate tech and deeptech venturing experience, which provides general domain alignment with Co-reactive's decarbonization mission. However, the profile lacks specific evidence of expertise in construction chemicals commercialization, industrial plant build-out execution, or technical hiring in materials science/process engineering—the three critical current objectives. The investment and consulting background may offer some value for off-take agreement structuring, but direct actionable expertise for the startup's immediate needs is not clearly demonstrated.","[{'from': 'mentor', 'quote': 'DeepTech & climate venturing leader'}, {'from': 'startup', 'quote': 'Converting customer interest into long-term off-take agreements while managing potential volume delivery limits.'}]","[{'objective': 1, 'alignment': 0.25, 'why': 'No evidence of industrial plant construction or project execution expertise'}, {'objective': 2, 'alignment': 0.55, 'why': 'Investment and consulting background may help with commercial agreement structuring'}, {'objective': 3, 'alignment': 0.3, 'why': 'No specific evidence of technical recruiting or materials science domain knowledge'}]","['No evidence of industrial plant build-out or project management experience', 'No specific expertise in construction chemicals or cement industry commercialization', 'No demonstrated experience in technical hiring for materials science or process engineering roles', 'Limited detail on consulting focus areas or investment sector specialization beyond general climate tech']"
startup_010,MENTOR_029,0.08,0.92,"The mentor's expertise in autonomous systems, safety assurance, EV, mobility, and government policy has no credible connection to Co-reactive's current objectives: constructing a cement mineralization demo plant, securing construction chemical customer off-take agreements, and hiring materials scientists/process engineers. Insufficient info to identify any actionable overlap with cement production decarbonization challenges.","[{'from': 'startup', 'quote': 'Begin the construction of the demo plant on January 12 and complete delivery of all components to the Düsseldorf site by January 31'}, {'from': 'mentor', 'quote': 'Autonomous Systems; Safety Assurance; EV; Mobility'}]","[{'objective': 1, 'alignment': 0.05, 'why': 'No expertise in industrial plant construction or cement production'}, {'objective': 2, 'alignment': 0.1, 'why': 'No background in construction chemicals or materials off-take agreements'}, {'objective': 3, 'alignment': 0.1, 'why': 'No demonstrated expertise in recruiting materials scientists or process engineers'}]","['Mentor profile lacks detail on industrial manufacturing, materials science, or construction sector experience', 'No evidence of expertise relevant to cement production, CO2 mineralization, or construction chemicals']"
startup_010,MENTOR_030,0.28,0.75,"The mentor's expertise in M&A, corporate restructuring, and investment banking may provide generic strategic and financial guidance, but shows no direct alignment with the startup's immediate technical needs (demo plant construction, materials science hiring, construction chemicals customer agreements). The mentor's background in fintech and data security is unrelated to cement decarbonization technology.","[{'from': 'startup', 'quote': 'Begin the construction of the demo plant on January 12 and complete delivery of all components to the Düsseldorf site by January 31'}, {'from': 'mentor', 'quote': 'Former Lazard & Goldman Sachs banker; ex-Citadel; Natixis executive'}]","[{'objective': 1, 'alignment': 0.15, 'why': 'No construction or industrial plant expertise evident'}, {'objective': 2, 'alignment': 0.35, 'why': 'M&A experience may help structure commercial agreements generically'}, {'objective': 3, 'alignment': 0.2, 'why': 'No materials science or technical recruiting background shown'}]","['No evidence of industrial/manufacturing operations experience', 'No materials science or cleantech domain expertise', 'No construction chemicals or cement industry knowledge', 'No technical hiring or process engineering background']"
startup_010,MENTOR_031,0.22,0.75,"The mentor's expertise in digital marketing, data-driven marketing, and UX does not directly address the startup's current critical needs: demo plant construction, securing long-term off-take agreements in construction chemicals, and recruiting senior technical roles (materials scientist, process engineer, CFO). While marketing expertise could generically support customer engagement, there is no evidence of relevant experience in B2B industrial sales, construction materials, or technical hiring for deep-tech manufacturing.","[{'from': 'startup', 'quote': 'Sign an MoU with at least one of the four identified customers in the construction chemicals sector'}, {'from': 'mentor', 'quote': '24+ years digital marketing; connected medical solutions specialist'}]","[{'objective': 1, 'alignment': 0.05, 'why': 'No construction, engineering, or project management expertise evident'}, {'objective': 2, 'alignment': 0.35, 'why': 'Marketing background may help customer engagement, but no B2B industrial sales experience shown'}, {'objective': 3, 'alignment': 0.1, 'why': 'No evidence of technical recruiting or CFO-level hiring expertise'}]","['No evidence of B2B industrial sales or construction chemicals sector experience', 'No evidence of technical hiring expertise for materials science or engineering roles', 'No evidence of project management or manufacturing operations experience']"
startup_010,MENTOR_032,0.42,0.55,"The mentor's expertise in fundraising (Raised £2bn+) and startup scaling provides some value for Co-reactive's growth trajectory, but there is insufficient evidence of direct expertise in construction chemicals customer negotiations, demonstration plant execution, or technical hiring in materials science/process engineering. The mentor's climate tech tag offers general domain alignment, but specific capabilities to address the current objectives and challenges are not clearly demonstrated in the provided profile.","[{'from': 'mentor', 'quote': 'Raised £2bn+; founder of Torvius; serial entrepreneur'}, {'from': 'startup', 'quote': 'Converting customer interest into long-term off-take agreements while managing potential volume delivery limits.'}]","[{'objective': 1, 'alignment': 0.25, 'why': 'No evidence of construction/plant execution expertise'}, {'objective': 2, 'alignment': 0.55, 'why': 'Startup scaling experience may help with customer negotiations'}, {'objective': 3, 'alignment': 0.35, 'why': 'General scaling knowledge but no specific technical hiring expertise shown'}]","[""Mentor's specific experience with B2B customer agreements or off-take contracts"", ""Mentor's experience with industrial plant construction or project management"", ""Mentor's network or expertise in technical hiring for materials science/engineering roles"", ""Detailed examples of mentor's climate tech or operational involvement""]"
startup_010,MENTOR_033,0.58,0.72,"Mentor has clean tech expertise and McKinsey partnership experience relevant to strategic customer agreements and operational execution, but lacks specific materials science or process engineering recruitment expertise. The policy/government advisory background offers limited direct help with current objectives focused on plant construction, customer MoUs, and technical hiring.","[{'from': 'mentor', 'quote': 'Former Global Head of Analysis at BNEF; ex-McKinsey Partner'}, {'from': 'startup', 'quote': 'Converting customer interest into long-term off-take agreements while managing potential volume delivery limits.'}]","[{'objective': 1, 'alignment': 0.45, 'why': 'McKinsey experience may help with project execution discipline, but no construction/engineering expertise evident'}, {'objective': 2, 'alignment': 0.75, 'why': 'BNEF and McKinsey background directly applicable to structuring commercial agreements and customer negotiations'}, {'objective': 3, 'alignment': 0.5, 'why': 'General advisory experience useful for leadership hiring strategy, but no specific technical recruitment expertise shown'}]","['No evidence of hands-on plant construction or engineering project management experience', 'No specific technical recruiting expertise for materials scientists or process engineers', ""Limited detail on mentor's direct involvement in clean tech operational execution""]"
startup_010,MENTOR_034,0.72,0.78,"The mentor's deep expertise in decarbonization, materials science, and direct experience as a DAC chemist at Climeworks provides strong credibility for advising on CO2 mineralization technology and materials qualification challenges. While the mentor can offer valuable technical guidance on demonstration plant execution and materials scientist recruitment, there is limited evidence of direct expertise in commercial off-take negotiations or construction project management.","[{'from': 'mentor', 'quote': 'former Climeworks DAC chemist; PhD EPFL'}, {'from': 'startup', 'quote': 'Hiring expert-level employees, particularly technical roles like materials scientists and process engineers'}]","[{'objective': 1, 'alignment': 0.55, 'why': 'Technical oversight possible but no construction/project management expertise evident'}, {'objective': 2, 'alignment': 0.65, 'why': 'VC experience may help with commercial strategy; limited direct sales evidence'}, {'objective': 3, 'alignment': 0.85, 'why': 'Strong network in materials science and decarbonization for technical recruitment'}]","['No evidence of construction/project management experience for demo plant build-out', 'Limited information on commercial negotiation or off-take agreement experience', ""No specific details on mentor's network in construction chemicals sector""]"
startup_011,MENTOR_001,0.42,0.7,"Mentor has strong legal and transactional expertise relevant to objective 2 (EU entity formation and governance) and some relevance to objective 1 (convertible note negotiation). However, mentor's domain is renewables/solar, not water treatment or PFAS remediation, limiting direct applicability to objective 3 (mobile decontamination cost modeling) and the startup's technical/regulatory challenges.","[{'from': 'mentor', 'quote': 'General Counsel for EMEA and Global Head of Transactions at Lightsource bp'}, {'from': 'startup', 'quote': 'Hold introductory calls with up to four firms to assess governance and IP-sharing considerations for US-EU collaboration'}]","[{'objective': 1, 'alignment': 0.35, 'why': 'Transactional experience may help with convertible note structure, but not specialized in early-stage bridge rounds'}, {'objective': 2, 'alignment': 0.75, 'why': 'Strong EMEA legal expertise and cross-border transaction experience directly relevant to US-EU entity formation and governance'}, {'objective': 3, 'alignment': 0.15, 'why': 'No evident expertise in water treatment operations, mobile service cost modeling, or PFAS remediation sector'}]","[""Mentor's specific experience with convertible notes or bridge financing unclear"", ""No information on mentor's familiarity with environmental/water treatment regulatory frameworks""]"
startup_011,MENTOR_002,0.28,0.72,"The mentor's sustainability and industrial operations background provides generic strategic context, but lacks direct expertise in the startup's three immediate needs: negotiating convertible note terms with internal investors, engaging Big Four firms for US-EU entity formation and IP governance, or developing cost models for mobile PFAS decontamination services. The mentor's board-level experience may offer high-level guidance on strategic funding challenges, but does not directly address the tactical financial structuring, legal entity formation, or operational cost modeling that constitute the current objectives.","[{'from': 'startup', 'quote': 'Negotiate terms with internal investors for convertible note as bridge round'}, {'from': 'mentor', 'quote': 'Board member of Anglo American and Capitals Coalition; former Chief Sustainability & Innovation Officer'}]","[{'objective': 1, 'alignment': 0.25, 'why': 'Board experience may inform bridge financing strategy but no direct convertible note expertise evident'}, {'objective': 2, 'alignment': 0.2, 'why': 'No evidence of Big Four engagement or US-EU entity formation experience in profile'}, {'objective': 3, 'alignment': 0.4, 'why': 'Operations management background could inform cost modeling, though not specific to mobile decontamination services'}]","['No evidence of fundraising or convertible note structuring experience', 'No indication of cross-border legal entity formation expertise', 'No specific water treatment, PFAS, or environmental services cost modeling experience']"
startup_011,MENTOR_003,0.42,0.55,"Mentor has relevant experience in sustainability/clean tech and strategic partnerships that could help with EU entity formation discussions and business model development. However, the profile lacks specific evidence of fundraising expertise for hard-tech bridge rounds or detailed knowledge of water treatment/PFAS regulatory landscapes, which are the startup's most urgent needs now.","[{'from': 'mentor', 'quote': '20+ years developing sustainable innovation'}, {'from': 'startup', 'quote': 'struggling to secure strategic funding for a priced round and has pivoted to raising an internal bridge round'}]","[{'objective': 1, 'alignment': 0.35, 'why': 'Investment experience listed but no specific bridge round or convertible note expertise shown'}, {'objective': 2, 'alignment': 0.55, 'why': 'Strategic partnerships and international business experience (sold to Screen Japan) relevant for US-EU collaboration'}, {'objective': 3, 'alignment': 0.45, 'why': 'Business development background applicable to service model development but no mobile services specifics'}]","['No evidence of convertible note or bridge financing expertise', 'No specific experience with Big 4 consulting firms or entity formation', 'No demonstrated knowledge of PFAS, water treatment, or environmental remediation markets', 'Insufficient detail on investment stage focus or hard-tech funding experience']"
startup_011,MENTOR_004,0.48,0.55,"The mentor has financial services and investment banking experience that could help with Objective 1 (convertible note negotiation), but lacks demonstrated expertise in EU entity formation, governance consulting, or operational cost modeling for mobile services. The profile is too generic to confirm strong alignment with the startup's most pressing needs around bridge financing structure, cross-border legal setup, and service cost benchmarking.","[{'from': 'mentor', 'quote': 'Financial services executive; venture capital, hedge funds, investment banking'}, {'from': 'startup', 'quote': 'Negotiate terms with internal investors for convertible note as bridge round'}]","[{'objective': 1, 'alignment': 0.65, 'why': 'Investment banking background relevant to convertible note structuring'}, {'objective': 2, 'alignment': 0.35, 'why': 'Board governance tag present but no EU entity or Big Four consulting expertise shown'}, {'objective': 3, 'alignment': 0.3, 'why': 'No evidence of operational cost modeling or mobile service benchmarking experience'}]","['No specific convertible note or bridge financing deal experience mentioned', 'No international entity formation or cross-border governance expertise detailed', 'No operational modeling or service pricing experience for hardware/cleantech services', 'Mentor bio and profile interview fields are empty']"
startup_011,MENTOR_005,0.28,0.45,"Mentor has policy influence and government advisory experience that could help navigate the fragmented US regulatory landscape mentioned in the CEO update. However, there is insufficient evidence of expertise in convertible note negotiations, EU entity formation, or cost modeling for mobile decontamination services—the three specific current objectives. The mentor's quantum and climate tech background provides weak general alignment but no clear actionable help for the immediate needs.","[{'from': 'startup', 'quote': 'The US regulatory landscape is fragmented and evolving, with a weaker push than initially projected'}, {'from': 'mentor', 'quote': 'Policy Influence; Government Advisory'}]","[{'objective': 1, 'alignment': 0.15, 'why': 'No evidence of fundraising or convertible note expertise'}, {'objective': 2, 'alignment': 0.2, 'why': 'No evidence of EU entity formation or Big Four advisory experience'}, {'objective': 3, 'alignment': 0.1, 'why': 'No evidence of cost modeling or mobile service operations expertise'}]","[""Mentor's specific experience with fundraising or bridge financing"", ""Mentor's experience with international entity formation or cross-border IP issues"", ""Mentor's experience with operational cost modeling or service business development"", ""Mentor's specific climate tech or water treatment domain expertise details""]"
startup_011,MENTOR_006,0.28,0.65,"The mentor's ESG and cleantech commercial development experience provides generic strategic context for a PFAS remediation company, but there is no evidence of expertise in convertible note negotiations, US-EU entity formation, or cost modeling for mobile decontamination services—the three specific objectives. The mentor's background is too high-level and lacks direct relevance to the startup's immediate tactical needs.","[{'from': 'mentor', 'quote': 'Cleantech Commercial Development'}, {'from': 'startup', 'quote': 'Negotiate terms with internal investors for convertible note as bridge round'}]","[{'objective': 1, 'alignment': 0.15, 'why': 'No evidence of fundraising or convertible note expertise'}, {'objective': 2, 'alignment': 0.2, 'why': 'No evidence of cross-border entity formation or governance expertise'}, {'objective': 3, 'alignment': 0.35, 'why': 'Cleantech commercial development may offer general context but no specific cost modeling expertise'}]","['No evidence of fundraising or financial structuring expertise', 'No evidence of international entity formation or legal/governance expertise', 'No evidence of operational cost modeling or mobile service deployment expertise']"
startup_011,MENTOR_007,0.68,0.75,"Mentor has strong strategic funding and scaling expertise relevant to Objective 1 (bridge round negotiation) and general climate-tech investment experience. However, lacks specific expertise in EU entity formation (Objective 2) or mobile service cost modeling (Objective 3). The mentor's background in hard-tech scaling and navigating long development timelines aligns well with Enspired's stated challenge of securing strategic funding in a sector at odds with traditional VC interests.","[{'from': 'startup', 'quote': 'struggling to secure strategic funding for a priced round and has pivoted to raising an internal bridge round'}, {'from': 'mentor', 'quote': 'Managing Director Breakthrough Energy Ventures Europe; acquired by Veolia for $350M'}]","[{'objective': 1, 'alignment': 0.75, 'why': 'Investment expertise and climate-tech funding experience directly relevant to bridge round negotiation'}, {'objective': 2, 'alignment': 0.45, 'why': 'General scaling experience but no specific EU entity formation or governance expertise evident'}, {'objective': 3, 'alignment': 0.55, 'why': 'Scaling and commercialization background applicable but no specific mobile service or cost modeling expertise'}]","[""Mentor's specific experience with convertible note structures"", ""Mentor's knowledge of EU regulatory/entity formation processes"", ""Mentor's experience with service-based business models or mobile operations""]"
startup_011,MENTOR_008,0.68,0.75,"Mentor has strong relevance for objectives 2 and 3 through 27 years at McKinsey with consulting expertise and sustainability focus, directly applicable to EU entity formation advisory and cost/staffing model development. However, lacks explicit fundraising or convertible note negotiation experience for objective 1, which is the most time-critical need.","[{'from': 'startup', 'quote': 'Hold introductory calls with up to four firms (potentially Deloitte, EY, PwC, and KPMG) by the end of February 2'}, {'from': 'mentor', 'quote': '27 years McKinsey Senior Partner; sustainability & industrial focus; advises European green tech investors'}]","[{'objective': 1, 'alignment': 0.45, 'why': 'No explicit fundraising or convertible note expertise mentioned'}, {'objective': 2, 'alignment': 0.85, 'why': 'McKinsey background ideal for evaluating Big 4 firms and EU governance considerations'}, {'objective': 3, 'alignment': 0.75, 'why': 'Consulting and industrial focus applicable to cost modeling and competitive benchmarking'}]","[""Mentor's specific experience with fundraising or investor negotiations unclear"", ""No detail on mentor's hands-on involvement with water treatment or PFAS sector""]"
startup_011,MENTOR_009,0.42,0.65,"The mentor has relevant experience in strategic IP management and startup scaling that could partially support Objective 2 (EU entity formation and IP-sharing considerations). However, their deep-tech semiconductor background does not align with water treatment/PFAS chemistry, and they lack demonstrated expertise in bridge financing (Objective 1) or cost modeling for mobile services (Objective 3). Insufficient detail in mentor profile limits confidence.","[{'from': 'startup', 'quote': 'assess governance and IP-sharing considerations for US-EU collaboration'}, {'from': 'mentor', 'quote': 'Strategic IP Management'}]","[{'objective': 1, 'alignment': 0.25, 'why': 'No evidence of convertible note or bridge financing expertise'}, {'objective': 2, 'alignment': 0.7, 'why': 'Strategic IP management and EU startup program experience relevant to governance/IP-sharing'}, {'objective': 3, 'alignment': 0.3, 'why': 'Startup scaling experience may offer general guidance but no specific cost modeling expertise'}]","[""Mentor's specific experience with international entity formation or cross-border IP structures"", ""Mentor's track record with early-stage financing or bridge rounds"", ""Mentor's familiarity with environmental/water treatment sector business models""]"
startup_011,MENTOR_010,0.42,0.65,"The mentor has clean technology investment experience and startup scaling expertise that could help with fundraising strategy (Objective 1), but lacks specific evidence of convertible note negotiation, international entity formation, or mobile service cost modeling expertise. The match is generic rather than directly addressing the startup's immediate operational needs.","[{'from': 'mentor', 'quote': 'Clean Technology'}, {'from': 'mentor', 'quote': 'Startup Scaling; Investment'}]","[{'objective': 1, 'alignment': 0.55, 'why': 'Investment experience relevant to fundraising, but no specific convertible note expertise shown'}, {'objective': 2, 'alignment': 0.25, 'why': 'No evidence of international entity formation or Big Four consulting firm engagement experience'}, {'objective': 3, 'alignment': 0.35, 'why': 'Startup scaling background may help with business modeling, but no mobile service or cost modeling specifics'}]","['No evidence of convertible note or bridge financing expertise', 'No evidence of international expansion or EU entity formation experience', 'No evidence of service business cost modeling or competitive benchmarking expertise', 'No evidence of water treatment or PFAS remediation domain knowledge']"
startup_011,MENTOR_011,0.48,0.72,"The mentor has deep capital markets experience and climate finance expertise, which could provide general guidance on fundraising strategy and investor positioning. However, there is no evidence of direct experience with convertible note structuring, international entity formation, or cost modeling for mobile services—the three specific objectives. The mentor's policy and ESG background may offer indirect value for navigating regulatory fragmentation.","[{'from': 'mentor', 'quote': '25+ years Canadian capital markets; B20 taskforce member; speaker at COP28; climate finance advisor'}, {'from': 'startup', 'quote': 'struggling to secure strategic funding for a priced round and has pivoted to raising an internal bridge round'}]","[{'objective': 1, 'alignment': 0.55, 'why': 'Capital markets experience relevant to fundraising, but no specific convertible note expertise mentioned'}, {'objective': 2, 'alignment': 0.35, 'why': 'No evidence of cross-border entity formation or Big Four advisory experience'}, {'objective': 3, 'alignment': 0.25, 'why': 'No operational cost modeling or mobile service deployment expertise indicated'}]","['No evidence of convertible note or bridge financing structuring experience', 'No indication of international entity formation or governance advisory work', 'No operational or cost modeling expertise for service-based business models']"
startup_011,MENTOR_012,0.73,0.82,"The mentor has strong expertise in public-private funding and EU government advisory work, directly relevant to Objective 2 (EU entity formation and governance). Their 20+ years of fundraising experience also aligns with Objective 1 (bridge round negotiation), though the startup's challenge is specifically with internal investors. Limited direct evidence for Objective 3 (mobile service cost modeling), but water treatment technical background provides some context.","[{'from': 'mentor', 'quote': '20+ years public-private funding expertise; advisor to EU governments and European Commission'}, {'from': 'startup', 'quote': 'Hold introductory calls with up to four firms (potentially Deloitte, EY, PwC, and KPMG) by the end of February 2 to assess governance and IP-sharing considerations for US-EU collaboration'}]","[{'objective': 1, 'alignment': 0.65, 'why': 'Fundraising expertise relevant but focus is internal bridge round, not external strategic funding'}, {'objective': 2, 'alignment': 0.95, 'why': 'Direct EU government advisory experience highly applicable to US-EU collaboration and entity formation'}, {'objective': 3, 'alignment': 0.45, 'why': 'Water treatment tech tag provides domain context but no specific mobile service or cost modeling expertise evident'}]","['No evidence of experience with internal investor negotiations or convertible note structuring', 'No specific expertise in mobile service business models or competitive benchmarking mentioned']"
startup_011,MENTOR_013,0.22,0.75,"The mentor's expertise in agri-tech, sustainable agriculture, and entomology has minimal direct relevance to PFAS water treatment technology, bridge financing negotiations, or EU entity formation. Board governance and project management experience offer only generic support that does not address the startup's specific technical, regulatory, or fundraising challenges in the water remediation sector.","[{'from': 'startup', 'quote': 'Negotiate terms with internal investors for convertible note as bridge round'}, {'from': 'mentor', 'quote': 'Board Governance; Investment; Project Management'}]","[{'objective': 1, 'alignment': 0.25, 'why': 'Generic investment experience; no evidence of convertible note or bridge financing expertise'}, {'objective': 2, 'alignment': 0.2, 'why': 'Board governance tag present but no demonstrated experience with US-EU entity formation or IP-sharing'}, {'objective': 3, 'alignment': 0.15, 'why': 'Project management skills are generic; no water treatment, mobile services, or cost modeling background'}]","['No evidence of water treatment or environmental remediation expertise', 'No demonstrated experience with hard-tech fundraising or VC negotiations', 'No background in regulatory compliance for water/environmental sectors', 'Unclear depth of investment experience beyond general tag']"
startup_011,MENTOR_014,0.22,0.75,"The mentor's expertise in startup scaling and investment may offer generic guidance on fundraising strategy, but there is no evidence of experience with convertible notes, bridge rounds, water treatment hard-tech, PFAS remediation, international entity formation, or mobile service cost modeling. The mentor's background in vertical farming, brand, and communications does not align with the startup's immediate technical, financial, and operational objectives.","[{'from': 'mentor', 'quote': 'Startup Scaling; Investment'}, {'from': 'startup', 'quote': 'Negotiate terms with internal investors for convertible note as bridge round'}]","[{'objective': 1, 'alignment': 0.25, 'why': 'Generic investment experience; no evidence of convertible note or bridge round expertise'}, {'objective': 2, 'alignment': 0.15, 'why': 'No evidence of governance, IP-sharing, or international entity formation experience'}, {'objective': 3, 'alignment': 0.2, 'why': 'Scaling experience may help, but no evidence of cost modeling or mobile service operations'}]","[""No detail on mentor's specific investment experience (stage, structure, sector)"", 'No evidence of hard-tech, water treatment, or environmental remediation expertise', ""No information on mentor's experience with international expansion or entity formation"", ""No detail on mentor's operational or financial modeling capabilities""]"
startup_011,MENTOR_015,0.58,0.72,"The mentor has strong IP and legal expertise relevant to objective 2 (US-EU collaboration and entity formation), but lacks demonstrated experience in fundraising negotiations (objective 1) or operational cost modeling for mobile services (objective 3). The IP focus aligns with protecting Enspired's patented chemistry in cross-border contexts.","[{'from': 'startup', 'quote': 'Hold introductory calls with up to four firms...to assess governance and IP-sharing considerations for US-EU collaboration'}, {'from': 'mentor', 'quote': 'Strategic IP Management; Law...EPO litigation specialist; General Editor of Encyclopedia of UK & European Patent Law'}]","[{'objective': 1, 'alignment': 0.15, 'why': 'No evidence of fundraising or convertible note expertise'}, {'objective': 2, 'alignment': 0.85, 'why': 'Strong IP and EU legal expertise directly relevant to governance and IP-sharing'}, {'objective': 3, 'alignment': 0.2, 'why': 'No evidence of operational cost modeling or service benchmarking experience'}]","[""Mentor's experience with fundraising or financial structuring"", ""Mentor's operational or business model development expertise"", ""Mentor's specific experience with water treatment or environmental tech commercialization""]"
startup_011,MENTOR_016,0.58,0.72,"Mentor has strong climate tech investment experience (70+ investments) and board governance expertise that could help with Objective 1 (convertible note negotiation) and Objective 2 (governance considerations for US-EU collaboration). However, the mentor's background is primarily in software/SaaS/platform engineering rather than hard-tech water treatment, and lacks specific expertise in mobile service models (Objective 3) or navigating fragmented regulatory landscapes that the startup faces.","[{'from': 'mentor', 'quote': '70+ climate tech investments; venture partner at Point Nine'}, {'from': 'startup', 'quote': 'Water treatment hard-tech and PFAS remediation have long development timelines that are at odds with most traditional VC interests.'}]","[{'objective': 1, 'alignment': 0.75, 'why': 'Investment and board governance expertise directly applicable to convertible note negotiation'}, {'objective': 2, 'alignment': 0.65, 'why': 'Board governance experience relevant to assessing governance considerations for US-EU collaboration'}, {'objective': 3, 'alignment': 0.35, 'why': 'Limited evidence of expertise in mobile service models or hard-tech operational cost modeling'}]","[""Mentor's specific experience with hard-tech or hardware companies unclear"", 'No evidence of expertise in service-based business models or mobile operations', 'Unclear if mentor has experience with regulatory navigation in environmental/water treatment sectors']"
startup_011,MENTOR_017,0.28,0.65,"The mentor's ESG and sustainability strategy expertise provides limited relevance to Enspired's immediate priorities: negotiating convertible note terms, assessing governance for US-EU collaboration, and developing cost models for mobile decontamination services. While sustainability credentials may offer general context for the environmental mission, there is no evidence of fundraising, international entity formation, or operational cost modeling expertise needed now.","[{'from': 'startup', 'quote': 'Negotiate terms with internal investors for convertible note as bridge round'}, {'from': 'mentor', 'quote': 'Global ESG leader; CSRD & ESRS expert; AI-driven sustainability transformation'}]","[{'objective': 1, 'alignment': 0.15, 'why': 'No fundraising or convertible note negotiation expertise evident'}, {'objective': 2, 'alignment': 0.45, 'why': 'ESG compliance knowledge may inform governance considerations for US-EU collaboration'}, {'objective': 3, 'alignment': 0.25, 'why': 'No operational cost modeling or competitive benchmarking expertise shown'}]","['No evidence of fundraising or financial structuring expertise', 'No evidence of international entity formation or cross-border legal experience', 'No evidence of operational cost modeling or service pricing expertise']"
startup_011,MENTOR_018,0.42,0.65,"The mentor has deep executive leadership and startup scaling experience that could help with fundraising strategy and operational modeling (objectives 1 and 3), but lacks demonstrated expertise in legal/governance structuring for international entity formation (objective 2) or specific knowledge of water treatment/PFAS regulatory landscapes. The match is moderate given generic startup scaling skills but limited domain-specific guidance for current critical needs.","[{'from': 'startup', 'quote': 'Negotiate terms with internal investors for convertible note as bridge round to extend operational runway'}, {'from': 'mentor', 'quote': '35+ years executive leadership; scaled fintech, agritech & deep tech startups'}]","[{'objective': 1, 'alignment': 0.55, 'why': 'Executive leadership experience relevant to fundraising negotiations, though no explicit bridge round expertise mentioned'}, {'objective': 2, 'alignment': 0.25, 'why': 'No evidence of governance, IP-sharing, or international entity formation expertise in profile'}, {'objective': 3, 'alignment': 0.5, 'why': 'Operations and startup scaling background could inform cost/staffing models, but no water treatment or mobile services experience cited'}]","['No evidence of fundraising/bridge round negotiation expertise', 'No legal/governance or international entity formation experience mentioned', 'No water treatment, PFAS, or environmental remediation domain knowledge', 'No specific examples of helping startups navigate regulatory fragmentation']"
startup_011,MENTOR_019,0.48,0.55,"The mentor has relevant fundraising and startup scaling expertise that could support Objective 1 (convertible note negotiation), but lacks demonstrated deep-tech manufacturing, regulatory/governance, or cost-modeling expertise needed for Objectives 2 and 3. The profile is too generic to confirm actionable help with EU entity formation or mobile service cost modeling.","[{'from': 'startup', 'quote': 'Negotiate terms with internal investors for convertible note as bridge round'}, {'from': 'mentor', 'quote': 'Advises startups on sustainable growth, sales optimization, and investor readiness'}]","[{'objective': 1, 'alignment': 0.65, 'why': 'Fundraising and investor readiness expertise directly relevant to convertible note negotiation'}, {'objective': 2, 'alignment': 0.35, 'why': 'No evidence of governance, IP-sharing, or EU entity formation expertise'}, {'objective': 3, 'alignment': 0.45, 'why': 'Sales optimization may help but no specific cost modeling or mobile service expertise shown'}]","[""No detail on mentor's experience with convertible notes or bridge rounds"", 'No evidence of cross-border entity formation or governance advisory experience', 'No demonstrated expertise in cost modeling for mobile services or hard-tech operations']"
startup_011,MENTOR_020,0.42,0.65,"The mentor has investment expertise relevant to Objective 1 (negotiating convertible note terms) and board governance experience that could inform Objective 2 (governance considerations for US-EU collaboration). However, there is no evidence of specific expertise in PFAS remediation, water treatment hard-tech, mobile service business models (Objective 3), or navigating fragmented environmental regulatory landscapes—the core operational challenges the startup faces.","[{'from': 'mentor', 'quote': 'Investment; Board Governance'}, {'from': 'startup', 'quote': 'struggling to secure strategic funding for a priced round and has pivoted to raising an internal bridge round'}]","[{'objective': 1, 'alignment': 0.65, 'why': 'Investment expertise directly applicable to convertible note negotiation'}, {'objective': 2, 'alignment': 0.5, 'why': 'Board governance experience relevant but no EU entity formation specifics'}, {'objective': 3, 'alignment': 0.15, 'why': 'No evidence of mobile service costing or water treatment operations expertise'}]","['No evidence of PFAS or water treatment domain expertise', 'No indication of experience with mobile service business models or cost modeling', 'No specific track record with environmental regulatory navigation or hard-tech development timelines']"
startup_011,MENTOR_021,0.28,0.65,"The mentor's climate tech and sustainability strategy expertise provides general domain alignment with PFAS remediation, but there is no evidence of specific capabilities in convertible note negotiations, EU entity formation legal/governance work, or mobile service cost modeling. The objectives require financial structuring, cross-border legal advisory, and operational cost analysis—none of which are demonstrated in the mentor's profile.","[{'from': 'startup', 'quote': 'Negotiate terms with internal investors for convertible note as bridge round'}, {'from': 'mentor', 'quote': '20+ years energy & utilities consulting'}]","[{'objective': 1, 'alignment': 0.15, 'why': 'No evidence of fundraising or financial structuring expertise'}, {'objective': 2, 'alignment': 0.2, 'why': 'No evidence of cross-border legal or governance advisory capabilities'}, {'objective': 3, 'alignment': 0.5, 'why': 'Consulting background may support cost modeling, though not explicitly stated'}]","[""Mentor's experience with fundraising or financial instruments"", ""Mentor's experience with international entity formation or governance"", ""Mentor's specific operational cost modeling or service pricing expertise""]"
startup_011,MENTOR_022,0.28,0.65,"The mentor has policy expertise and entrepreneurship/innovation leadership experience, which could provide generic guidance on navigating regulatory fragmentation (objective 2 context). However, there is no evidence of expertise in fundraising/convertible notes (objective 1), international entity formation/governance (objective 2), or cost modeling for mobile decontamination services (objective 3). The mentor's domain focus (biofuels, energy policy) does not directly address water treatment, PFAS remediation, or the startup's specific current challenges.","[{'from': 'mentor', 'quote': 'energy policy expert'}, {'from': 'mentor', 'quote': 'Director of Entrepreneurship & Innovation at École Polytechnique'}]","[{'objective': 1, 'alignment': 0.15, 'why': 'No evidence of fundraising or convertible note expertise'}, {'objective': 2, 'alignment': 0.45, 'why': 'Entrepreneurship leadership and policy background may help with governance considerations, but no EU entity formation expertise shown'}, {'objective': 3, 'alignment': 0.2, 'why': 'No evidence of cost modeling, mobile services, or water treatment operations expertise'}]","['No evidence of fundraising or financial structuring expertise for objective 1', 'No evidence of international entity formation or IP-sharing governance expertise for objective 2', 'No evidence of operational cost modeling or mobile service deployment expertise for objective 3', ""Mentor's domain (biofuels, energy) does not directly overlap with water treatment or PFAS remediation""]"
startup_011,MENTOR_023,0.42,0.7,"Mentor has strong finance leadership experience relevant to Objective 1 (negotiating convertible note terms with internal investors) and potentially useful for assessing financial structuring in Objective 2 (governance considerations for US-EU collaboration). However, there is no evidence of expertise in hard-tech fundraising, PFAS/water treatment sector knowledge, or mobile service cost modeling (Objective 3), limiting actionable help for the startup's specific technical and market challenges.","[{'from': 'mentor', 'quote': '35 years global finance leadership; former Amundi Global Head of Sales'}, {'from': 'startup', 'quote': 'Negotiate terms with internal investors for convertible note as bridge round'}]","[{'objective': 1, 'alignment': 0.65, 'why': 'Finance leadership experience relevant to convertible note structuring and investor negotiations'}, {'objective': 2, 'alignment': 0.45, 'why': 'Global finance background may inform governance considerations, but no specific EU entity formation or Big Four consulting expertise evident'}, {'objective': 3, 'alignment': 0.15, 'why': 'No evidence of expertise in cost modeling, staffing for mobile services, or water treatment sector operations'}]","['No evidence of hard-tech or cleantech fundraising experience', 'No indication of PFAS, water treatment, or environmental remediation sector knowledge', 'No operational expertise in service business cost modeling or competitive benchmarking']"
startup_011,MENTOR_024,0.12,0.85,"Insufficient info. The mentor profile provides only academic affiliation (PhD Candidate at Carnegie Mellon) and CDL Fellow status, with no expertise details in tech/ops tags, bio, or profile. Cannot assess ability to help with bridge financing negotiations, EU entity formation consulting, or mobile service cost modeling.","[{'from': 'startup', 'quote': 'Negotiate terms with internal investors for convertible note as bridge round'}, {'from': 'mentor', 'quote': 'PhD Candidate'}]","[{'objective': 1, 'alignment': 0.1, 'why': 'No evidence of fundraising or finance expertise'}, {'objective': 2, 'alignment': 0.15, 'why': 'No evidence of international business or governance expertise'}, {'objective': 3, 'alignment': 0.1, 'why': 'No evidence of cost modeling or service business expertise'}]","['Mentor expertise areas completely absent', 'No tech tags provided', 'No ops tags provided', 'Bio field empty', 'Profile interview empty', 'Cannot assess relevance to fundraising objective', 'Cannot assess relevance to EU entity formation objective', 'Cannot assess relevance to cost/staffing model objective']"
startup_011,MENTOR_025,0.22,0.75,"The mentor's automotive and software-defined vehicle expertise shows no direct connection to PFAS water treatment, fundraising for hard-tech environmental ventures, or EU entity formation for chemical remediation. Joint venture management experience offers only generic strategic value but lacks specificity for the startup's immediate objectives around bridge financing, Big Four consultancy selection, and mobile decontamination service modeling.","[{'from': 'startup', 'quote': 'Negotiate terms with internal investors for convertible note as bridge round to extend operational runway'}, {'from': 'mentor', 'quote': '30+ years automotive leadership; GM Canada & China; SDV transformation expert'}]","[{'objective': 1, 'alignment': 0.15, 'why': 'No evidence of fundraising or convertible note expertise for hard-tech ventures'}, {'objective': 2, 'alignment': 0.3, 'why': 'Joint venture management may offer generic insights on entity formation but lacks Big Four or EU-specific context'}, {'objective': 3, 'alignment': 0.2, 'why': 'No demonstrated experience in service cost modeling for environmental remediation or mobile operations'}]","['No evidence of water treatment, environmental remediation, or PFAS domain knowledge', 'No demonstrated fundraising experience for hard-tech or cleantech ventures', 'No specific expertise in Big Four consulting engagement or EU regulatory/entity formation']"
startup_011,MENTOR_026,0.22,0.75,"Insufficient info to assess fit. The mentor's profile emphasizes SaaS, robotics, digital transformation, and blockchain/circular economy, but provides no evidence of expertise in fundraising negotiations, international entity formation, or cost modeling for mobile environmental services—the three current objectives. Without detailed bio text or relevant operational experience in hard-tech fundraising or regulatory/legal structuring, the linkage to Enspired's immediate needs is weak.","[{'from': 'startup', 'quote': 'Negotiate terms with internal investors for convertible note as bridge round'}, {'from': 'mentor', 'quote': 'Digital transformation leader; Blockchain & Circular Economy Committee President'}]","[{'objective': 1, 'alignment': 0.15, 'why': 'No evidence of fundraising or convertible note negotiation expertise'}, {'objective': 2, 'alignment': 0.2, 'why': 'No evidence of cross-border entity formation or governance advisory experience'}, {'objective': 3, 'alignment': 0.3, 'why': 'Operations tag suggests possible cost modeling skills, but no specifics provided'}]","['No mentor bio text provided', 'No evidence of fundraising or investment structuring experience', 'No evidence of international legal/governance advisory experience', 'No evidence of cost modeling or service pricing expertise', 'No evidence of hard-tech or environmental sector experience']"
startup_011,MENTOR_027,0.28,0.75,"The mentor's M&A expertise could provide generic guidance on structuring the convertible note bridge round (Objective 1), but there is no evidence of direct experience with water treatment, environmental tech, PFAS remediation, or the specific operational challenges (mobile service costing, EU entity formation, regulatory navigation) the startup faces. The mentor's background in robotics, industrial automation, and space tech shows minimal overlap with the startup's current needs.","[{'from': 'mentor', 'quote': 'Mergers & Acquisitions'}, {'from': 'startup', 'quote': 'Negotiate terms with internal investors for convertible note as bridge round'}]","[{'objective': 1, 'alignment': 0.4, 'why': 'M&A background may offer generic deal structuring insight but no direct bridge financing expertise shown'}, {'objective': 2, 'alignment': 0.15, 'why': 'No evidence of EU entity formation, governance consulting, or Big Four engagement experience'}, {'objective': 3, 'alignment': 0.1, 'why': 'No demonstrated expertise in mobile service costing, water treatment operations, or PFAS market benchmarking'}]","['No evidence of environmental tech, water treatment, or PFAS domain experience', 'No demonstrated expertise in convertible note structuring or bridge financing', 'No indication of experience with regulatory navigation in fragmented US environmental landscape', 'No evidence of operational modeling for service-based revenue in cleantech']"
startup_011,MENTOR_028,0.42,0.65,"The mentor has investment and climate tech experience that could help with the bridge round negotiation (Objective 1) and general strategic funding challenges. However, there is no evidence of expertise in convertible note structuring, EU entity formation/governance consulting, or mobile service cost modeling—the specific needs articulated in Objectives 2 and 3. The match is generic rather than targeted.","[{'from': 'mentor', 'quote': 'Investment; Consulting'}, {'from': 'mentor', 'quote': 'DeepTech & climate venturing leader'}]","[{'objective': 1, 'alignment': 0.55, 'why': 'Investment background may help with bridge round strategy, but no evidence of convertible note expertise'}, {'objective': 2, 'alignment': 0.25, 'why': 'No evidence of governance consulting, Big Four engagement, or EU entity formation experience'}, {'objective': 3, 'alignment': 0.3, 'why': 'No evidence of mobile service cost modeling, staffing models, or competitive benchmarking expertise'}]","['No evidence of convertible note or bridge financing structuring experience', 'No evidence of international entity formation or governance consulting expertise', 'No evidence of operational cost modeling or service business development experience', 'Mentor profile lacks detail on specific investment stage focus or deal structuring capabilities']"
startup_011,MENTOR_029,0.12,0.85,"The mentor's expertise in autonomous systems, AI safety assurance, and UK government policy advisory has no meaningful connection to Enspired's current objectives: negotiating convertible note terms, assessing EU entity formation with accounting firms, or developing cost models for mobile PFAS decontamination services. The mentor's domain (autonomous vehicles, mobility, AI safety) is entirely disconnected from water treatment chemistry, PFAS remediation business models, or environmental regulatory strategy.","[{'from': 'startup', 'quote': 'Negotiate terms with internal investors for convertible note as bridge round'}, {'from': 'mentor', 'quote': 'Autonomous Systems; Safety Assurance; EV; Mobility'}]","[{'objective': 1, 'alignment': 0.05, 'why': 'No expertise in fundraising, convertible notes, or water treatment financing'}, {'objective': 2, 'alignment': 0.08, 'why': 'UK government advisory experience not relevant to US-EU entity formation for PFAS remediation'}, {'objective': 3, 'alignment': 0.1, 'why': 'No background in environmental services cost modeling or PFAS decontamination operations'}]",[]
startup_011,MENTOR_030,0.42,0.7,"The mentor has strong M&A and investment banking experience from Lazard, Goldman Sachs, and Citadel that could help with Objective 1 (negotiating convertible note terms with internal investors). However, there is no evidence of expertise in water treatment hard-tech, PFAS remediation, EU entity formation, or mobile service cost modeling that would address Objectives 2 and 3 or the sector-specific funding challenges.","[{'from': 'mentor', 'quote': 'Former Lazard & Goldman Sachs banker; ex-Citadel; Natixis executive'}, {'from': 'startup', 'quote': 'Negotiate terms with internal investors for convertible note as bridge round'}]","[{'objective': 1, 'alignment': 0.65, 'why': 'Investment banking background relevant to convertible note structuring'}, {'objective': 2, 'alignment': 0.25, 'why': 'No evidence of EU entity formation or governance advisory experience'}, {'objective': 3, 'alignment': 0.15, 'why': 'No evidence of operational cost modeling or mobile service expertise'}]","[""No information on mentor's experience with hard-tech or cleantech sectors"", ""No information on mentor's experience with international entity formation or cross-border structuring"", ""No information on mentor's operational or service business modeling experience""]"
startup_011,MENTOR_031,0.12,0.85,"The mentor's expertise in digital marketing, data-driven marketing, and UX does not align with the startup's current critical objectives: negotiating convertible note terms, assessing governance/IP-sharing for US-EU collaboration, and developing cost/staffing models for mobile PFAS decontamination services. These objectives require financial structuring, legal/governance expertise, and operational modeling—none of which are reflected in the mentor's profile.","[{'from': 'startup', 'quote': 'Negotiate terms with internal investors for convertible note as bridge round'}, {'from': 'mentor', 'quote': '24+ years digital marketing; connected medical solutions specialist'}]","[{'objective': 1, 'alignment': 0.05, 'why': 'No evidence of financial structuring or fundraising expertise'}, {'objective': 2, 'alignment': 0.08, 'why': 'No governance, legal, or international entity formation experience shown'}, {'objective': 3, 'alignment': 0.15, 'why': 'Marketing background could tangentially inform service positioning, but no cost modeling or operational expertise'}]","['Mentor profile lacks detail on fundraising, financial structuring, or governance experience', 'No evidence of operational modeling, cost analysis, or industrial service delivery expertise']"
startup_011,MENTOR_032,0.48,0.65,"The mentor has strong fundraising experience (raised £2bn+) and board governance expertise that could help with Objective 1 (convertible note negotiation) and potentially Objective 2 (governance considerations for US-EU collaboration). However, there is no evidence of expertise in mobile service cost modeling, PFAS remediation, water treatment hard-tech, or the specific operational challenges the startup faces. The mentor's climate tech background provides general domain context but lacks specificity for the startup's current technical and market needs.","[{'from': 'mentor', 'quote': 'Raised £2bn+; founder of Torvius; serial entrepreneur'}, {'from': 'mentor', 'quote': 'Board Governance; Investment; Startup Scaling'}]","[{'objective': 1, 'alignment': 0.72, 'why': 'Strong fundraising track record relevant to convertible note negotiation'}, {'objective': 2, 'alignment': 0.55, 'why': 'Board governance expertise applicable to governance considerations, but no EU-specific evidence'}, {'objective': 3, 'alignment': 0.18, 'why': 'No evidence of mobile service modeling or PFAS decontamination operational expertise'}]","['No evidence of water treatment or PFAS remediation domain expertise', 'No evidence of mobile service business model or cost modeling experience', 'No evidence of US-EU entity formation or cross-border structuring experience', 'Unclear if fundraising experience is relevant to internal bridge rounds vs. external priced rounds']"
startup_011,MENTOR_033,0.48,0.65,"The mentor has clean tech expertise and policy/government advisory experience that could help with regulatory navigation and strategic positioning, but lacks direct evidence of fundraising negotiation skills, EU entity formation guidance, or mobile service cost modeling expertise needed for the three specific objectives.","[{'from': 'mentor', 'quote': 'UK energy policymaker'}, {'from': 'startup', 'quote': 'The US regulatory landscape is fragmented and evolving, with a weaker push than initially projected'}]","[{'objective': 1, 'alignment': 0.35, 'why': 'Investor background but no evidence of convertible note negotiation expertise'}, {'objective': 2, 'alignment': 0.55, 'why': 'Policy and government advisory experience may inform governance considerations'}, {'objective': 3, 'alignment': 0.4, 'why': 'Clean tech sector knowledge but no specific mobile service or cost modeling evidence'}]","['No evidence of fundraising or convertible note negotiation experience', 'No specific EU entity formation or cross-border structuring expertise mentioned', 'No operational cost modeling or mobile service deployment experience indicated']"
startup_011,MENTOR_034,0.28,0.72,"The mentor's expertise in materials science and hard-tech development timelines (from DAC chemistry background) provides some generic relevance to PFAS chemistry challenges, but there is no evidence of direct experience with fundraising strategy, convertible note negotiations, international entity formation, or mobile service business models—the three specific objectives. The VC background offers minimal help since the startup explicitly notes traditional VC misalignment with their sector.","[{'from': 'startup', 'quote': 'Water treatment hard-tech and PFAS remediation have long development timelines that are at odds with most traditional VC interests.'}, {'from': 'mentor', 'quote': 'Head of Science at CDR-focused VC; former Climeworks DAC chemist; PhD EPFL'}]","[{'objective': 1, 'alignment': 0.25, 'why': 'VC background but no evidence of convertible note or bridge financing expertise'}, {'objective': 2, 'alignment': 0.15, 'why': 'No evidence of international entity formation, governance, or Big Four consulting experience'}, {'objective': 3, 'alignment': 0.2, 'why': 'No evidence of mobile service business models or cost modeling for field services'}]","['No evidence of fundraising or financial structuring expertise', 'No evidence of international business formation or governance experience', 'No evidence of service business model development or competitive benchmarking', ""Mentor's VC focus (CDR/decarbonization) differs from water treatment/PFAS remediation sector""]"
startup_012,MENTOR_001,0.48,0.72,"The mentor's legal and transactional expertise in renewables offers moderate relevance to Objective 2 (de-risking go-to-market via legal/commercial structuring) and partially to the CEO's concern about designing a legally sound GTM strategy. However, the mentor lacks direct experience in customer discovery for chemical companies (Objective 1) or HR/hiring for process engineering roles (Objective 3), limiting overall fit.","[{'from': 'startup', 'quote': 'Designing a robust and legally sound go-to-market strategy that minimizes commercial risk.'}, {'from': 'mentor', 'quote': 'General Counsel for EMEA and Global Head of Transactions at Lightsource bp'}]","[{'objective': 1, 'alignment': 0.15, 'why': 'No evidence of customer discovery or chemical industry expertise'}, {'objective': 2, 'alignment': 0.7, 'why': 'Strong legal and transactional background relevant to GTM de-risking'}, {'objective': 3, 'alignment': 0.1, 'why': 'No HR or technical hiring expertise indicated'}]","[""Mentor's experience with customer segmentation or B2B sales in industrial sectors"", ""Mentor's involvement in HR strategy or technical recruitment""]"
startup_012,MENTOR_002,0.68,0.75,"Mentor has strong industrial operations and sustainability strategy experience relevant to objectives 1 and 2 (customer discovery in chemicals, go-to-market benchmarking). Board-level perspective and 27+ years in industrial sectors provide credible guidance for validating customer segments and designing commercial strategy. Limited direct evidence for objective 3 (HR/hiring support).","[{'from': 'startup', 'quote': 'Confirm the value of small-volume, high-premium prospects by conducting five discovery calls from a list of 100 chemical companies'}, {'from': 'mentor', 'quote': '27+ years at Schlumberger including Angola CEO'}]","[{'objective': 1, 'alignment': 0.72, 'why': 'Industrial operations experience and board roles provide credible insight into chemical industry customer discovery and value proposition validation'}, {'objective': 2, 'alignment': 0.78, 'why': 'Chief Sustainability & Innovation Officer role and board memberships offer strong benchmarking perspective across industries for go-to-market de-risking'}, {'objective': 3, 'alignment': 0.45, 'why': 'General executive experience may help with hiring strategy, but no specific HR or process engineering recruitment expertise evident'}]","[""No specific evidence of mentor's experience with chemical industry customer development or methanol markets"", ""Limited detail on mentor's direct involvement in early-stage go-to-market strategy design"", ""No information about mentor's technical hiring or HR roadmap experience""]"
startup_012,MENTOR_003,0.58,0.65,"The mentor's 20+ years in sustainable innovation and business development experience provide credible support for objectives 1 and 2 (customer discovery and go-to-market benchmarking). However, the profile lacks specific evidence of methanol/chemical industry expertise or HR/technical hiring experience needed for objective 3, limiting the overall fit score.","[{'from': 'mentor', 'quote': '20+ years developing sustainable innovation; sold 100+ employee startup'}, {'from': 'mentor', 'quote': 'Business Development; Investment; Strategic Partnerships'}]","[{'objective': 1, 'alignment': 0.65, 'why': 'Business development expertise supports customer discovery calls with chemical companies'}, {'objective': 2, 'alignment': 0.7, 'why': 'Startup scaling experience and strategic partnerships background enable peer benchmarking guidance'}, {'objective': 3, 'alignment': 0.4, 'why': 'General startup scaling experience but no specific evidence of technical hiring or HR roadmap expertise'}]","['No evidence of chemical/methanol industry knowledge for targeted customer discovery', 'No specific HR or technical hiring expertise mentioned for Senior Process Engineer recruitment']"
startup_012,MENTOR_004,0.48,0.65,"The mentor has climate tech and energy transition expertise plus investment/scaling operational experience, which provides moderate relevance to Aerleum's go-to-market benchmarking (objective 2) and customer validation challenges. However, there is no evidence of direct experience in chemical industry customer discovery, methanol markets, or technical hiring for process engineering roles, limiting alignment with objectives 1 and 3.","[{'from': 'mentor', 'quote': 'Climate Tech; Energy Transition'}, {'from': 'mentor', 'quote': 'Startup Scaling'}]","[{'objective': 1, 'alignment': 0.25, 'why': 'No evidence of chemical industry or methanol market expertise for discovery calls'}, {'objective': 2, 'alignment': 0.7, 'why': 'Investment banking and venture capital background supports go-to-market benchmarking across industries'}, {'objective': 3, 'alignment': 0.35, 'why': 'General scaling experience but no specific technical hiring or process engineering expertise shown'}]","['No specific experience in chemical industry or methanol markets', 'No evidence of technical hiring expertise for engineering roles', ""Limited detail on mentor's operational involvement in climate tech startups""]"
startup_012,MENTOR_005,0.42,0.55,"The mentor's expertise in policy influence and government advisory may offer some value for de-risking go-to-market strategy (objective 2), but there is insufficient evidence of direct experience in customer discovery for chemical companies, benchmarking commercial models, or technical hiring for process engineering roles. The climate tech tag provides domain context but lacks specificity for the startup's immediate operational needs.","[{'from': 'startup', 'quote': 'De-risk the go-to-market model by benchmarking against three peer companies from different industries.'}, {'from': 'mentor', 'quote': 'Policy Influence; Government Advisory'}]","[{'objective': 1, 'alignment': 0.25, 'why': 'No evidence of B2B sales or chemical industry customer discovery expertise'}, {'objective': 2, 'alignment': 0.65, 'why': 'Policy and advisory background may inform strategic GTM risk mitigation'}, {'objective': 3, 'alignment': 0.2, 'why': 'No evidence of technical hiring or process engineering recruitment experience'}]","[""Mentor's specific experience in B2B customer discovery or sales in chemical/industrial sectors"", ""Mentor's track record in go-to-market benchmarking or commercial model design"", ""Mentor's involvement in technical hiring or building engineering teams""]"
startup_012,MENTOR_006,0.58,0.72,"The mentor's cleantech commercial development and sustainability strategy expertise align moderately with Aerleum's go-to-market challenges (objectives 1 and 2) and customer validation needs. However, there is no evidence of specific methanol/chemical industry experience or HR/hiring expertise needed for objective 3, limiting the score.","[{'from': 'startup', 'quote': 'De-risk the go-to-market model by benchmarking against three peer companies from different industries.'}, {'from': 'mentor', 'quote': 'Cleantech Commercial Development'}]","[{'objective': 1, 'alignment': 0.55, 'why': 'Cleantech commercial experience may help with discovery calls, but no chemical industry specifics'}, {'objective': 2, 'alignment': 0.7, 'why': 'Strong match: cleantech commercial development and cross-industry ESG strategy directly support GTM benchmarking'}, {'objective': 3, 'alignment': 0.25, 'why': 'No evidence of HR roadmap or technical hiring expertise for Senior Process Engineer role'}]","['No evidence of chemical/methanol industry experience for objective 1', 'No evidence of HR or technical hiring expertise for objective 3', 'Mentor profile lacks detail on specific commercial development methodologies or case examples']"
startup_012,MENTOR_007,0.68,0.72,"The mentor has strong climate-tech investment and startup scaling experience at Breakthrough Energy Ventures, directly relevant to Aerleum's go-to-market de-risking (objective 2) and customer validation (objective 1). However, the mentor's technical background in nuclear waste management and materials science offers limited direct help for methanol market discovery calls or hiring a Senior Process Engineer in chemical conversion processes.","[{'from': 'startup', 'quote': 'De-risk the go-to-market model by benchmarking against three peer companies from different industries.'}, {'from': 'mentor', 'quote': 'Managing Director Breakthrough Energy Ventures Europe; Startup Scaling; Investment'}]","[{'objective': 1, 'alignment': 0.55, 'why': 'Climate-tech investment experience provides market insight but not methanol-specific customer discovery expertise'}, {'objective': 2, 'alignment': 0.85, 'why': 'Direct startup scaling and investment experience highly relevant for go-to-market benchmarking and de-risking'}, {'objective': 3, 'alignment': 0.45, 'why': 'CTO experience and team-building at Kurion relevant but materials science background not aligned with chemical process engineering hire'}]",[]
startup_012,MENTOR_008,0.58,0.72,"The mentor's 27 years as McKinsey Senior Partner with sustainability and industrial focus provides credible expertise for benchmarking go-to-market models (objective 2) and potentially validating customer segments in industrial chemicals. However, there is no evidence of direct experience in chemical industry customer discovery, methanol markets, or technical hiring for process engineering roles, limiting alignment with objectives 1 and 3.","[{'from': 'mentor', 'quote': '27 years McKinsey Senior Partner; sustainability & industrial focus'}, {'from': 'startup', 'quote': 'De-risk the go-to-market model by benchmarking against three peer companies from different industries.'}]","[{'objective': 1, 'alignment': 0.45, 'why': 'Industrial focus may help but no direct chemical/methanol market expertise shown'}, {'objective': 2, 'alignment': 0.82, 'why': 'McKinsey consulting background directly applicable to benchmarking and GTM strategy'}, {'objective': 3, 'alignment': 0.35, 'why': 'No evidence of technical hiring or process engineering recruitment experience'}]","[""Mentor's specific experience with chemical industry customer discovery"", ""Mentor's track record in technical/engineering talent recruitment"", ""Mentor's knowledge of methanol or derivative markets""]"
startup_012,MENTOR_009,0.48,0.65,"The mentor has relevant experience in startup scaling and managing deep-tech programs, which partially addresses Objective 2 (de-risking go-to-market via benchmarking) and Objective 3 (HR roadmap and hiring). However, there is no evidence of expertise in customer discovery for chemical/methanol markets (Objective 1) or specific knowledge of the carbon capture/e-methanol domain. The fit is moderate but not highly targeted to the startup's most pressing current needs.","[{'from': 'mentor', 'quote': 'Manages deep-tech startup programs at CEA-Liten'}, {'from': 'startup', 'quote': 'De-risk the go-to-market model by benchmarking against three peer companies from different industries.'}]","[{'objective': 1, 'alignment': 0.25, 'why': 'No evidence of chemical industry or methanol market customer discovery expertise'}, {'objective': 2, 'alignment': 0.65, 'why': 'Deep-tech startup program management suggests benchmarking and GTM strategy experience'}, {'objective': 3, 'alignment': 0.55, 'why': 'Startup scaling experience may inform HR roadmap, but no direct hiring/recruitment expertise shown'}]","['No evidence of chemical industry or methanol market knowledge', 'No specific customer discovery or B2B sales expertise mentioned', ""Limited detail on mentor's go-to-market strategy experience"", ""No information on mentor's hiring or talent acquisition background""]"
startup_012,MENTOR_010,0.42,0.55,"The mentor has clean technology experience and startup scaling expertise that could provide general guidance on go-to-market strategy and team building. However, the profile lacks specific evidence of customer discovery in chemical/industrial markets, benchmarking methodologies, or technical hiring in process engineering—the three concrete objectives Aerleum needs help with now.","[{'from': 'mentor', 'quote': 'Clean Technology'}, {'from': 'mentor', 'quote': 'Startup Scaling'}]","[{'objective': 1, 'alignment': 0.35, 'why': 'No evidence of chemical industry customer discovery experience'}, {'objective': 2, 'alignment': 0.5, 'why': 'Scaling and investment background suggests GTM knowledge, but no benchmarking specifics'}, {'objective': 3, 'alignment': 0.4, 'why': 'Entrepreneurial experience implies hiring, but no technical/engineering recruitment evidence'}]","[""No detail on mentor's clean tech domain (chemical, energy, industrial)"", 'No evidence of B2B customer discovery or sales in industrial segments', 'No information on technical team building or process engineering expertise', 'Mentor bio is empty; profile_int is empty']"
startup_012,MENTOR_011,0.42,0.65,"The mentor's capital markets and climate finance expertise offers moderate relevance to Objective 2 (de-risking go-to-market via peer benchmarking) and general strategic context for commercial risk mitigation. However, there is no direct evidence of experience in customer discovery for chemical companies (Objective 1) or technical hiring for process engineering roles (Objective 3). The mentor's policy and investment background provides limited actionable support for the startup's immediate operational needs.","[{'from': 'startup', 'quote': 'De-risk the go-to-market model by benchmarking against three peer companies from different industries.'}, {'from': 'mentor', 'quote': '25+ years Canadian capital markets; B20 taskforce member; climate finance advisor'}]","[{'objective': 1, 'alignment': 0.15, 'why': 'No evidence of chemical industry customer discovery expertise'}, {'objective': 2, 'alignment': 0.65, 'why': 'Capital markets experience may inform peer benchmarking and commercial risk assessment'}, {'objective': 3, 'alignment': 0.1, 'why': 'No evidence of technical hiring or process engineering recruitment experience'}]","[""Mentor's specific experience with B2B customer discovery or sales in industrial sectors"", ""Mentor's track record in operational scaling or team-building for deep-tech startups"", ""Details on mentor's go-to-market strategy design experience beyond finance/policy""]"
startup_012,MENTOR_012,0.42,0.65,"The mentor's B2B sales expertise and climate tech background provide moderate support for Objective 1 (discovery calls with chemical companies) and some context for Objective 2 (go-to-market benchmarking). However, there is no evidence of HR/hiring expertise for Objective 3, and the mentor's profile lacks specific experience in methanol markets, maritime/SAF sectors, or process engineering recruitment that would directly address the startup's most pressing current needs.","[{'from': 'mentor', 'quote': 'B2B Sales'}, {'from': 'mentor', 'quote': 'Climate Tech'}]","[{'objective': 1, 'alignment': 0.55, 'why': 'B2B sales experience relevant to discovery calls, but no methanol/chemical industry specificity'}, {'objective': 2, 'alignment': 0.45, 'why': 'General operational experience may inform GTM benchmarking, but lacks direct peer-comparison expertise'}, {'objective': 3, 'alignment': 0.15, 'why': 'No evidence of HR roadmap development or technical hiring expertise for process engineering roles'}]","['No evidence of methanol or chemical industry experience', 'No HR or technical hiring expertise mentioned', 'No specific experience in maritime, SAF, or e-fuels sectors', ""Insufficient detail on mentor's operational scaling experience""]"
startup_012,MENTOR_013,0.22,0.75,"The mentor's expertise in agri-tech, sustainable agriculture, and entomology shows minimal direct relevance to Aerleum's current objectives around chemical industry customer discovery, go-to-market benchmarking, and hiring a Senior Process Engineer for CO2 capture/conversion technology. While the mentor has project management and board governance experience, there is insufficient evidence of chemical industry, methanol markets, or process engineering recruitment expertise needed for the stated objectives.","[{'from': 'startup', 'quote': 'conducting five discovery calls from a list of 100 chemical companies using methanol or derivatives'}, {'from': 'mentor', 'quote': 'Agri Tech; Sustainable Agriculture'}]","[{'objective': 1, 'alignment': 0.15, 'why': 'No evidence of chemical industry or methanol market expertise'}, {'objective': 2, 'alignment': 0.35, 'why': 'Project management experience may offer generic GTM insights but lacks industry specificity'}, {'objective': 3, 'alignment': 0.1, 'why': 'No evidence of process engineering or chemical technology hiring experience'}]","[""Mentor's experience in chemical industry or methanol markets"", ""Mentor's track record in industrial process engineering recruitment"", ""Mentor's specific go-to-market experience in cleantech or industrial chemicals""]"
startup_012,MENTOR_014,0.28,0.72,"The mentor's expertise in startup scaling and brand/communications offers generic value, but lacks direct relevance to Aerleum's immediate needs: conducting chemical industry discovery calls, benchmarking go-to-market models, and hiring a Senior Process Engineer. The mentor's background in vertical farming and agri-tech does not translate to methanol markets, chemical customer validation, or process engineering recruitment.","[{'from': 'startup', 'quote': 'Confirm the value of small-volume, high-premium prospects by conducting five discovery calls from a list of 100 chemical companies'}, {'from': 'mentor', 'quote': 'Co-founder of Infarm; leads brand and communications; background in film and journalism'}]","[{'objective': 1, 'alignment': 0.2, 'why': 'No chemical industry or B2B sales expertise evident'}, {'objective': 2, 'alignment': 0.35, 'why': 'Startup scaling experience may offer general GTM insights'}, {'objective': 3, 'alignment': 0.15, 'why': 'No technical hiring or process engineering background shown'}]","[""Mentor's specific experience with B2B chemical/industrial customer discovery"", ""Mentor's involvement in technical hiring or engineering team building"", ""Details on mentor's go-to-market benchmarking methods or peer analysis""]"
startup_012,MENTOR_015,0.28,0.72,"The mentor's expertise in strategic IP management and Climate Tech domain provides generic relevance, but there is no direct evidence of experience in customer discovery, go-to-market strategy design, or HR/hiring processes that match Aerleum's three current objectives. The mentor's litigation and patent law background does not credibly address the startup's immediate needs around validating customer segments, de-risking commercial strategy, or finalizing key engineering hires.","[{'from': 'mentor', 'quote': 'Strategic IP Management; Law'}, {'from': 'startup', 'quote': 'Confirm the value of small-volume, high-premium prospects by conducting five discovery calls from a list of 100 chemical companies'}]","[{'objective': 1, 'alignment': 0.15, 'why': 'No evidence of customer discovery or sales expertise'}, {'objective': 2, 'alignment': 0.25, 'why': 'Legal background may inform GTM risk, but no direct commercial strategy experience shown'}, {'objective': 3, 'alignment': 0.1, 'why': 'No evidence of HR, hiring, or process engineering recruitment expertise'}]","['No evidence of customer development or sales experience', 'No evidence of go-to-market strategy design beyond legal/IP considerations', 'No evidence of HR, talent acquisition, or technical hiring expertise']"
startup_012,MENTOR_016,0.42,0.65,"The mentor has climate tech investment experience (70+ investments) and startup scaling expertise that could help with go-to-market strategy validation (objective 2) and potentially customer segment understanding. However, the mentor's background is primarily in SaaS/platform/marketplace tech rather than deep-tech chemical/industrial sectors, limiting direct relevance to discovery calls with chemical companies (objective 1) or process engineering hiring (objective 3).","[{'from': 'mentor', 'quote': '70+ climate tech investments'}, {'from': 'mentor', 'quote': 'Startup Scaling; Board Governance; Investment'}]","[{'objective': 1, 'alignment': 0.25, 'why': 'Climate tech exposure but no chemical industry sales expertise evident'}, {'objective': 2, 'alignment': 0.65, 'why': 'Strong startup scaling and investment experience enables GTM benchmarking insights'}, {'objective': 3, 'alignment': 0.35, 'why': 'General scaling/team-building knowledge but no process engineering hiring specialization'}]","['No evidence of chemical industry or industrial B2B sales experience for objective 1', 'No specific HR/technical hiring expertise for Senior Process Engineer role']"
startup_012,MENTOR_017,0.48,0.65,"The mentor's expertise in sustainability strategy and ESG compliance offers moderate relevance to Aerleum's go-to-market challenges and customer validation needs. However, the mentor lacks direct experience in chemical industry sales, maritime/SAF market development, or process engineering recruitment, which are central to the startup's three stated objectives.","[{'from': 'startup', 'quote': 'De-risk the go-to-market model by benchmarking against three peer companies from different industries.'}, {'from': 'mentor', 'quote': 'Sustainability Strategy; ESG Compliance; Corporate Innovation'}]","[{'objective': 1, 'alignment': 0.35, 'why': 'No direct chemical industry sales or methanol market expertise evident'}, {'objective': 2, 'alignment': 0.65, 'why': 'Corporate innovation and sustainability strategy experience relevant for GTM benchmarking'}, {'objective': 3, 'alignment': 0.25, 'why': 'No HR or technical hiring expertise indicated in profile'}]","[""Mentor's specific experience with chemical industry or methanol markets unclear"", 'No evidence of technical hiring or HR roadmap development experience', 'Unclear if mentor has worked with early-stage climate tech commercialization']"
startup_012,MENTOR_018,0.68,0.72,"The mentor's expertise in GTM strategy and startup scaling directly addresses Aerleum's stated challenges around validating customer segments and designing a robust go-to-market strategy. However, the mentor's profile lacks specific evidence of experience in chemical industry customer discovery or technical hiring for process engineering roles, limiting alignment with objectives 1 and 3.","[{'from': 'mentor', 'quote': 'GTM Strategy'}, {'from': 'startup', 'quote': 'Designing a robust and legally sound go-to-market strategy that minimizes commercial risk.'}]","[{'objective': 1, 'alignment': 0.45, 'why': 'Startup scaling experience may help, but no chemical industry customer discovery expertise shown'}, {'objective': 2, 'alignment': 0.85, 'why': 'GTM strategy and startup scaling expertise directly match benchmarking go-to-market models'}, {'objective': 3, 'alignment': 0.5, 'why': 'Operations background may help HR roadmap, but no specific technical hiring expertise evident'}]","['No evidence of chemical industry or B2B industrial sales experience for objective 1', 'No specific technical hiring or process engineering domain knowledge for objective 3']"
startup_012,MENTOR_019,0.68,0.72,"The mentor offers strong alignment with objectives 1 and 2 through data-driven sales expertise and startup scaling experience, directly addressing customer validation and go-to-market de-risking. However, there is no evident expertise in HR/hiring (objective 3), limiting overall fit. Climate tech domain knowledge provides useful context but is secondary to the actionable sales and GTM capabilities.","[{'from': 'mentor', 'quote': 'Data-Driven Sales'}, {'from': 'startup', 'quote': 'Understanding and validating our target customer segments to ensure product-market fit'}]","[{'objective': 1, 'alignment': 0.75, 'why': 'Data-driven sales expertise directly supports discovery calls and customer validation'}, {'objective': 2, 'alignment': 0.8, 'why': 'Startup scaling and GTM strategy experience enables peer benchmarking and commercial risk mitigation'}, {'objective': 3, 'alignment': 0.25, 'why': 'No evident HR or technical hiring expertise for Senior Process Engineer recruitment'}]","['Mentor bio is empty, limiting assessment of depth in sales methodology and GTM execution', 'No evidence of technical hiring or HR roadmap experience for objective 3']"
startup_012,MENTOR_020,0.42,0.55,"The mentor's deep-tech investment background and climate tech expertise provide some credible value for de-risking the go-to-market model (objective 2) and potentially validating customer segments. However, the profile lacks specific evidence of hands-on experience in customer discovery calls, chemical industry benchmarking, or HR/hiring processes needed for objectives 1 and 3. Insufficient detail on operational GTM strategy design limits confidence.","[{'from': 'mentor', 'quote': 'Deep-tech investor; former Swedish Technical Attaché; ex-Gartner VP'}, {'from': 'startup', 'quote': 'De-risk the go-to-market model by benchmarking against three peer companies from different industries.'}]","[{'objective': 1, 'alignment': 0.3, 'why': 'No evidence of chemical industry customer discovery expertise'}, {'objective': 2, 'alignment': 0.65, 'why': 'Investment experience suggests peer benchmarking and GTM risk assessment capability'}, {'objective': 3, 'alignment': 0.25, 'why': 'No specific HR roadmap or technical hiring expertise indicated'}]","['No evidence of chemical industry or methanol market knowledge', 'No specific GTM strategy design or commercial risk mitigation experience detailed', 'No HR/talent acquisition or process engineering hiring expertise mentioned']"
startup_012,MENTOR_021,0.42,0.65,"The mentor's climate tech and sustainability strategy expertise provides general domain alignment with Aerleum's carbon capture technology. However, the profile lacks specific evidence of go-to-market design, customer discovery in chemical/industrial sectors, or technical hiring experience that directly addresses the startup's three current objectives. The 20+ years in energy & utilities consulting offers some relevant context but insufficient detail to confirm actionable help with customer validation, GTM de-risking, or senior engineering recruitment.","[{'from': 'mentor', 'quote': '20+ years energy & utilities consulting'}, {'from': 'mentor', 'quote': 'Climate Tech; Data & Analytics; AI for Sustainability'}]","[{'objective': 1, 'alignment': 0.45, 'why': 'Energy consulting background may inform industrial customer landscape but no direct B2B discovery expertise shown'}, {'objective': 2, 'alignment': 0.5, 'why': 'Sustainability strategy and corporate innovation tags suggest GTM insight but lacks specific benchmarking or commercial risk mitigation evidence'}, {'objective': 3, 'alignment': 0.3, 'why': 'No HR, talent acquisition, or technical hiring expertise evident in profile'}]","['No evidence of customer discovery or sales methodology experience', 'No specific go-to-market design or commercial strategy track record', 'No technical hiring, HR roadmap, or team-building expertise mentioned', 'Mentor bio is empty; mentor_profile_int is empty']"
startup_012,MENTOR_022,0.42,0.55,"The mentor's energy sector experience and entrepreneurship/innovation leadership provide moderate relevance to Aerleum's go-to-market challenges and team-building needs. However, the profile lacks specific evidence of customer discovery expertise in chemical markets, commercial de-risking methodologies, or process engineering recruitment—the three explicit current objectives. The biofuels/energy background offers contextual domain alignment but insufficient detail to confirm actionable help with the stated priorities.","[{'from': 'mentor', 'quote': 'Director of Entrepreneurship & Innovation at École Polytechnique'}, {'from': 'startup', 'quote': 'De-risk the go-to-market model by benchmarking against three peer companies from different industries.'}]","[{'objective': 1, 'alignment': 0.3, 'why': 'No evidence of chemical industry customer discovery expertise'}, {'objective': 2, 'alignment': 0.55, 'why': 'Entrepreneurship leadership suggests GTM strategy experience, but no benchmarking specifics'}, {'objective': 3, 'alignment': 0.4, 'why': 'Innovation director role implies hiring experience, but no process engineering recruitment evidence'}]","[""No detail on mentor's customer discovery or sales methodology experience"", 'No evidence of commercial de-risking or benchmarking work', 'No specifics on technical hiring or process engineering domain knowledge', 'Biofuels/energy tags provide context but lack depth on methanol or carbon capture markets']"
startup_012,MENTOR_023,0.28,0.72,"The mentor's finance and institutional client expertise offers limited direct help with the startup's current priorities: conducting discovery calls with chemical companies, benchmarking go-to-market models, and hiring a Senior Process Engineer. While risk assessment and finance experience may tangentially support go-to-market de-risking, there is no evidence of chemical industry knowledge, B2B sales methodology, or technical hiring expertise needed for the stated objectives.","[{'from': 'mentor', 'quote': '35 years global finance leadership; former Amundi Global Head of Sales'}, {'from': 'startup', 'quote': 'De-risk the go-to-market model by benchmarking against three peer companies from different industries.'}]","[{'objective': 1, 'alignment': 0.15, 'why': 'No chemical industry or B2B discovery call expertise evident'}, {'objective': 2, 'alignment': 0.45, 'why': 'Risk assessment and institutional sales may inform GTM de-risking generically'}, {'objective': 3, 'alignment': 0.1, 'why': 'No technical hiring or process engineering recruitment experience shown'}]","[""Mentor's experience in chemical/industrial sectors unclear"", 'No evidence of B2B sales methodology or customer discovery expertise', 'Technical hiring or engineering talent acquisition experience not mentioned']"
startup_012,MENTOR_024,0.12,0.25,"Insufficient info. The mentor profile provides only a title (PhD Candidate) and affiliation with no details on domain expertise, industry experience, or relevant skills. There is no evidence the mentor can help with customer discovery calls, go-to-market benchmarking, or senior engineering hiring for a cleantech/chemical company.","[{'from': 'mentor', 'quote': 'PhD Candidate'}, {'from': 'startup', 'quote': 'Understanding and validating our target customer segments to ensure product-market fit.'}]","[{'objective': 1, 'alignment': 0.1, 'why': 'No evidence of chemical industry or B2B sales expertise'}, {'objective': 2, 'alignment': 0.15, 'why': 'No evidence of go-to-market or benchmarking experience'}, {'objective': 3, 'alignment': 0.1, 'why': 'No evidence of HR, hiring, or process engineering expertise'}]","[""Mentor's research focus or PhD domain"", ""Mentor's industry experience or functional expertise"", ""Mentor's relevant skills in sales, GTM, HR, or cleantech"", ""Details on mentor's background beyond academic title""]"
startup_012,MENTOR_025,0.28,0.75,"The mentor's 30+ years of automotive and joint venture management experience provides generic strategic and go-to-market guidance, but lacks direct relevance to chemical industry customer discovery, cleantech commercialization, or process engineering hiring. The automotive/SDV domain has minimal overlap with CO2 capture and e-methanol production.","[{'from': 'mentor', 'quote': 'Joint Venture Management; Consulting'}, {'from': 'startup', 'quote': 'De-risk the go-to-market model by benchmarking against three peer companies from different industries.'}]","[{'objective': 1, 'alignment': 0.15, 'why': 'No chemical industry or methanol market expertise evident'}, {'objective': 2, 'alignment': 0.45, 'why': 'General consulting and go-to-market experience applicable across industries'}, {'objective': 3, 'alignment': 0.1, 'why': 'No process engineering or cleantech hiring background shown'}]","[""Mentor's experience in chemical/industrial sectors unclear"", 'No evidence of cleantech or sustainability commercialization expertise', 'Technical hiring experience in process engineering not mentioned']"
startup_012,MENTOR_026,0.28,0.65,"Insufficient info: mentor profile lacks detail on chemical industry, methanol markets, or cleantech go-to-market experience. Generic digital transformation and operations background offers weak linkage to Aerleum's specific objectives (discovery calls with chemical companies, benchmarking peer GTM models, hiring a Senior Process Engineer). No evidence of relevant domain expertise for CO2 capture/conversion or maritime/SAF offtake deals.","[{'from': 'startup', 'quote': 'Confirm the value of small-volume, high-premium prospects by conducting five discovery calls from a list of 100 chemical companies'}, {'from': 'mentor', 'quote': 'Digital transformation leader; Blockchain & Circular Economy Committee President'}]","[{'objective': 1, 'alignment': 0.25, 'why': 'No evidence of chemical industry or methanol market expertise'}, {'objective': 2, 'alignment': 0.35, 'why': 'Operations tag suggests generic GTM insight, but no peer benchmarking specifics'}, {'objective': 3, 'alignment': 0.2, 'why': 'No evidence of technical hiring or process engineering recruitment experience'}]","[""Mentor's experience in chemical/cleantech sectors"", ""Mentor's track record in B2B sales or customer discovery"", ""Mentor's involvement in technical hiring or engineering team building"", ""Mentor's knowledge of methanol, maritime, or SAF markets""]"
startup_012,MENTOR_027,0.28,0.72,"The mentor's M&A expertise may offer generic strategic guidance for go-to-market de-risking (objective 2), but there is no evidence of direct experience in chemical markets, methanol value chains, customer discovery in industrial chemicals, or process engineering hiring. The robotics and space tech focus shows minimal overlap with Aerleum's carbon capture and e-methanol conversion challenges.","[{'from': 'mentor', 'quote': 'Mergers & Acquisitions'}, {'from': 'startup', 'quote': 'De-risk the go-to-market model by benchmarking against three peer companies from different industries.'}]","[{'objective': 1, 'alignment': 0.1, 'why': 'No evidence of chemical industry or methanol market expertise for discovery calls'}, {'objective': 2, 'alignment': 0.45, 'why': 'M&A and McKinsey background may help with strategic benchmarking and GTM de-risking'}, {'objective': 3, 'alignment': 0.15, 'why': 'No evidence of process engineering hiring or HR roadmap expertise in relevant domain'}]","['No evidence of chemical industry or methanol market experience', 'No evidence of customer discovery or sales expertise in industrial chemicals', 'No evidence of process engineering or cleantech hiring experience']"
startup_012,MENTOR_028,0.42,0.55,"The mentor has climate tech investment and consulting experience relevant to Aerleum's domain, but lacks explicit expertise in customer discovery for chemical companies, go-to-market benchmarking, or technical hiring for process engineering roles. The connection is primarily at the strategic/investment level rather than the operational execution needs stated in the objectives.","[{'from': 'mentor', 'quote': 'DeepTech & climate venturing leader'}, {'from': 'startup', 'quote': 'Understanding and validating our target customer segments to ensure product-market fit.'}]","[{'objective': 1, 'alignment': 0.35, 'why': 'No evidence of chemical industry customer discovery expertise'}, {'objective': 2, 'alignment': 0.55, 'why': 'Consulting background may support GTM benchmarking across industries'}, {'objective': 3, 'alignment': 0.25, 'why': 'No evidence of technical hiring or HR roadmap experience'}]","['No specific experience in chemical industry customer development', 'No evidence of technical hiring or HR expertise', 'Limited detail on consulting methodologies or GTM strategy work']"
startup_012,MENTOR_029,0.12,0.85,"The mentor's expertise in autonomous systems, safety assurance, EV, and mobility has minimal relevance to Aerleum's current objectives: conducting discovery calls with chemical companies, benchmarking go-to-market models, and hiring a Senior Process Engineer. The mentor's policy and government advisory experience does not address the startup's immediate commercial validation, GTM de-risking, or technical hiring needs.","[{'from': 'startup', 'quote': 'Confirm the value of small-volume, high-premium prospects by conducting five discovery calls from a list of 100 chemical companies'}, {'from': 'mentor', 'quote': 'Autonomous Systems; Safety Assurance; EV; Mobility'}]","[{'objective': 1, 'alignment': 0.05, 'why': 'No expertise in chemical industry customer discovery'}, {'objective': 2, 'alignment': 0.15, 'why': 'Generic GTM experience possible but not domain-relevant'}, {'objective': 3, 'alignment': 0.08, 'why': 'No indication of process engineering or cleantech hiring expertise'}]",[]
startup_012,MENTOR_030,0.28,0.75,"The mentor's M&A and investment expertise offers generic strategic value but lacks direct relevance to Aerleum's immediate needs: customer discovery in chemical markets, go-to-market benchmarking in cleantech, and hiring a Senior Process Engineer. The fintech/data security tech focus and financial services background do not align with carbon capture technology or chemical industry customer validation.","[{'from': 'startup', 'quote': 'conducting five discovery calls from a list of 100 chemical companies using methanol or derivatives'}, {'from': 'mentor', 'quote': 'Former Lazard & Goldman Sachs banker; ex-Citadel; Natixis executive'}]","[{'objective': 1, 'alignment': 0.15, 'why': 'No chemical industry or methanol market expertise evident'}, {'objective': 2, 'alignment': 0.45, 'why': 'M&A background may help with competitive benchmarking frameworks'}, {'objective': 3, 'alignment': 0.1, 'why': 'No technical hiring or process engineering expertise shown'}]","['No evidence of chemical industry or cleantech sector experience', 'No indication of customer discovery or B2B sales expertise in industrial markets', 'No technical or engineering hiring experience mentioned']"
startup_012,MENTOR_031,0.28,0.72,"The mentor's expertise in digital marketing and data-driven marketing offers limited relevance to Aerleum's current priorities: conducting B2B discovery calls with chemical companies, de-risking go-to-market through peer benchmarking, and hiring a Senior Process Engineer. While marketing experience could tangentially support customer segment validation, the mentor lacks demonstrated expertise in industrial B2B sales, chemical industry go-to-market strategy, or technical hiring for process engineering roles.","[{'from': 'startup', 'quote': 'Confirm the value of small-volume, high-premium prospects by conducting five discovery calls from a list of 100 chemical companies'}, {'from': 'mentor', 'quote': '24+ years digital marketing; connected medical solutions specialist'}]","[{'objective': 1, 'alignment': 0.25, 'why': 'Digital marketing background weakly applies to B2B chemical industry discovery calls'}, {'objective': 2, 'alignment': 0.35, 'why': 'Marketing experience may inform GTM benchmarking but lacks industrial context'}, {'objective': 3, 'alignment': 0.15, 'why': 'No evident expertise in technical hiring or process engineering recruitment'}]","[""Mentor's experience with industrial B2B sales or chemical sector"", ""Mentor's involvement in technical hiring or engineering team building"", ""Mentor's knowledge of go-to-market strategy for deep-tech or climate solutions""]"
startup_012,MENTOR_032,0.48,0.55,"The mentor has Climate Tech expertise and experience in startup scaling, which provides general relevance to Aerleum's domain. However, the profile lacks specific evidence of go-to-market strategy design, customer discovery in chemical/industrial markets, or HR/hiring expertise needed for the three stated objectives. The fundraising experience (£2bn+) may indirectly support commercial strategy but is not directly actionable for the current needs.","[{'from': 'mentor', 'quote': 'Climate Tech; Space Tech; Energy; Fintech'}, {'from': 'mentor', 'quote': 'Startup Scaling'}]","[{'objective': 1, 'alignment': 0.35, 'why': 'No evidence of chemical industry customer discovery expertise'}, {'objective': 2, 'alignment': 0.55, 'why': 'Startup scaling and investment experience may inform GTM benchmarking'}, {'objective': 3, 'alignment': 0.25, 'why': 'No evidence of HR roadmap design or technical hiring expertise'}]","['No evidence of customer discovery or sales methodology in B2B chemical/industrial markets', 'No evidence of go-to-market strategy design or commercial risk mitigation expertise', 'No evidence of HR/talent acquisition experience or process engineering domain knowledge']"
startup_012,MENTOR_033,0.68,0.75,"The mentor's background as former Global Head of Analysis at BNEF and ex-McKinsey Partner provides strong credentials for helping with go-to-market strategy benchmarking (objective 2) and customer segment validation (challenge 1). However, there is limited evidence of direct expertise in HR/hiring processes (objective 3) or hands-on experience conducting discovery calls in chemical markets (objective 1).","[{'from': 'mentor', 'quote': 'Former Global Head of Analysis at BNEF; ex-McKinsey Partner'}, {'from': 'startup', 'quote': 'De-risk the go-to-market model by benchmarking against three peer companies from different industries.'}]","[{'objective': 1, 'alignment': 0.55, 'why': 'McKinsey experience suggests strategic approach to discovery, but no direct chemical industry evidence'}, {'objective': 2, 'alignment': 0.85, 'why': 'BNEF and McKinsey background directly applicable to competitive benchmarking and GTM de-risking'}, {'objective': 3, 'alignment': 0.45, 'why': 'No explicit HR or technical hiring expertise mentioned in profile'}]","['No evidence of chemical industry network or methanol market expertise', 'No explicit HR/talent acquisition experience mentioned', 'Limited detail on hands-on operational scaling experience']"
startup_012,MENTOR_034,0.58,0.72,"Mentor has direct DAC and decarbonization expertise relevant to Aerleum's CO2 capture technology, plus VC experience that could inform go-to-market benchmarking. However, the mentor's profile lacks explicit evidence of customer discovery in chemical markets, maritime/SAF sectors, or HR/hiring expertise needed for the Senior Process Engineer role.","[{'from': 'mentor', 'quote': 'former Climeworks DAC chemist'}, {'from': 'mentor', 'quote': 'Head of Science at CDR-focused VC'}]","[{'objective': 1, 'alignment': 0.45, 'why': 'VC role may provide portfolio insights, but no direct chemical industry sales experience shown'}, {'objective': 2, 'alignment': 0.7, 'why': 'VC position offers exposure to peer climate-tech companies for benchmarking go-to-market models'}, {'objective': 3, 'alignment': 0.35, 'why': 'Materials science background relevant to process engineering, but no HR or hiring expertise evident'}]","['No evidence of customer discovery or sales experience in chemical/methanol markets', 'No explicit HR, talent acquisition, or team-building expertise mentioned', 'Unclear if mentor has worked with maritime or SAF sectors']"
startup_013,MENTOR_001,0.28,0.75,"The mentor's expertise in renewable energy law, transactions, and investment is tangentially relevant to M4Life's fundraising objective but does not directly address ag-biotech pilot execution, farmer validation, or regulatory challenges in agricultural markets. The mentor's transactional and legal background may offer generic guidance on structuring deals, but lacks specific alignment with the startup's current operational and market-validation priorities in agriculture.","[{'from': 'mentor', 'quote': 'General Counsel for EMEA and Global Head of Transactions at Lightsource bp'}, {'from': 'startup', 'quote': 'At this stage, investment is essential but difficult, as many funds remain cautious about non-commercial deep tech.'}]","[{'objective': 1, 'alignment': 0.4, 'why': 'Transactional and investment experience may inform fundraising strategy, but not ag-biotech specific'}, {'objective': 2, 'alignment': 0.15, 'why': 'No evident expertise in agricultural pilots, distributor management, or field operations'}, {'objective': 3, 'alignment': 0.1, 'why': 'No background in farmer interviews, product-market fit validation, or agricultural market research'}]","[""Mentor's experience in ag-biotech or agricultural markets"", ""Mentor's involvement in deep-tech or early-stage venture fundraising"", ""Mentor's knowledge of regulatory pathways for biological products""]"
startup_013,MENTOR_002,0.42,0.7,"The mentor's sustainability strategy expertise and board experience could provide some value for fundraising guidance (Objective 1) and navigating regulatory markets, but lacks direct ag-biotech, farmer engagement, or distribution channel expertise critical for Objectives 2 and 3. The mentor's industrial/mining background is tangential to agricultural microbial products.","[{'from': 'startup', 'quote': 'investment is essential but difficult, as many funds remain cautious about non-commercial deep tech'}, {'from': 'mentor', 'quote': 'Board member of Anglo American and Capitals Coalition; former Chief Sustainability & Innovation Officer at Holcim'}]","[{'objective': 1, 'alignment': 0.55, 'why': 'Board experience may help with VC/investor engagement and deep tech positioning'}, {'objective': 2, 'alignment': 0.3, 'why': 'No evident expertise in agricultural pilots, distributor management, or farmer field visits'}, {'objective': 3, 'alignment': 0.35, 'why': 'Limited relevance to farmer/distributor interviews and product-market fit validation in agriculture'}]","['No evidence of agricultural sector experience', 'No indication of farmer or agri-distributor engagement expertise', 'Unclear if sustainability strategy extends to ag-biotech or soil health']"
startup_013,MENTOR_003,0.58,0.65,"The mentor's expertise in business development, investment, and strategic partnerships offers moderate alignment with M4Life's bridge funding objective and distributor engagement needs. However, the mentor's focus on industrial/semiconductor technology and lack of explicit ag-biotech or regulatory market experience limits direct applicability to M4Life's specific challenges in agricultural product commercialization and farmer trust-building.","[{'from': 'mentor', 'quote': 'Business Development; Investment; Strategic Partnerships'}, {'from': 'startup', 'quote': 'investment is essential but difficult, as many funds remain cautious about non-commercial deep tech'}]","[{'objective': 1, 'alignment': 0.72, 'why': 'Investment expertise and VC engagement experience directly relevant to bridge funding goal'}, {'objective': 2, 'alignment': 0.5, 'why': 'Business development skills applicable to pilot management, but no ag-specific distributor experience evident'}, {'objective': 3, 'alignment': 0.45, 'why': 'Strategic partnerships background may inform customer validation, but lacks farmer/distributor interview expertise'}]","['No evidence of agricultural sector experience', 'No mention of regulatory market navigation expertise', 'Unclear if mentor has experience with farmer/distributor relationship building', 'No specific examples of deep tech fundraising success']"
startup_013,MENTOR_004,0.48,0.65,"The mentor's financial services background and investment experience provide moderate relevance to Objective 1 (securing bridge funding), but there is insufficient evidence of expertise in agricultural markets, pilot execution, or farmer/distributor validation methodologies needed for Objectives 2 and 3. Climate tech experience offers general domain context but lacks specificity to ag-biotech commercialization challenges.","[{'from': 'mentor', 'quote': 'Financial services executive; venture capital, hedge funds, investment banking'}, {'from': 'startup', 'quote': 'investment is essential but difficult, as many funds remain cautious about non-commercial deep tech'}]","[{'objective': 1, 'alignment': 0.65, 'why': 'VC and investment banking experience directly relevant to fundraising'}, {'objective': 2, 'alignment': 0.35, 'why': 'No evidence of agricultural pilot management or distributor partnership expertise'}, {'objective': 3, 'alignment': 0.3, 'why': 'No demonstrated experience in product-market fit validation or farmer/distributor research'}]","['No specific ag-biotech or agricultural sector experience mentioned', 'No evidence of go-to-market strategy expertise for B2B agricultural products', 'Unclear if climate tech experience extends to agricultural applications', 'No information on regulatory navigation experience in agricultural markets']"
startup_013,MENTOR_005,0.42,0.55,"The mentor's expertise in investment, policy influence, and government advisory offers moderate relevance to M4Life's bridge funding objective and regulatory market challenges. However, the mentor's technical focus on quantum and systems design engineering shows weak alignment with ag-biotech microbial products, and there is no evidence of direct experience with farmer engagement, distributor partnerships, or agricultural pilot execution that would address objectives 2 and 3.","[{'from': 'mentor', 'quote': 'Investment; Policy Influence; Government Advisory'}, {'from': 'startup', 'quote': 'investment is essential but difficult, as many funds remain cautious about non-commercial deep tech'}]","[{'objective': 1, 'alignment': 0.65, 'why': 'Investment expertise relevant to bridge funding and VC engagement'}, {'objective': 2, 'alignment': 0.25, 'why': 'No evidence of agricultural pilot management or distributor partnership experience'}, {'objective': 3, 'alignment': 0.3, 'why': 'No demonstrated expertise in product-market fit validation or farmer/distributor interviews'}]","[""Mentor's specific investment network or track record in ag-biotech or climate tech funding"", ""Mentor's experience with agricultural market entry or regulatory navigation"", ""Mentor's familiarity with farmer engagement or agricultural distribution channels""]"
startup_013,MENTOR_006,0.42,0.7,"The mentor has strong ESG and sustainability strategy experience relevant to M4Life's ag-biotech mission, and cleantech commercial development expertise may help with market entry challenges. However, there is no direct evidence of fundraising expertise for deep tech, regulatory navigation in agriculture, or farmer/distributor engagement strategies that directly address the three stated objectives.","[{'from': 'mentor', 'quote': 'ESG strategy; worked with ENGIE, Michelin, Temasek'}, {'from': 'mentor', 'quote': 'Cleantech Commercial Development'}]","[{'objective': 1, 'alignment': 0.45, 'why': 'Corporate ESG experience may provide investor network access, but no explicit VC/angel/grant fundraising expertise shown'}, {'objective': 2, 'alignment': 0.35, 'why': 'Cleantech commercial development may inform pilot strategy, but no direct agricultural distribution or pilot management experience evident'}, {'objective': 3, 'alignment': 0.48, 'why': 'Sustainability strategy background could guide product-market fit validation framework, though no specific farmer/distributor interview expertise shown'}]","['No evidence of fundraising experience for deep tech or biotech startups', 'No demonstrated expertise in agricultural regulatory markets', 'No specific experience with farmer engagement or agricultural distribution channels']"
startup_013,MENTOR_007,0.68,0.75,"The mentor's expertise in climate tech investment and startup scaling directly addresses M4Life's most critical current need: securing bridge funding from VCs and investors. His experience as Managing Director at Breakthrough Energy Ventures Europe and track record with a $350M acquisition provides credible guidance for navigating cautious deep-tech investors. However, his domain expertise (nuclear waste, materials science, aerospace) does not directly align with ag-biotech or farmer/distributor engagement challenges.","[{'from': 'startup', 'quote': 'investment is essential but difficult, as many funds remain cautious about non-commercial deep tech'}, {'from': 'mentor', 'quote': 'Managing Director Breakthrough Energy Ventures Europe'}]","[{'objective': 1, 'alignment': 0.85, 'why': 'Direct climate-tech VC experience and deep-tech investment expertise'}, {'objective': 2, 'alignment': 0.35, 'why': 'No evident ag-biotech or pilot management experience'}, {'objective': 3, 'alignment': 0.45, 'why': 'Startup scaling experience may inform PMF validation approach'}]","['No evidence of agriculture, biotech, or farmer/distributor engagement experience', 'Unclear if climate tech investment focus includes ag-biotech sector']"
startup_013,MENTOR_008,0.68,0.75,"The mentor's 27 years as McKinsey Senior Partner with sustainability focus and experience advising European green tech investors directly addresses Objective 1 (securing bridge funding through VCs and angels). The climate tech and ESG expertise aligns with M4Life's ag-biotech mission, though the mentor's profile lacks specific evidence of agricultural market knowledge or farmer/distributor engagement experience needed for Objectives 2 and 3.","[{'from': 'mentor', 'quote': '27 years McKinsey Senior Partner; sustainability & industrial focus; advises European green tech investors'}, {'from': 'startup', 'quote': 'At this stage, investment is essential but difficult, as many funds remain cautious about non-commercial deep tech.'}]","[{'objective': 1, 'alignment': 0.85, 'why': 'Direct investor advisory experience with green tech funds addresses funding challenge'}, {'objective': 2, 'alignment': 0.45, 'why': 'No evidence of agricultural pilot management or distributor partnership expertise'}, {'objective': 3, 'alignment': 0.5, 'why': 'Consulting background may help structure interviews, but lacks ag-specific market validation experience'}]","['No evidence of agricultural sector experience or farmer engagement', 'No specific track record with ag-biotech or microbial product companies', 'Geographic focus unclear (European vs. NZ/Argentina markets)']"
startup_013,MENTOR_009,0.42,0.65,"The mentor's deep-tech startup program management experience offers moderate relevance to M4Life's fundraising and commercialization challenges. However, the mentor's technical expertise (semiconductors, silicon carbide) has no overlap with ag-biotech, and there is no evidence of specific experience in agricultural markets, regulatory navigation, or farmer trust-building that would directly address the startup's current pilot execution and product-market fit validation needs.","[{'from': 'mentor', 'quote': 'Manages deep-tech startup programs at CEA-Liten'}, {'from': 'startup', 'quote': 'investment is essential but difficult, as many funds remain cautious about non-commercial deep tech'}]","[{'objective': 1, 'alignment': 0.55, 'why': 'Deep-tech program management may help with fundraising strategy, but no VC/investor network evidence'}, {'objective': 2, 'alignment': 0.25, 'why': 'No agricultural, pilot management, or distributor partnership expertise evident'}, {'objective': 3, 'alignment': 0.3, 'why': 'Startup scaling operations experience may inform PMF validation, but lacks ag-sector specificity'}]","['No evidence of agricultural sector experience', 'No evidence of regulatory market navigation expertise', 'No evidence of farmer/distributor engagement experience', 'No evidence of specific investor network or fundraising track record']"
startup_013,MENTOR_010,0.42,0.65,"The mentor has direct investment experience through OMC Capital and startup scaling expertise, which aligns with Objective 1 (securing bridge funding). However, there is no evidence of agriculture, biotech, or regulatory market expertise needed for Objectives 2 and 3 (pilot execution and product-market fit validation). The mentor's tech focus (data centers, infrastructure, clean tech, applied AI) does not directly address ag-biotech challenges.","[{'from': 'mentor', 'quote': 'founded family office OMC Capital'}, {'from': 'mentor', 'quote': 'Startup Scaling; Investment'}]","[{'objective': 1, 'alignment': 0.7, 'why': 'Direct VC/investment experience through family office and scaling expertise'}, {'objective': 2, 'alignment': 0.25, 'why': 'No evidence of agriculture, distribution, or international pilot management expertise'}, {'objective': 3, 'alignment': 0.3, 'why': 'General startup scaling knowledge may help, but no specific product-market fit or farmer/distributor interview expertise shown'}]","['No evidence of agriculture or biotech domain expertise', 'No evidence of regulatory market navigation experience', 'No evidence of farmer/distributor relationship building or product-market fit validation in ag sector']"
startup_013,MENTOR_011,0.48,0.72,"The mentor has strong capital markets experience and climate finance expertise relevant to Objective 1 (securing bridge funding), particularly given M4Life's climate-resilience positioning. However, there is no evidence of expertise in agricultural pilots, farmer validation, or operational go-to-market challenges that dominate Objectives 2 and 3. The mentor's policy and ESG background offers limited direct help for the startup's immediate pilot execution and product-market fit validation needs.","[{'from': 'mentor', 'quote': '25+ years Canadian capital markets; climate finance advisor'}, {'from': 'startup', 'quote': 'investment is essential but difficult, as many funds remain cautious about non-commercial deep tech'}]","[{'objective': 1, 'alignment': 0.75, 'why': 'Capital markets and climate finance expertise directly relevant to VC/angel/grant fundraising'}, {'objective': 2, 'alignment': 0.25, 'why': 'No evidence of agricultural pilot management or distributor partnership experience'}, {'objective': 3, 'alignment': 0.2, 'why': 'No evidence of farmer interview methodology or product-market fit validation expertise'}]","[""Mentor's experience with agricultural sector investments or agri-biotech companies"", ""Mentor's operational expertise in pilot programs or field validation"", ""Mentor's network connections to agricultural distributors or farmers""]"
startup_013,MENTOR_012,0.68,0.75,"The mentor's 20+ years of public-private funding expertise and experience advising EU governments directly addresses the startup's critical need to secure bridge funding through VCs, angels, and grants. The mentor's B2B sales background may also help with distributor engagement and farmer trust-building, though the mentor's profile lacks explicit ag-biotech or regulatory market experience that would address the startup's challenges in strict regulatory markets and deep tech investment caution.","[{'from': 'startup', 'quote': 'Secure bridge funding through engagement with VCs, angel investors, and grant applications.'}, {'from': 'mentor', 'quote': '20+ years public-private funding expertise; advisor to EU governments and European Commission'}]","[{'objective': 1, 'alignment': 0.85, 'why': ""Mentor's deep funding expertise and angel investor role directly match bridge funding needs""}, {'objective': 2, 'alignment': 0.45, 'why': 'B2B sales experience may help with distributor engagement, but no ag-specific pilot management expertise evident'}, {'objective': 3, 'alignment': 0.5, 'why': 'B2B sales background suggests customer validation skills, though no explicit farmer/distributor interview expertise shown'}]","['No explicit ag-biotech or agricultural market experience mentioned', 'No evidence of regulatory market navigation expertise for strict markets', 'Unclear if mentor has deep tech investment network beyond EU context']"
startup_013,MENTOR_013,0.68,0.75,"The mentor's expertise in agri-tech, sustainable agriculture, and investment aligns well with M4Life's objectives around securing funding and validating product-market fit with farmers and distributors. However, the mentor's background in entomology and crop protection (insect ecology) is less directly applicable to microbial soil products, and there is limited evidence of specific experience in regulatory navigation or international market expansion that would address the startup's challenges in strict regulatory markets.","[{'from': 'mentor', 'quote': 'Agri Tech; Sustainable Agriculture'}, {'from': 'mentor', 'quote': 'Board Governance; Investment; Project Management'}]","[{'objective': 1, 'alignment': 0.72, 'why': 'Investment expertise directly supports bridge funding objective'}, {'objective': 2, 'alignment': 0.55, 'why': 'Project management skills relevant but no specific pilot execution evidence'}, {'objective': 3, 'alignment': 0.78, 'why': 'Agri-tech and sustainable agriculture background supports farmer/distributor validation interviews'}]","[""No evidence of mentor's experience with microbial products or soil health specifically"", 'Unclear if mentor has experience navigating agricultural regulatory frameworks', ""No information about mentor's network in New Zealand or Argentina markets""]"
startup_013,MENTOR_014,0.48,0.65,"The mentor has relevant agri-tech scaling experience and investment knowledge that could help with bridge funding (Objective 1) and general commercialization challenges. However, there is no evidence of specific expertise in field pilot management, farmer/distributor validation methodologies, or navigating regulatory markets for microbial products, which are central to Objectives 2 and 3 and the startup's current challenges.","[{'from': 'mentor', 'quote': 'Startup Scaling; Investment'}, {'from': 'startup', 'quote': 'investment is essential but difficult, as many funds remain cautious about non-commercial deep tech'}]","[{'objective': 1, 'alignment': 0.65, 'why': 'Investment operations tag suggests relevant fundraising experience for bridge funding'}, {'objective': 2, 'alignment': 0.35, 'why': 'No evidence of pilot management or distributor partnership execution expertise'}, {'objective': 3, 'alignment': 0.4, 'why': 'Scaling experience may inform validation approach, but no specific customer research methodology expertise shown'}]","[""No detail on mentor's specific fundraising track record or investor network access"", 'No evidence of experience with field pilot execution or agricultural distributor relationships', ""No information on mentor's familiarity with regulatory navigation in agricultural markets"", 'Unclear if mentor has experience with product-market fit validation methodologies']"
startup_013,MENTOR_015,0.42,0.7,"The mentor's IP and regulatory expertise offers moderate value for navigating strict regulatory markets (a stated challenge), but provides limited direct help with the primary objectives of securing funding, executing pilots, and conducting product-market fit interviews. The mentor lacks demonstrated experience in fundraising, agricultural distribution, or farmer engagement.","[{'from': 'startup', 'quote': 'transitioning from validation to sales is challenging, especially in strict regulatory markets'}, {'from': 'mentor', 'quote': 'Strategic IP Management; Law'}]","[{'objective': 1, 'alignment': 0.25, 'why': 'No demonstrated VC/fundraising expertise; IP strategy tangentially relevant'}, {'objective': 2, 'alignment': 0.35, 'why': 'No agricultural pilot or distributor management experience evident'}, {'objective': 3, 'alignment': 0.3, 'why': 'No customer development or product-market fit validation expertise shown'}]","[""Mentor's fundraising or investor relations experience"", ""Mentor's agricultural sector or pilot execution experience"", ""Mentor's customer development or market validation methodology""]"
startup_013,MENTOR_016,0.58,0.72,"The mentor has strong investment expertise (70+ climate tech investments) directly relevant to Objective 1 (securing bridge funding through VCs and angels). However, the mentor's tech focus (Platform Engineering, SaaS, Marketplace Tech) and operational background (Eventbrite CTO) show limited alignment with ag-biotech pilot execution (Objective 2) or farmer/distributor validation interviews (Objective 3). The climate tech investment experience provides credible help for fundraising but less for operational ag challenges.","[{'from': 'mentor', 'quote': '70+ climate tech investments'}, {'from': 'startup', 'quote': 'investment is essential but difficult, as many funds remain cautious about non-commercial deep tech'}]","[{'objective': 1, 'alignment': 0.85, 'why': 'Extensive VC/angel network and climate tech investment track record directly supports fundraising goal'}, {'objective': 2, 'alignment': 0.35, 'why': 'No evident ag-biotech or international pilot management expertise; tech background is software-focused'}, {'objective': 3, 'alignment': 0.42, 'why': 'Startup scaling experience may inform customer validation approach, but no specific farmer/distributor interview expertise shown'}]","[""Mentor's specific experience with ag-biotech or agricultural markets unclear"", ""No detail on mentor's involvement in product-market fit validation methodologies"", 'Unclear if mentor has experience with regulatory challenges in agriculture']"
startup_013,MENTOR_017,0.28,0.75,"The mentor's expertise in ESG, sustainability strategy, and corporate innovation provides only generic value for M4Life's immediate needs. While sustainability credentials may help frame investor narratives, the mentor lacks demonstrated experience in ag-biotech fundraising, farmer/distributor engagement, or navigating agricultural regulatory markets—the core challenges in the CEO update and objectives.","[{'from': 'startup', 'quote': 'investment is essential but difficult, as many funds remain cautious about non-commercial deep tech'}, {'from': 'mentor', 'quote': 'Global ESG leader; CSRD & ESRS expert; AI-driven sustainability transformation'}]","[{'objective': 1, 'alignment': 0.35, 'why': 'ESG framing may help investor pitch but no direct VC/grant fundraising expertise shown'}, {'objective': 2, 'alignment': 0.15, 'why': 'No evidence of agricultural pilot management or distributor/farmer engagement experience'}, {'objective': 3, 'alignment': 0.2, 'why': 'Corporate innovation background may inform interview design but lacks ag-specific product-market fit validation'}]","['No evidence of ag-biotech or agricultural sector experience', 'No demonstrated fundraising or investor engagement track record', 'No experience with regulatory navigation in agricultural markets', 'No farmer or distributor relationship-building expertise']"
startup_013,MENTOR_018,0.72,0.78,"The mentor's expertise in agritech scaling, GTM strategy, and operations directly addresses M4Life's current challenges of transitioning from validation to sales, building farmer trust, and securing investment for deep tech. The 35+ years of executive leadership in scaling deep tech startups aligns well with the bridge funding objective and navigating strict regulatory markets.","[{'from': 'startup', 'quote': 'transitioning from validation to sales is challenging, especially in strict regulatory markets'}, {'from': 'mentor', 'quote': '35+ years executive leadership; scaled fintech, agritech & deep tech startups'}]","[{'objective': 1, 'alignment': 0.75, 'why': 'Deep tech scaling experience relevant to securing bridge funding for non-commercial deep tech'}, {'objective': 2, 'alignment': 0.68, 'why': 'GTM strategy and operations expertise applicable to managing international pilots and distributor engagement'}, {'objective': 3, 'alignment': 0.65, 'why': 'Agritech background useful for structuring farmer/distributor interviews and validating product-market fit'}]","['Specific experience with regulatory navigation in agri-biotech markets', 'Track record with international market expansion in agriculture', 'Direct experience with farmer trust-building strategies']"
startup_013,MENTOR_019,0.68,0.72,"The mentor's expertise in fundraising, startup scaling, and data-driven sales directly addresses M4Life's three primary objectives: securing bridge funding, executing pilots, and validating product-market fit. The mentor's focus on investor readiness aligns well with the startup's challenge that 'investment is essential but difficult, as many funds remain cautious about non-commercial deep tech.'","[{'from': 'startup', 'quote': 'investment is essential but difficult, as many funds remain cautious about non-commercial deep tech'}, {'from': 'mentor', 'quote': 'Advises startups on sustainable growth, sales optimization, and investor readiness'}]","[{'objective': 1, 'alignment': 0.8, 'why': 'Fundraising and investor readiness expertise directly supports securing bridge funding from VCs, angels, and grants'}, {'objective': 2, 'alignment': 0.55, 'why': 'Startup scaling and sales optimization may help pilot execution, though no specific ag-biotech or pilot management expertise evident'}, {'objective': 3, 'alignment': 0.7, 'why': 'Data-driven sales and sustainable growth expertise can inform structured customer interviews and product-market fit validation'}]","['No specific experience with agricultural markets or regulatory environments mentioned', ""No detail on mentor's track record with deep tech or climate tech fundraising outcomes""]"
startup_013,MENTOR_020,0.68,0.72,"The mentor's deep-tech investment expertise and role as General Partner directly address the startup's most critical need: securing bridge funding from VCs and navigating investor caution about non-commercial deep tech. However, the mentor lacks demonstrated expertise in ag-biotech commercialization, farmer trust-building, or regulatory market navigation, which are central to objectives 2 and 3.","[{'from': 'startup', 'quote': 'investment is essential but difficult, as many funds remain cautious about non-commercial deep tech'}, {'from': 'mentor', 'quote': 'Deep-tech investor'}]","[{'objective': 1, 'alignment': 0.85, 'why': 'Deep-tech investor with GP role directly matches VC/angel funding needs'}, {'objective': 2, 'alignment': 0.45, 'why': 'No evident expertise in pilot management, distributor relations, or ag operations'}, {'objective': 3, 'alignment': 0.5, 'why': 'Investment background may inform market validation, but no ag-specific GTM expertise shown'}]","[""No information on mentor's ag-biotech or agricultural sector experience"", ""No details on mentor's experience with regulatory markets or farmer-facing commercialization"", 'Limited operational expertise details beyond investment and board governance']"
startup_013,MENTOR_021,0.42,0.65,"The mentor's climate tech and sustainability strategy expertise provides general domain alignment with M4Life's ag-biotech mission, but lacks direct evidence of fundraising networks, agricultural pilot management, or farmer/distributor validation methodologies. The corporate innovation background may offer some strategic guidance for market entry challenges, but specific actionable help for the three stated objectives is not clearly demonstrated.","[{'from': 'mentor', 'quote': 'Global Head Climate Tech'}, {'from': 'mentor', 'quote': 'Sustainability Strategy; Corporate Innovation'}]","[{'objective': 1, 'alignment': 0.35, 'why': 'No explicit VC/angel network or grant expertise shown'}, {'objective': 2, 'alignment': 0.4, 'why': 'Corporate innovation may help pilot strategy, but no ag-specific experience'}, {'objective': 3, 'alignment': 0.5, 'why': 'Consulting background suggests structured validation methods, though not farmer-specific'}]","['No evidence of fundraising or investor network connections', 'No agricultural sector or pilot management experience mentioned', 'No farmer/distributor engagement or market validation expertise shown']"
startup_013,MENTOR_022,0.42,0.65,"The mentor's expertise in entrepreneurship, innovation leadership, and policy influence provides moderate relevance to M4Life's funding and regulatory challenges. However, there is no direct evidence of experience in ag-biotech, agricultural markets, farmer engagement, or international pilot management that would directly address the startup's specific current objectives around New Zealand/Argentina pilots and farmer validation interviews.","[{'from': 'startup', 'quote': 'At this stage, investment is essential but difficult, as many funds remain cautious about non-commercial deep tech.'}, {'from': 'mentor', 'quote': 'Director of Entrepreneurship & Innovation at École Polytechnique; former SATT President; energy policy expert'}]","[{'objective': 1, 'alignment': 0.55, 'why': 'Entrepreneurship leadership and SATT experience may help with funding strategy, though no direct VC/investor network evidence'}, {'objective': 2, 'alignment': 0.25, 'why': 'No evidence of agricultural pilot management, distributor relationships, or international market operations'}, {'objective': 3, 'alignment': 0.3, 'why': 'General innovation expertise but no specific evidence of farmer engagement or product-market fit validation in agriculture'}]","['No evidence of ag-biotech or agricultural sector experience', 'No evidence of farmer or distributor engagement expertise', 'No evidence of international pilot program management', 'Limited detail on specific investor networks or fundraising track record']"
startup_013,MENTOR_023,0.42,0.75,"The mentor's 35 years of global finance leadership and investor role provide credible support for Objective 1 (securing bridge funding through VCs and angels). However, there is no evidence of expertise in agricultural markets, pilot execution, or product-market fit validation needed for Objectives 2 and 3. The mentor's institutional finance background may help navigate investor caution around non-commercial deep tech.","[{'from': 'mentor', 'quote': '35 years global finance leadership; former Amundi Global Head of Sales'}, {'from': 'startup', 'quote': 'investment is essential but difficult, as many funds remain cautious about non-commercial deep tech'}]","[{'objective': 1, 'alignment': 0.7, 'why': 'Investor role and finance leadership directly support fundraising efforts'}, {'objective': 2, 'alignment': 0.15, 'why': 'No evidence of agricultural operations or pilot management expertise'}, {'objective': 3, 'alignment': 0.2, 'why': 'No evidence of product-market fit validation or farmer/distributor engagement experience'}]","['No evidence of agricultural sector experience', 'No evidence of go-to-market or pilot execution expertise', 'No evidence of customer validation or market research experience']"
startup_013,MENTOR_024,0.12,0.85,"Insufficient info to assess fit. The mentor profile provides only academic affiliation (PhD Candidate at Carnegie Mellon) and CDL Fellow status, with no expertise details in fundraising, agricultural markets, regulatory navigation, or go-to-market strategy that would address M4Life's current objectives around bridge funding, pilot execution, and product-market validation.","[{'from': 'startup', 'quote': 'Secure bridge funding through engagement with VCs, angel investors, and grant applications.'}, {'from': 'mentor', 'quote': 'PhD Candidate'}]","[{'objective': 1, 'alignment': 0.1, 'why': 'No fundraising expertise evident in profile'}, {'objective': 2, 'alignment': 0.15, 'why': 'No agricultural pilot or distribution expertise shown'}, {'objective': 3, 'alignment': 0.1, 'why': 'No product-market fit validation experience indicated'}]","[""Mentor's domain expertise (tech/industry focus)"", ""Mentor's operational experience (fundraising, sales, market validation)"", ""Mentor's relevant network or sector knowledge"", ""Mentor's bio and detailed background""]"
startup_013,MENTOR_025,0.12,0.85,"The mentor's expertise is in automotive (SDV, EV, autonomous vehicles) and joint venture management, with no demonstrated experience in ag-biotech, agricultural distribution, farmer engagement, or agri-tech fundraising. There is no credible linkage between the mentor's automotive/consulting background and M4Life's current objectives of securing ag-biotech funding, executing agricultural pilots in NZ/Argentina, or validating product-market fit with farmers and distributors.","[{'from': 'mentor', 'quote': '30+ years automotive leadership; GM Canada & China; SDV transformation expert'}, {'from': 'mentor', 'quote': 'Software Defined Vehicles; EV; Autonomous Vehicles'}]","[{'objective': 1, 'alignment': 0.15, 'why': 'No ag-biotech VC/investor network evident; automotive fundraising differs fundamentally'}, {'objective': 2, 'alignment': 0.05, 'why': 'No agricultural pilot execution, distributor management, or farmer engagement experience shown'}, {'objective': 3, 'alignment': 0.08, 'why': 'No demonstrated experience with farmer/distributor interviews or ag product-market fit validation'}]",[]
startup_013,MENTOR_026,0.28,0.65,"The mentor's expertise in digital transformation, SaaS, and robotics shows minimal direct alignment with M4Life's immediate needs: securing ag-biotech funding, executing field pilots in New Zealand and Argentina, and conducting farmer/distributor interviews for product-market fit validation. Operations and investment tags provide generic relevance, but no evidence of agriculture, biotech, regulatory navigation, or farmer trust-building experience is present. Insufficient domain-specific expertise for current objectives.","[{'from': 'mentor', 'quote': 'Operations; Investment'}, {'from': 'startup', 'quote': 'investment is essential but difficult, as many funds remain cautious about non-commercial deep tech'}]","[{'objective': 1, 'alignment': 0.35, 'why': 'Investment tag suggests generic fundraising knowledge, but no ag-biotech or deep-tech VC expertise evident'}, {'objective': 2, 'alignment': 0.15, 'why': 'Operations tag is generic; no agriculture, field trial management, or distributor partnership experience shown'}, {'objective': 3, 'alignment': 0.2, 'why': 'No evidence of customer discovery, farmer engagement, or product-market fit validation in ag sector'}]","['No agriculture or biotech domain expertise mentioned', 'No evidence of experience with regulatory markets or farmer trust-building', 'No specific deep-tech or ag-biotech investment track record provided', 'Mentor bio is empty; profile interview is empty']"
startup_013,MENTOR_027,0.22,0.85,"The mentor's expertise in robotics, industrial automation, and M&A does not directly address M4Life's current objectives of securing ag-biotech funding, executing field pilots in New Zealand and Argentina, or validating product-market fit with farmers and distributors. While corporate strategy experience could offer generic business guidance, there is no demonstrated expertise in agriculture, biotech commercialization, or the specific regulatory and farmer trust challenges the startup faces.","[{'from': 'startup', 'quote': 'Secure bridge funding through engagement with VCs, angel investors, and grant applications.'}, {'from': 'mentor', 'quote': 'Robotics; Industrial Automation; Space Tech'}]","[{'objective': 1, 'alignment': 0.25, 'why': 'M&A experience may offer generic fundraising insights but lacks ag-biotech investor network'}, {'objective': 2, 'alignment': 0.15, 'why': 'No demonstrated expertise in agricultural pilot execution or distributor partnerships'}, {'objective': 3, 'alignment': 0.1, 'why': 'No evidence of experience with farmer interviews or ag product-market fit validation'}]","['Mentor bio is empty, limiting assessment of relevant experience', 'No evidence of agriculture, biotech, or life sciences expertise', 'No indication of experience with regulatory markets or farmer trust-building']"
startup_013,MENTOR_028,0.68,0.72,"The mentor's deep tech investment expertise and climate tech focus align well with M4Life's bridge funding objective and climate-resilient ag-biotech positioning. However, the profile lacks explicit evidence of agricultural sector experience, farmer engagement strategies, or go-to-market expertise for pilot validation, limiting alignment with objectives 2 and 3.","[{'from': 'startup', 'quote': 'Secure bridge funding through engagement with VCs, angel investors, and grant applications.'}, {'from': 'mentor', 'quote': 'DeepTech & climate venturing leader'}]","[{'objective': 1, 'alignment': 0.82, 'why': 'Investment expertise and deep tech venturing directly address bridge funding needs'}, {'objective': 2, 'alignment': 0.48, 'why': 'No explicit agricultural pilot management or distributor partnership experience evident'}, {'objective': 3, 'alignment': 0.52, 'why': 'Consulting background may help with structured validation, but no farmer/distributor engagement expertise shown'}]","['No evidence of agricultural sector experience or farmer engagement', 'No explicit go-to-market or pilot management expertise for ag-biotech', 'Unclear if investment focus includes ag-biotech or only other climate tech verticals']"
startup_013,MENTOR_029,0.12,0.85,"The mentor's expertise in autonomous systems, safety assurance, EV, and mobility has no credible linkage to M4Life's current objectives of securing ag-biotech funding, executing agricultural field pilots in New Zealand and Argentina, or validating product-market fit with farmers and distributors. The mentor's government advisory experience does not address the startup's regulatory market challenges or farmer trust-building needs in the agricultural biotechnology sector.","[{'from': 'mentor', 'quote': 'Autonomous Systems; Safety Assurance; EV; Mobility'}, {'from': 'startup', 'quote': 'Secure bridge funding through engagement with VCs, angel investors, and grant applications.'}]","[{'objective': 1, 'alignment': 0.15, 'why': 'No ag-biotech or deep-tech funding expertise evident'}, {'objective': 2, 'alignment': 0.05, 'why': 'No agricultural operations or pilot management experience'}, {'objective': 3, 'alignment': 0.08, 'why': 'No farmer/distributor engagement or ag market validation expertise'}]",[]
startup_013,MENTOR_030,0.42,0.65,"The mentor's investment banking and M&A background (Lazard, Goldman Sachs, Citadel) provides relevant expertise for Objective 1 (securing bridge funding through VCs and angels). However, the mentor's focus on fintech and data security shows weak alignment with ag-biotech domain challenges. No evidence of expertise in agricultural markets, pilot execution, or farmer/distributor engagement needed for Objectives 2 and 3.","[{'from': 'startup', 'quote': 'Secure bridge funding through engagement with VCs, angel investors, and grant applications.'}, {'from': 'mentor', 'quote': 'Former Lazard & Goldman Sachs banker; ex-Citadel; Natixis executive'}]","[{'objective': 1, 'alignment': 0.7, 'why': 'Investment banking experience directly relevant to VC/angel fundraising strategy'}, {'objective': 2, 'alignment': 0.25, 'why': 'No evidence of agricultural operations, pilot management, or distributor relationship expertise'}, {'objective': 3, 'alignment': 0.2, 'why': 'No demonstrated experience in product-market fit validation or agricultural customer development'}]","[""Mentor's specific experience with early-stage or deep-tech investments unclear"", ""No information on mentor's knowledge of agricultural or biotech sectors"", 'Unclear if mentor has experience with regulatory market challenges mentioned in CEO update']"
startup_013,MENTOR_031,0.38,0.65,"The mentor has 24+ years in digital marketing and investment operations experience, which offers generic value for market engagement and potentially fundraising outreach. However, there is no evidence of ag-biotech domain expertise, regulatory market navigation, farmer trust-building, or deep tech fundraising—all critical to M4Life's current objectives and challenges.","[{'from': 'mentor', 'quote': '24+ years digital marketing; connected medical solutions specialist'}, {'from': 'startup', 'quote': 'At this stage, investment is essential but difficult, as many funds remain cautious about non-commercial deep tech.'}]","[{'objective': 1, 'alignment': 0.45, 'why': 'Investment operations tag suggests some fundraising relevance, but no deep tech or ag-biotech VC experience shown'}, {'objective': 2, 'alignment': 0.25, 'why': 'No evidence of ag distribution, pilot management, or farmer engagement expertise'}, {'objective': 3, 'alignment': 0.4, 'why': 'Marketing and UX background may help structure customer interviews, but lacks ag-specific product-market fit validation experience'}]","['No ag-biotech or agricultural sector experience evident', 'No regulatory market navigation expertise shown', 'No farmer or distributor relationship-building experience', 'No deep tech or non-commercial fundraising track record']"
startup_013,MENTOR_032,0.68,0.72,"The mentor's expertise in raising £2bn+ and investment experience directly addresses the startup's primary objective of securing bridge funding and overcoming investor caution about non-commercial deep tech. Climate Tech expertise provides domain context for ag-biotech. However, limited evidence of specific agricultural market, regulatory navigation, or farmer trust-building experience reduces alignment with objectives 2 and 3.","[{'from': 'startup', 'quote': 'investment is essential but difficult, as many funds remain cautious about non-commercial deep tech'}, {'from': 'mentor', 'quote': 'Raised £2bn+; founder of Torvius; serial entrepreneur'}]","[{'objective': 1, 'alignment': 0.85, 'why': 'Extensive fundraising track record (£2bn+) and investment expertise directly match bridge funding needs'}, {'objective': 2, 'alignment': 0.45, 'why': 'Climate Tech background provides context but no specific evidence of pilot management or distributor relationship expertise'}, {'objective': 3, 'alignment': 0.5, 'why': 'Startup Scaling experience may inform product-market fit validation but no specific farmer/distributor interview expertise evident'}]","['No evidence of agricultural market experience or regulatory navigation expertise', 'No specific mention of farmer engagement or trust-building capabilities', 'Limited detail on Climate Tech experience depth in ag-biotech context']"
startup_013,MENTOR_033,0.58,0.72,"The mentor's investor/advisor role and deep-tech experience (BNEF, McKinsey) provide credible support for Objective 1 (securing bridge funding), especially given the startup's challenge that 'many funds remain cautious about non-commercial deep tech.' However, the mentor's domain expertise (space, telecom, materials, clean tech) does not directly address ag-biotech commercialization, pilot execution in NZ/Argentina (Objective 2), or farmer/distributor interviews (Objective 3). Limited evidence of hands-on go-to-market or agricultural sector experience reduces alignment with current operational needs.","[{'from': 'mentor', 'quote': 'Former Global Head of Analysis at BNEF; ex-McKinsey Partner'}, {'from': 'startup', 'quote': 'investment is essential but difficult, as many funds remain cautious about non-commercial deep tech'}]","[{'objective': 1, 'alignment': 0.75, 'why': 'Investor/advisor with deep-tech fund experience directly relevant to bridge funding challenge'}, {'objective': 2, 'alignment': 0.38, 'why': 'No evident ag-biotech or international pilot execution expertise for NZ/Argentina operations'}, {'objective': 3, 'alignment': 0.42, 'why': 'McKinsey background suggests structured approach, but no specific farmer/distributor interview or ag GTM experience shown'}]","[""Mentor's specific experience with ag-biotech or agricultural commercialization unclear"", 'No evidence of hands-on pilot management or farmer engagement expertise', 'Unclear if mentor has navigated regulatory markets for biological products']"
startup_013,MENTOR_034,0.28,0.65,"The mentor's VC experience at a CDR-focused fund provides some relevance to Objective 1 (securing bridge funding), but the focus on carbon removal and decarbonization is tangential to ag-biotech. The mentor lacks demonstrated expertise in agricultural markets, farmer trust-building, pilot execution, regulatory navigation for biologicals, or product-market fit validation in agriculture—all critical to Objectives 2 and 3 and the startup's current challenges.","[{'from': 'mentor', 'quote': 'Head of Science at CDR-focused VC'}, {'from': 'startup', 'quote': 'investment is essential but difficult, as many funds remain cautious about non-commercial deep tech'}]","[{'objective': 1, 'alignment': 0.45, 'why': 'VC experience relevant but CDR focus misaligned with ag-biotech'}, {'objective': 2, 'alignment': 0.15, 'why': 'No evident expertise in agricultural pilots or distributor management'}, {'objective': 3, 'alignment': 0.1, 'why': 'No demonstrated experience in farmer interviews or ag product-market fit'}]","[""Mentor's specific investment thesis or portfolio companies"", ""Mentor's experience with biological products or regulatory markets"", ""Mentor's network in agriculture or agri-input distribution""]"
startup_014,MENTOR_001,0.28,0.75,"The mentor's legal and transactional expertise in renewables offers limited direct help with CURA's immediate technical objectives (clinker production/validation) and hiring needs. Some generic value may exist for seed financing strategy given transaction experience, but the mentor's domain (solar/wind) and skill set (legal/policy) do not align closely with cement decarbonization hardware, clinker chemistry, or technical hiring.","[{'from': 'startup', 'quote': 'Produce and validate 50 kg of clinker samples with compositional analysis confirming target phases'}, {'from': 'mentor', 'quote': 'General Counsel for EMEA and Global Head of Transactions at Lightsource bp'}]","[{'objective': 1, 'alignment': 0.4, 'why': 'Transaction experience may inform investor targeting, but not climate-tech hardware fundraising specifics'}, {'objective': 2, 'alignment': 0.1, 'why': 'No evident expertise in cement chemistry, clinker production, or ASTM testing'}, {'objective': 3, 'alignment': 0.15, 'why': 'No clear background in technical or operations hiring for hardware startups'}]","[""Mentor's specific experience with hardware or capital-intensive climate tech fundraising"", ""Mentor's network or advisory role in cement/industrial decarbonization sector""]"
startup_014,MENTOR_002,0.78,0.85,"Mentor's former role as Chief Sustainability & Innovation Officer at Holcim (a cement major) provides exceptional relevance to CURA's seed financing roadmap and industry engagement objectives. Board experience at Anglo American and Capitals Coalition strengthens credibility for investor targeting. However, direct expertise in early-stage hiring and technical clinker validation is less evident.","[{'from': 'mentor', 'quote': 'former Chief Sustainability & Innovation Officer at Holcim'}, {'from': 'startup', 'quote': 'excellent engagement with cement majors and project developers, with MOUs drafted with Heidelberg'}]","[{'objective': 1, 'alignment': 0.85, 'why': 'Board-level networks and cement industry knowledge directly support investor targeting for seed round'}, {'objective': 2, 'alignment': 0.55, 'why': 'Sustainability innovation background may inform clinker validation strategy, but technical production expertise unclear'}, {'objective': 3, 'alignment': 0.7, 'why': 'Executive experience at Holcim and Schlumberger relevant for hiring operations and business development roles'}]","[""Mentor's specific experience with early-stage fundraising or venture capital"", 'Direct technical expertise in cement chemistry or clinker production processes']"
startup_014,MENTOR_003,0.58,0.65,"The mentor has strong credentials in sustainability, clean technology, and business development with 20+ years of experience and a successful exit, which aligns well with CURA's seed financing and business development hiring needs (objectives 1 and 3). However, there is no evidence of specific expertise in fundraising strategy, cement/industrial chemistry, or technical hiring that would directly address the clinker production validation challenge (objective 2) or the nuanced capital-intensive hardware fundraising environment CURA faces.","[{'from': 'mentor', 'quote': '20+ years developing sustainable innovation; sold 100+ employee startup to Screen Japan'}, {'from': 'startup', 'quote': ""Raising an $8M seed in today's climate tech landscape is challenging, especially for capital-intensive hardware ventures""}]","[{'objective': 1, 'alignment': 0.65, 'why': 'Business development and investment experience relevant to seed financing roadmap, though no explicit fundraising strategy expertise shown'}, {'objective': 2, 'alignment': 0.35, 'why': 'Industrial technology tag provides context, but no evidence of cement chemistry, clinker production, or ASTM testing expertise'}, {'objective': 3, 'alignment': 0.75, 'why': 'Scaled a 100+ employee startup and has business development expertise directly relevant to hiring operations and BD roles'}]","['No specific fundraising or investor network details for capital-intensive hardware', 'No technical expertise in cement/lime production or materials validation', 'Mentor bio and profile interview fields are empty, limiting assessment depth']"
startup_014,MENTOR_004,0.58,0.65,"The mentor has relevant climate tech and investment experience that could support the seed financing roadmap (objective 1), but the profile lacks specific evidence of deep expertise in capital-intensive hardware fundraising or cement/industrial decarbonization. There is no clear technical background to help with clinker production validation (objective 2) or operational hiring (objective 3). The generic nature of the mentor profile limits confidence in addressing the startup's most pressing technical and operational challenges.","[{'from': 'mentor', 'quote': 'venture capital, hedge funds, investment banking; Partnerships Development Director at BRITE Energy Innovators'}, {'from': 'startup', 'quote': ""Raising an $8M seed in today's climate tech landscape is challenging, especially for capital-intensive hardware ventures""}]","[{'objective': 1, 'alignment': 0.72, 'why': 'Investment banking and VC experience relevant to seed financing roadmap'}, {'objective': 2, 'alignment': 0.25, 'why': 'No evidence of technical expertise in clinker production or materials validation'}, {'objective': 3, 'alignment': 0.4, 'why': 'Startup scaling experience may help with hiring strategy but lacks operational specificity'}]","[""Mentor's specific track record in climate tech hardware fundraising"", ""Mentor's experience with capital-intensive industrial ventures"", ""Mentor's network depth in cement/industrial decarbonization sector"", ""Mentor's operational hiring expertise for technical roles""]"
startup_014,MENTOR_005,0.42,0.55,"The mentor has relevant experience in climate tech and investment operations, which could support CURA's seed financing roadmap (objective 1). However, the profile lacks specific evidence of fundraising expertise for hardware/capital-intensive ventures, technical knowledge in cement/materials science for clinker validation (objective 2), or operational hiring experience (objective 3). The generic tags provide only weak linkage to current needs.","[{'from': 'mentor', 'quote': 'Climate Tech'}, {'from': 'mentor', 'quote': 'Investment'}]","[{'objective': 1, 'alignment': 0.5, 'why': 'Investment tag suggests possible fundraising insight, but no specific investor network or seed-stage expertise mentioned'}, {'objective': 2, 'alignment': 0.25, 'why': 'Systems Design Engineering background is distant from cement chemistry and clinker production validation'}, {'objective': 3, 'alignment': 0.35, 'why': 'Founder experience implies team-building knowledge, but no explicit hiring or operations scaling expertise provided'}]","['No evidence of specific investor network or seed fundraising track record for hardware ventures', 'No materials science, cement, or industrial process expertise for clinker validation', 'No explicit operational hiring or team scaling experience mentioned', 'Mentor profile is very brief with limited actionable detail']"
startup_014,MENTOR_006,0.48,0.65,"The mentor has relevant cleantech commercial development and sustainability strategy experience that could help with seed financing strategy and industry engagement (objectives 1 and 3). However, there is no evidence of expertise in electrochemistry, cement/lime production, or materials science needed for objective 2 (clinker validation and ASTM testing). The mentor's ESG and commercial experience provides moderate value for fundraising and business development challenges.","[{'from': 'mentor', 'quote': 'Cleantech Commercial Development'}, {'from': 'startup', 'quote': ""Raising an $8M seed in today's climate tech landscape is challenging, especially for capital-intensive hardware ventures""}]","[{'objective': 1, 'alignment': 0.65, 'why': 'ESG strategy and cleantech commercial experience relevant to seed financing roadmap'}, {'objective': 2, 'alignment': 0.15, 'why': 'No evidence of cement, materials science, or ASTM testing expertise'}, {'objective': 3, 'alignment': 0.55, 'why': 'Commercial development experience could help with business development hiring and strategy'}]","['No specific investor network or fundraising track record mentioned', 'No technical expertise in cement/lime production or materials validation', ""Limited detail on mentor's specific cleantech commercial development achievements""]"
startup_014,MENTOR_007,0.73,0.82,"The mentor's climate tech investment expertise and experience scaling capital-intensive hardware companies directly addresses CURA's seed financing challenge (Objective 1). Materials science background provides credible technical insight for clinker validation (Objective 2), though not cement-specific. Limited evidence for hiring/onboarding support (Objective 3).","[{'from': 'startup', 'quote': ""Raising an $8M seed in today's climate tech landscape is challenging, especially for capital-intensive hardware ventures""}, {'from': 'mentor', 'quote': 'Managing Director Breakthrough Energy Ventures Europe; Startup Scaling; Investment; acquired by Veolia for $350M'}]","[{'objective': 1, 'alignment': 0.85, 'why': 'Climate tech investor with hardware scaling experience; directly relevant to seed financing roadmap'}, {'objective': 2, 'alignment': 0.65, 'why': 'Materials science PhD provides technical credibility for clinker validation, though not cement-specific'}, {'objective': 3, 'alignment': 0.55, 'why': 'Scaling experience implies team-building knowledge, but no explicit hiring/onboarding expertise stated'}]","['No explicit cement or lime industry experience mentioned', ""Limited detail on mentor's specific role in fundraising vs. investment decision-making"", 'No evidence of talent acquisition or HR expertise']"
startup_014,MENTOR_008,0.68,0.75,"The mentor's 27 years as McKinsey Senior Partner with sustainability and industrial focus provides strong strategic value for seed financing roadmap development and investor targeting. However, the profile lacks specific evidence of climate tech fundraising networks, cement/industrial decarbonization expertise, or technical validation capabilities needed for clinker production and ASTM testing objectives.","[{'from': 'mentor', 'quote': '27 years McKinsey Senior Partner; sustainability & industrial focus; advises European green tech investors'}, {'from': 'startup', 'quote': ""Raising an $8M seed in today's climate tech landscape is challenging, especially for capital-intensive hardware ventures""}]","[{'objective': 1, 'alignment': 0.75, 'why': 'Senior partner experience and green tech investor advisory directly supports financing roadmap and investor targeting'}, {'objective': 2, 'alignment': 0.35, 'why': 'No evidence of technical expertise in cement production, clinker validation, or ASTM testing processes'}, {'objective': 3, 'alignment': 0.65, 'why': 'Consulting and M&A operations experience relevant for hiring strategy, though not specialized in technical recruitment'}]","['Specific climate tech fundraising track record or investor network details', 'Technical knowledge of cement/lime decarbonization or materials science', 'Evidence of hands-on support for hardware startups or capital-intensive ventures', 'Geographic focus clarity (European vs North American investors)']"
startup_014,MENTOR_009,0.42,0.7,"The mentor has relevant experience managing deep-tech startup programs and strategic IP management, which could help with seed financing strategy (Objective 1) and scaling operations (Objective 3). However, there is no evidence of expertise in climate tech fundraising, cement/materials science for clinker validation (Objective 2), or specific experience with capital-intensive hardware ventures in the current challenging funding environment.","[{'from': 'mentor', 'quote': 'Manages deep-tech startup programs at CEA-Liten'}, {'from': 'startup', 'quote': ""Raising an $8M seed in today's climate tech landscape is challenging, especially for capital-intensive hardware ventures""}]","[{'objective': 1, 'alignment': 0.55, 'why': 'Deep-tech program experience may inform seed roadmap, but no climate tech fundraising expertise shown'}, {'objective': 2, 'alignment': 0.15, 'why': 'No materials science, cement, or clinker production expertise evident'}, {'objective': 3, 'alignment': 0.5, 'why': 'Startup scaling experience relevant to hiring and team building, though not sector-specific'}]","['No evidence of climate tech or cement industry experience', 'No demonstrated expertise in capital-intensive hardware fundraising', 'No materials science or electrochemistry background for clinker validation support']"
startup_014,MENTOR_010,0.48,0.65,"The mentor has investment experience through OMC Capital and startup scaling expertise, which could help with the seed financing roadmap (objective 1) and potentially hiring strategy (objective 3). However, there is no evidence of specific climate tech fundraising expertise, cement/industrial decarbonization domain knowledge, or technical validation experience needed for clinker production (objective 2). The 'Clean Technology' tag provides weak domain alignment but lacks specificity for CURA's capital-intensive hardware challenges.","[{'from': 'mentor', 'quote': 'founded family office OMC Capital'}, {'from': 'mentor', 'quote': 'Startup Scaling; Investment'}]","[{'objective': 1, 'alignment': 0.55, 'why': 'Investment background relevant to financing roadmap, but no evidence of climate tech or hardware-specific investor networks'}, {'objective': 2, 'alignment': 0.25, 'why': 'No evidence of technical validation, materials science, or cement industry expertise for clinker production'}, {'objective': 3, 'alignment': 0.5, 'why': 'Startup scaling experience could inform hiring strategy, but lacks specificity for technical/operations roles in industrial hardware'}]","['No evidence of climate tech or capital-intensive hardware fundraising experience', 'No cement/lime industry or industrial decarbonization domain expertise', 'No technical validation or materials science background for clinker production', 'Insufficient detail on investment thesis or portfolio companies to assess relevance']"
startup_014,MENTOR_011,0.73,0.82,"The mentor's 25+ years in Canadian capital markets and climate finance advisory directly address CURA's primary challenge of raising an $8M seed round for capital-intensive climate tech hardware. Their B20 taskforce membership and COP28 speaking experience provide relevant networks for decarbonization ventures, though specific expertise in technical validation or operational hiring is not evident.","[{'from': 'startup', 'quote': ""Raising an $8M seed in today's climate tech landscape is challenging, especially for capital-intensive hardware ventures""}, {'from': 'mentor', 'quote': '25+ years Canadian capital markets; B20 taskforce member; speaker at COP28; climate finance advisor'}]","[{'objective': 1, 'alignment': 0.85, 'why': 'Capital markets expertise and climate finance advisory directly support seed financing roadmap development'}, {'objective': 2, 'alignment': 0.15, 'why': 'No evident technical expertise in clinker production or materials validation'}, {'objective': 3, 'alignment': 0.35, 'why': 'General operational experience implied but no specific hiring or talent acquisition expertise mentioned'}]","['Specific investor network details or track record in climate tech hardware fundraising', 'Experience with technical team building or operations hiring', 'Direct involvement with cement/industrial decarbonization investments']"
startup_014,MENTOR_012,0.68,0.75,"The mentor's 20+ years of public-private funding expertise directly addresses CURA's most urgent challenge: raising an $8M seed round in a difficult climate tech landscape. Their experience with EU-funded projects and policy influence may provide alternative or complementary funding pathways. However, the mentor's profile lacks explicit hardware/deep-tech fundraising experience or cement/industrial decarbonization domain knowledge, which limits confidence in addressing the technical validation and hiring objectives.","[{'from': 'startup', 'quote': ""Raising an $8M seed in today's climate tech landscape is challenging, especially for capital-intensive hardware ventures""}, {'from': 'mentor', 'quote': '20+ years public-private funding expertise; advisor to EU governments and European Commission'}]","[{'objective': 1, 'alignment': 0.82, 'why': 'Deep funding expertise directly supports seed financing roadmap and investor targeting'}, {'objective': 2, 'alignment': 0.35, 'why': 'No evident technical expertise in materials science or cement production validation'}, {'objective': 3, 'alignment': 0.48, 'why': 'B2B sales experience may help with business development hiring but limited operational hiring guidance'}]","['No evidence of hardware/capital-intensive startup fundraising experience', 'No cement/industrial decarbonization domain expertise mentioned', 'Unclear if funding expertise extends to North American climate tech investors']"
startup_014,MENTOR_013,0.12,0.85,"The mentor's expertise in entomology, sustainable agriculture, and crop protection shows no credible linkage to CURA's industrial decarbonization objectives: seed financing for climate tech hardware, clinker production/ASTM testing, or hiring technical/operations staff for cement carbon capture. Insufficient info on mentor's climate tech investment or industrial hardware experience.","[{'from': 'startup', 'quote': 'Deliver a seed financing roadmap that outlines 10 target investors, milestone-linked capital requirements'}, {'from': 'mentor', 'quote': 'Entomologist; Programme Leader at NIAB; PhD Imperial College; crop protection & insect ecology expert'}]","[{'objective': 1, 'alignment': 0.15, 'why': 'Investment tag present but no climate tech or hardware capital expertise shown'}, {'objective': 2, 'alignment': 0.05, 'why': 'No cement, materials science, or industrial chemistry background evident'}, {'objective': 3, 'alignment': 0.1, 'why': 'Project management tag but no industrial operations or technical hiring expertise shown'}]","['No evidence of climate tech or industrial decarbonization experience', 'No cement/materials science or electrochemistry expertise', 'No hardware venture capital or capital-intensive fundraising background', 'Mentor profile lacks detail on investment focus areas or industrial project experience']"
startup_014,MENTOR_014,0.28,0.75,"The mentor has experience in startup scaling and investment from co-founding Infarm, which provides generic relevance to fundraising and team-building objectives. However, their domain expertise (vertical farming, agri-tech) and background (brand, communications, film, journalism) show minimal direct alignment with CURA's technical needs (clinker production, ASTM testing, electrochemistry) or the specialized challenge of raising capital for industrial decarbonization hardware. Insufficient evidence of cement/materials science, climate tech fundraising, or technical operations expertise.","[{'from': 'mentor', 'quote': 'Co-founder of Infarm; leads brand and communications; background in film and journalism'}, {'from': 'startup', 'quote': ""Raising an $8M seed in today's climate tech landscape is challenging, especially for capital-intensive hardware ventures""}]","[{'objective': 1, 'alignment': 0.35, 'why': 'Startup scaling and investment experience may offer generic fundraising insights, but no evidence of climate tech or hardware-specific investor networks'}, {'objective': 2, 'alignment': 0.1, 'why': 'No technical expertise in materials science, cement production, or electrochemistry relevant to clinker validation and ASTM testing'}, {'objective': 3, 'alignment': 0.4, 'why': 'Startup scaling experience suggests general hiring knowledge, but no evidence of technical or operations recruitment in hardware/industrial sectors'}]","['No evidence of climate tech or industrial decarbonization domain knowledge', 'No technical expertise relevant to cement/materials production', 'Unclear if investment experience extends to capital-intensive hardware or climate tech fundraising', ""No information on mentor's network in cement industry or relevant investor connections""]"
startup_014,MENTOR_015,0.28,0.72,"The mentor's expertise in strategic IP management and patent law offers generic value for a patent-pending technology company, but there is no evidence of direct capability to help with seed financing roadmaps, clinker production/ASTM testing, or hiring technical/operations staff. The climate tech tag provides weak domain context but insufficient linkage to the startup's immediate execution needs.","[{'from': 'startup', 'quote': 'patent-pending pre-calcination carbon capture system'}, {'from': 'mentor', 'quote': 'Strategic IP Management; Law'}]","[{'objective': 1, 'alignment': 0.15, 'why': 'No evidence of investor network or fundraising expertise'}, {'objective': 2, 'alignment': 0.05, 'why': 'No technical expertise in materials science or cement production'}, {'objective': 3, 'alignment': 0.1, 'why': 'No evidence of talent acquisition or operations hiring experience'}]","['No fundraising or investor network experience mentioned', 'No technical expertise in cement/materials/chemical engineering', 'No operations or talent acquisition background', 'Climate tech tag too generic to assess actionable help']"
startup_014,MENTOR_016,0.68,0.75,"The mentor has strong expertise in seed financing and climate tech investment (70+ climate tech investments) that directly addresses CURA's primary challenge of raising an $8M seed round. However, the mentor's background is primarily in software/SaaS rather than capital-intensive hardware, which may limit depth of guidance on hardware-specific fundraising and technical hiring.","[{'from': 'mentor', 'quote': '70+ climate tech investments'}, {'from': 'startup', 'quote': ""Raising an $8M seed in today's climate tech landscape is challenging, especially for capital-intensive hardware ventures""}]","[{'objective': 1, 'alignment': 0.85, 'why': 'Extensive climate tech investment experience and venture partner role directly support seed financing roadmap development'}, {'objective': 2, 'alignment': 0.25, 'why': 'No evident technical expertise in materials science, electrochemistry, or cement production processes'}, {'objective': 3, 'alignment': 0.55, 'why': 'Startup scaling and CTO experience provide general hiring guidance, though not hardware-specific operations roles'}]","[""No detail on mentor's experience with capital-intensive hardware fundraising"", ""No information on mentor's network connections to cement/industrial investors"", 'Unclear if mentor has experience with technical hiring in materials/chemical engineering']"
startup_014,MENTOR_017,0.42,0.65,"The mentor brings ESG and sustainability strategy expertise relevant to CURA's climate tech positioning, but lacks direct experience in seed fundraising for hardware ventures, clinker production validation, or technical hiring in industrial decarbonization. The mentor may help frame ESG value propositions for cement majors but cannot directly address the capital-intensive fundraising challenge, ASTM testing requirements, or technical team building.","[{'from': 'startup', 'quote': ""Raising an $8M seed in today's climate tech landscape is challenging, especially for capital-intensive hardware ventures""}, {'from': 'mentor', 'quote': 'Global ESG leader; CSRD & ESRS expert; AI-driven sustainability transformation'}]","[{'objective': 1, 'alignment': 0.25, 'why': 'No fundraising or investor targeting expertise evident'}, {'objective': 2, 'alignment': 0.35, 'why': 'No materials science or ASTM testing background shown'}, {'objective': 3, 'alignment': 0.3, 'why': 'Corporate innovation experience but no technical hiring specialization'}]","[""Mentor's specific experience with hardware/industrial startups unclear"", 'No evidence of fundraising advisory or investor network', 'Technical domain expertise in cement/materials not demonstrated']"
startup_014,MENTOR_018,0.48,0.7,"The mentor has strong operational and scaling expertise relevant to objective 3 (hiring and onboarding staff) and general startup scaling challenges. However, there is no evidence of specific expertise in seed financing roadmaps for capital-intensive hardware ventures (objective 1) or technical validation of industrial materials like clinker (objective 2). The mentor's climate tech tag provides domain context but lacks depth for CURA's specialized carbon capture and cement chemistry needs.","[{'from': 'mentor', 'quote': '35+ years executive leadership; scaled fintech, agritech & deep tech startups'}, {'from': 'mentor', 'quote': 'Startup Scaling; Operations; GTM Strategy'}]","[{'objective': 1, 'alignment': 0.35, 'why': 'General startup experience but no specific hardware/climate fundraising expertise shown'}, {'objective': 2, 'alignment': 0.25, 'why': 'No evidence of technical validation or materials science expertise for clinker production'}, {'objective': 3, 'alignment': 0.75, 'why': 'Strong operations and scaling experience directly applicable to hiring and team building'}]","['No evidence of capital-intensive hardware fundraising experience', 'No technical expertise in cement/materials production or ASTM testing', 'Unclear if climate tech experience extends to industrial decarbonization or carbon capture']"
startup_014,MENTOR_019,0.58,0.72,"The mentor has relevant expertise in fundraising and startup scaling that aligns with CURA's seed financing roadmap (Objective 1) and hiring needs (Objective 3). However, there is no evidence of technical expertise in industrial processes, materials science, or cement/clinker production needed for Objective 2. The mentor's climate tech background provides general domain context but lacks specificity for CURA's hardware-intensive, process-engineering challenges.","[{'from': 'mentor', 'quote': 'Advises startups on sustainable growth, sales optimization, and investor readiness'}, {'from': 'startup', 'quote': ""Raising an $8M seed in today's climate tech landscape is challenging, especially for capital-intensive hardware ventures""}]","[{'objective': 1, 'alignment': 0.75, 'why': 'Fundraising and investor readiness expertise directly supports seed financing roadmap development'}, {'objective': 2, 'alignment': 0.25, 'why': 'No evidence of technical expertise in clinker production, materials validation, or ASTM testing'}, {'objective': 3, 'alignment': 0.65, 'why': 'Startup scaling experience relevant to hiring and team building, though not role-specific technical guidance'}]","[""No evidence of mentor's experience with hardware/capital-intensive ventures"", 'No technical background in cement, materials science, or industrial process engineering', 'Unclear if mentor has specific experience with climate tech hardware fundraising challenges']"
startup_014,MENTOR_020,0.68,0.72,"The mentor's expertise as a deep-tech investor with climate tech focus directly addresses CURA's most critical current need: delivering a seed financing roadmap and navigating the challenging $8M raise for capital-intensive hardware. The investment and board governance operational tags align well with objectives 1 and 3 (financing strategy and team building), though there is no evidence of specific technical expertise in cement/lime chemistry or materials validation for objective 2.","[{'from': 'startup', 'quote': ""Raising an $8M seed in today's climate tech landscape is challenging, especially for capital-intensive hardware ventures""}, {'from': 'mentor', 'quote': 'Deep-tech investor; Climate Tech; Investment; Board Governance'}]","[{'objective': 1, 'alignment': 0.85, 'why': 'Deep-tech investor with climate tech focus can directly guide seed financing roadmap and investor targeting'}, {'objective': 2, 'alignment': 0.25, 'why': 'No evidence of materials science, cement chemistry, or ASTM testing expertise for clinker validation'}, {'objective': 3, 'alignment': 0.7, 'why': 'Board governance and investment experience relevant for hiring strategy and organizational scaling in deep-tech context'}]","['No specific track record with cement/industrial decarbonization companies', 'No evidence of technical expertise in electrochemistry or materials science for objective 2', 'Unclear if mentor has experience with MOU negotiations or customer engagement in industrial sectors']"
startup_014,MENTOR_021,0.28,0.65,"The mentor's climate tech and sustainability strategy expertise provides general domain alignment, but there is no evidence of specific capabilities in seed fundraising for hardware ventures, cement/materials science technical validation, or early-stage hiring for industrial startups. The current objectives require specialized knowledge in capital-intensive cleantech financing, cement chemistry/ASTM testing, and technical team building that are not demonstrated in the mentor profile.","[{'from': 'mentor', 'quote': 'Global Head Climate Tech; ESG; Climate Tech; Data & Analytics; AI for Sustainability'}, {'from': 'startup', 'quote': ""Raising an $8M seed in today's climate tech landscape is challenging, especially for capital-intensive hardware ventures""}]","[{'objective': 1, 'alignment': 0.25, 'why': 'No demonstrated seed fundraising or investor network expertise for hardware ventures'}, {'objective': 2, 'alignment': 0.15, 'why': 'No evidence of cement chemistry, clinker production, or ASTM testing knowledge'}, {'objective': 3, 'alignment': 0.35, 'why': 'Corporate innovation background may offer generic hiring insights but lacks startup-specific technical recruiting expertise'}]","[""No information on mentor's fundraising experience or investor networks"", 'No evidence of materials science, cement industry, or technical validation expertise', ""No details on mentor's experience with early-stage hiring or team building"", ""Insufficient detail on mentor's specific climate tech accomplishments or portfolio companies""]"
startup_014,MENTOR_022,0.28,0.65,"The mentor has energy sector experience and entrepreneurship/innovation leadership, which provides general context for climate tech ventures. However, there is no evidence of expertise in seed fundraising strategy, cement/industrial decarbonization technology validation, or technical hiring for hardware startups—the three specific objectives CURA needs help with now.","[{'from': 'mentor', 'quote': 'Director of Entrepreneurship & Innovation at École Polytechnique'}, {'from': 'mentor', 'quote': 'energy policy expert'}]","[{'objective': 1, 'alignment': 0.25, 'why': 'No evidence of investor network or seed fundraising expertise for hardware ventures'}, {'objective': 2, 'alignment': 0.15, 'why': 'No evidence of cement chemistry, clinker production, or ASTM testing knowledge'}, {'objective': 3, 'alignment': 0.45, 'why': 'Entrepreneurship leadership suggests some hiring insight, but no specific technical/ops recruiting track record'}]","[""No information on mentor's fundraising track record or investor connections"", ""No information on mentor's technical expertise in cement/materials science"", ""No information on mentor's experience with hardware startup scaling or technical team building""]"
startup_014,MENTOR_023,0.28,0.75,"The mentor has deep finance and institutional client experience that could provide generic fundraising guidance, but lacks demonstrated expertise in climate tech hardware, industrial decarbonization, seed-stage deep tech investing, or technical validation processes. The startup's immediate needs—seed financing roadmap for climate tech hardware, clinker sample production/ASTM testing, and hiring technical/operations staff—require domain-specific knowledge that is not evident in the mentor's profile.","[{'from': 'mentor', 'quote': '35 years global finance leadership; former Amundi Global Head of Sales'}, {'from': 'startup', 'quote': ""Raising an $8M seed in today's climate tech landscape is challenging, especially for capital-intensive hardware ventures""}]","[{'objective': 1, 'alignment': 0.35, 'why': 'Finance background may help with general fundraising structure, but no climate tech or hardware investor network evident'}, {'objective': 2, 'alignment': 0.1, 'why': 'No technical expertise in materials science, electrochemistry, or industrial process validation'}, {'objective': 3, 'alignment': 0.15, 'why': 'Executive experience exists but no evidence of hiring technical/operations talent for hardware startups'}]","['No evidence of climate tech or deep tech investment experience', 'No demonstrated expertise in capital-intensive hardware ventures', 'No technical background relevant to cement/materials production', 'No indication of network in industrial decarbonization or cleantech seed investors']"
startup_014,MENTOR_024,0.12,0.85,"Insufficient info to assess fit. The mentor profile provides only academic affiliation (PhD Candidate at Carnegie Mellon) with no expertise details, industry experience, or relevant skills. Cannot determine ability to help with seed financing roadmap, clinker validation, or hiring/onboarding needs.","[{'from': 'startup', 'quote': 'Deliver a seed financing roadmap that outlines 10 target investors, milestone-linked capital requirements, and timing by January 31, 2026.'}, {'from': 'mentor', 'quote': 'PhD Candidate'}]","[{'objective': 1, 'alignment': 0.1, 'why': 'No evidence of fundraising or investor network expertise'}, {'objective': 2, 'alignment': 0.15, 'why': 'Academic role suggests possible technical knowledge, but no specifics provided'}, {'objective': 3, 'alignment': 0.1, 'why': 'No evidence of hiring, operations, or business development experience'}]","[""Mentor's research focus or technical expertise area"", ""Mentor's industry experience or connections"", ""Mentor's fundraising or investor network experience"", ""Mentor's operational or hiring experience"", 'Any relevant skills in materials science, electrochemistry, cement/industrial processes, or climate tech']"
startup_014,MENTOR_025,0.12,0.85,"The mentor's expertise in automotive, software-defined vehicles, and EV/autonomous vehicles has no credible linkage to CURA's immediate needs: seed financing for industrial decarbonization hardware, clinker production/ASTM testing, or hiring technical/operations staff for cement carbon capture. The mentor's consulting and joint venture management experience is too generic to address capital-intensive climate tech fundraising or cement industry technical validation.","[{'from': 'mentor', 'quote': '30+ years automotive leadership; GM Canada & China; SDV transformation expert'}, {'from': 'startup', 'quote': ""Raising an $8M seed in today's climate tech landscape is challenging, especially for capital-intensive hardware ventures""}]","[{'objective': 1, 'alignment': 0.15, 'why': 'No climate tech or hardware fundraising expertise evident'}, {'objective': 2, 'alignment': 0.05, 'why': 'Automotive/SDV expertise irrelevant to clinker production and ASTM testing'}, {'objective': 3, 'alignment': 0.1, 'why': 'Generic consulting experience; no cement/industrial operations hiring expertise'}]",[]
startup_014,MENTOR_026,0.28,0.75,"The mentor's expertise in SaaS, robotics, and digital transformation shows minimal direct alignment with CURA's immediate needs: seed financing for climate-tech hardware, clinker production/ASTM testing, and hiring technical/operations staff for industrial decarbonization. While 'Investment' operations experience offers generic relevance to fundraising, there is no evidence of climate tech, materials science, cement industry, or hardware venture capital expertise needed for the current objectives.","[{'from': 'mentor', 'quote': 'Operations; Investment'}, {'from': 'startup', 'quote': ""Raising an $8M seed in today's climate tech landscape is challenging, especially for capital-intensive hardware ventures""}]","[{'objective': 1, 'alignment': 0.35, 'why': 'Investment operations tag provides generic fundraising relevance but lacks climate-tech hardware VC specificity'}, {'objective': 2, 'alignment': 0.15, 'why': 'No evidence of materials science, cement chemistry, or industrial process expertise for clinker validation'}, {'objective': 3, 'alignment': 0.25, 'why': 'Operations experience may offer general hiring guidance but lacks industrial/technical domain context'}]","['No climate tech or industrial decarbonization experience evident', 'No cement/materials industry background', 'No hardware venture capital or capital-intensive startup fundraising expertise detailed', 'Insufficient detail on investment operations scope and stage focus']"
startup_014,MENTOR_027,0.28,0.75,"The mentor's M&A and industrial automation expertise offers limited direct help with CURA's immediate needs: seed fundraising strategy, clinker sample validation, and technical hiring. While industrial experience at Siemens may provide general strategic context for hardware ventures, the mentor lacks demonstrated climate tech fundraising, electrochemistry/materials science, or cleantech talent acquisition expertise that would directly address the stated objectives and challenges.","[{'from': 'mentor', 'quote': 'Former Siemens Executive Committee; ex-McKinsey Global Director'}, {'from': 'startup', 'quote': ""Raising an $8M seed in today's climate tech landscape is challenging, especially for capital-intensive hardware ventures""}]","[{'objective': 1, 'alignment': 0.35, 'why': 'McKinsey background may help with investor strategy, but no climate tech fundraising expertise shown'}, {'objective': 2, 'alignment': 0.15, 'why': 'No materials science, electrochemistry, or cement/clinker production expertise evident'}, {'objective': 3, 'alignment': 0.3, 'why': 'Executive experience may inform hiring strategy, but no cleantech talent acquisition specialization'}]","['No evidence of climate tech or cleantech investment experience', 'No materials science or cement industry expertise', 'No demonstrated experience with hardware startup fundraising in current market']"
startup_014,MENTOR_028,0.68,0.72,"The mentor's expertise in climate tech investment and deep tech venturing directly addresses CURA's most pressing challenge: raising an $8M seed round in a difficult climate tech funding environment. Their background as a former bp executive and current Managing Partner provides credible networks and strategic guidance for capital-intensive hardware ventures. However, limited detail on cement/industrial decarbonization specifics and hiring/technical operations expertise reduces the score.","[{'from': 'startup', 'quote': ""Raising an $8M seed in today's climate tech landscape is challenging, especially for capital-intensive hardware ventures""}, {'from': 'mentor', 'quote': 'DeepTech & climate venturing leader'}]","[{'objective': 1, 'alignment': 0.82, 'why': 'Investment expertise and climate tech networks directly support seed financing roadmap development'}, {'objective': 2, 'alignment': 0.35, 'why': 'No evident technical expertise in cement production or materials validation'}, {'objective': 3, 'alignment': 0.48, 'why': 'General venture scaling experience may help with hiring strategy but lacks specific operational depth'}]","['No specific investor network details or track record in climate hardware', 'No evidence of cement/industrial decarbonization domain knowledge', 'Limited detail on operational scaling or technical team building experience']"
startup_014,MENTOR_029,0.08,0.92,"The mentor's expertise in autonomous systems, safety assurance, EV, mobility, and government policy shows no credible linkage to CURA's immediate needs: seed financing for industrial decarbonization hardware, clinker sample production/ASTM testing, or hiring technical staff for cement carbon capture. The domains are fundamentally misaligned with current objectives.","[{'from': 'startup', 'quote': 'Deliver a seed financing roadmap that outlines 10 target investors, milestone-linked capital requirements, and timing by January 31, 2026.'}, {'from': 'mentor', 'quote': 'Autonomous Systems; Safety Assurance; EV; Mobility'}]","[{'objective': 1, 'alignment': 0.05, 'why': 'No expertise in climate tech fundraising or industrial hardware financing'}, {'objective': 2, 'alignment': 0.02, 'why': 'No background in materials science, cement chemistry, or clinker production'}, {'objective': 3, 'alignment': 0.1, 'why': 'Generic hiring advice possible but no domain-specific technical/operations recruiting expertise'}]",[]
startup_014,MENTOR_030,0.28,0.75,"The mentor's M&A and investment banking background provides generic financial structuring knowledge that could marginally inform seed financing strategy (Objective 1), but lacks direct climate tech, hardware, or industrial decarbonization fundraising expertise. The mentor has no evident technical or operational experience relevant to clinker production validation (Objective 2) or hiring technical/operations staff in industrial settings (Objective 3). Fintech and data security expertise are orthogonal to CURA's cement decarbonization challenges.","[{'from': 'mentor', 'quote': 'Former Lazard & Goldman Sachs banker'}, {'from': 'startup', 'quote': ""Raising an $8M seed in today's climate tech landscape is challenging, especially for capital-intensive hardware ventures""}]","[{'objective': 1, 'alignment': 0.4, 'why': 'Investment banking experience may inform financing roadmap structure, but lacks climate tech/hardware investor network specificity'}, {'objective': 2, 'alignment': 0.05, 'why': 'No technical expertise in materials science, electrochemistry, or cement production processes'}, {'objective': 3, 'alignment': 0.1, 'why': 'No demonstrated experience hiring or managing technical/operations teams in industrial or climate tech contexts'}]","[""Mentor's specific experience with climate tech or hardware fundraising"", ""Mentor's network connections to climate-focused or industrial tech investors"", 'Any operational or technical advisory experience beyond financial services']"
startup_014,MENTOR_031,0.12,0.85,"The mentor's expertise in digital marketing, data-driven marketing, and UX does not align with CURA's current critical needs: seed financing strategy for climate tech hardware, clinker production and ASTM testing validation, or hiring technical/operations staff for industrial decarbonization. While the mentor has investment operations experience, there is no evidence of climate tech, hardware, or industrial sector expertise needed to address the startup's specific challenges in raising capital for capital-intensive cement decarbonization technology.","[{'from': 'startup', 'quote': ""Raising an $8M seed in today's climate tech landscape is challenging, especially for capital-intensive hardware ventures""}, {'from': 'mentor', 'quote': '24+ years digital marketing; connected medical solutions specialist'}]","[{'objective': 1, 'alignment': 0.15, 'why': 'Investment operations tag present but no climate tech or hardware fundraising expertise evident'}, {'objective': 2, 'alignment': 0.05, 'why': 'No technical expertise in materials science, cement production, or industrial chemistry'}, {'objective': 3, 'alignment': 0.08, 'why': 'No evidence of hiring experience for technical or operations roles in industrial sectors'}]",[]
startup_014,MENTOR_032,0.68,0.72,"The mentor has strong fundraising expertise (raised £2bn+) and startup scaling experience directly relevant to CURA's seed financing roadmap objective and hiring/scaling challenges. However, there is no evidence of domain-specific expertise in industrial decarbonization, cement/lime chemistry, or hardware/capital-intensive climate tech that would help with clinker production validation or navigating cement industry partnerships.","[{'from': 'mentor', 'quote': 'Raised £2bn+; founder of Torvius; serial entrepreneur'}, {'from': 'startup', 'quote': ""Raising an $8M seed in today's climate tech landscape is challenging, especially for capital-intensive hardware ventures""}]","[{'objective': 1, 'alignment': 0.85, 'why': 'Extensive fundraising track record (£2bn+) and investment operations expertise directly address seed financing roadmap needs'}, {'objective': 2, 'alignment': 0.25, 'why': 'No evidence of technical expertise in cement chemistry, clinker production, or materials validation'}, {'objective': 3, 'alignment': 0.75, 'why': 'Startup scaling and serial entrepreneur experience relevant to hiring and team building, though not industry-specific'}]","['No evidence of cement/lime industry experience or technical knowledge for clinker validation', 'Climate tech tag present but no specific industrial decarbonization or hard-tech hardware experience detailed', 'Unclear if fundraising experience includes capital-intensive hardware or climate tech specifically']"
startup_014,MENTOR_033,0.68,0.72,"The mentor's background as Former Global Head of Analysis at BNEF and ex-McKinsey Partner provides strong credibility for advising on seed financing strategy (Objective 1) and navigating capital-intensive climate tech fundraising challenges. The Clean Tech tech tag and policy experience offer relevant domain context for industrial decarbonization, though there is no direct evidence of cement/materials manufacturing expertise to support clinker validation (Objective 2) or technical hiring (Objective 3).","[{'from': 'startup', 'quote': ""Raising an $8M seed in today's climate tech landscape is challenging, especially for capital-intensive hardware ventures""}, {'from': 'mentor', 'quote': 'Former Global Head of Analysis at BNEF; ex-McKinsey Partner'}]","[{'objective': 1, 'alignment': 0.82, 'why': 'BNEF and McKinsey experience directly relevant to investor targeting and financing roadmaps'}, {'objective': 2, 'alignment': 0.38, 'why': 'Materials tech tag provides weak context; no evidence of cement/clinker technical expertise'}, {'objective': 3, 'alignment': 0.55, 'why': 'McKinsey background suggests organizational scaling knowledge but no specific hiring/ops expertise shown'}]","['No evidence of cement industry or clinker production expertise for Objective 2', 'No specific track record in technical hiring or operations scaling for Objective 3', 'Mentor bio and profile interview are empty, limiting assessment depth']"
startup_014,MENTOR_034,0.72,0.78,"The mentor's expertise in decarbonization, materials science, and carbon removal VC directly addresses CURA's seed financing challenge (Objective 1) and can provide technical guidance on clinker validation (Objective 2). Their background as a DAC chemist and current role at a CDR-focused VC firm positions them well to help navigate climate tech fundraising and technical validation, though direct cement/lime industry experience is not evident.","[{'from': 'startup', 'quote': ""Raising an $8M seed in today's climate tech landscape is challenging, especially for capital-intensive hardware ventures""}, {'from': 'mentor', 'quote': 'Head of Science at CDR-focused VC; former Climeworks DAC chemist; PhD EPFL'}]","[{'objective': 1, 'alignment': 0.85, 'why': 'VC head of science can provide investor targeting and climate tech fundraising strategy'}, {'objective': 2, 'alignment': 0.65, 'why': 'Materials science and chemistry background relevant to clinker validation, though not cement-specific'}, {'objective': 3, 'alignment': 0.6, 'why': 'VC network may help identify technical and business development talent in climate tech'}]","['No specific cement or lime industry experience mentioned', 'Unclear if mentor has direct hardware/capital-intensive venture experience', ""No information on mentor's network in cement production or ASTM testing domains""]"
startup_015,MENTOR_001,0.22,0.85,"The mentor's expertise in renewables law, transactions, and fundraising offers generic value for investor-ready documents (objective 3), but provides no credible help for technical validation of conductivity/shock absorption (objective 1) or securing a strategic partner for product development to TRL 6 (objective 2). The startup's current challenges—material density reduction, batch variability, and access to specialized equipment—require materials science and manufacturing expertise, not legal or transactional counsel.","[{'from': 'startup', 'quote': 'Conduct a preliminary technical validation report from laboratory tests on foam samples to verify conductivity'}, {'from': 'mentor', 'quote': 'General Counsel for EMEA and Global Head of Transactions at Lightsource bp'}]","[{'objective': 1, 'alignment': 0.05, 'why': 'No technical validation or materials testing expertise'}, {'objective': 2, 'alignment': 0.15, 'why': 'Transaction experience may help structure agreements, but no product development expertise'}, {'objective': 3, 'alignment': 0.45, 'why': 'Fundraising and transaction experience relevant to investor documents'}]",[]
startup_015,MENTOR_002,0.42,0.7,"Mentor has strong sustainability and industrial operations expertise relevant to sustainable materials, but lacks direct technical expertise in materials science, laboratory validation, or semiconductor packaging. Can provide strategic guidance on sustainability positioning and potentially facilitate corporate partnerships, but cannot directly address technical challenges around density reduction, batch variability, or specialized equipment access.","[{'from': 'mentor', 'quote': 'former Chief Sustainability & Innovation Officer at Holcim'}, {'from': 'startup', 'quote': 'Access to specialized equipment and process expertise remains a bottleneck'}]","[{'objective': 1, 'alignment': 0.25, 'why': 'No materials testing or technical validation expertise evident'}, {'objective': 2, 'alignment': 0.65, 'why': 'Strong corporate network and partnership experience from board roles'}, {'objective': 3, 'alignment': 0.5, 'why': 'Sustainability narrative expertise but no specific fundraising track record mentioned'}]","['No evidence of materials science or technical R&D expertise', 'No specific experience with fundraising or investor relations', 'Unclear if network includes semiconductor or electronics packaging industry contacts']"
startup_015,MENTOR_003,0.68,0.72,"Mentor has strong alignment with objectives 2 and 3 through business development, strategic partnerships, and investment expertise, plus relevant semiconductor technology background. However, lacks direct technical validation expertise for objective 1 (lab testing, conductivity verification, cleanroom compatibility). The mentor's experience selling a 100+ employee startup and leading investment activities directly supports fundraising preparation and partner engagement.","[{'from': 'mentor', 'quote': 'Business Development; Investment; Strategic Partnerships'}, {'from': 'mentor', 'quote': 'Semiconductor Technology'}]","[{'objective': 1, 'alignment': 0.35, 'why': 'Semiconductor tech tag provides domain context but no lab testing or technical validation expertise evident'}, {'objective': 2, 'alignment': 0.85, 'why': 'Strong match: business development and strategic partnerships expertise directly supports securing engagement agreements'}, {'objective': 3, 'alignment': 0.8, 'why': 'Strong match: investment expertise and startup exit experience support investor-ready document preparation'}]","['No evidence of technical validation or laboratory testing expertise for objective 1', 'Unclear if mentor has specific experience with materials science or process optimization challenges mentioned in CEO update']"
startup_015,MENTOR_004,0.42,0.65,"The mentor has strong credentials in fundraising preparation (objective 3) through investment banking and venture capital experience, and some relevance to strategic partnerships (objective 2) via partnerships development role. However, there is no evidence of technical validation expertise for materials science or cleanroom/ESD testing (objective 1), which is a critical current need.","[{'from': 'mentor', 'quote': 'venture capital, hedge funds, investment banking'}, {'from': 'mentor', 'quote': 'Partnerships Development Director at BRITE Energy Innovators'}]","[{'objective': 1, 'alignment': 0.1, 'why': 'No materials science or technical validation expertise evident'}, {'objective': 2, 'alignment': 0.55, 'why': 'Partnerships development experience relevant to securing strategic partner engagement'}, {'objective': 3, 'alignment': 0.75, 'why': 'Strong investment banking and VC background directly applicable to investor-ready documents'}]","[""No detail on mentor's specific experience with materials/manufacturing startups"", 'No evidence of technical due diligence or product development expertise', ""Limited information on mentor's hands-on involvement vs advisory role""]"
startup_015,MENTOR_005,0.28,0.65,"The mentor's expertise in policy influence and government advisory offers limited direct help with Intace's immediate technical validation, strategic partnership, and fundraising objectives. While climate tech alignment provides general domain context, the mentor's quantum and systems design engineering background does not clearly address material science challenges (density reduction, batch variability, specialized equipment access) or investor document preparation.","[{'from': 'mentor', 'quote': 'Founder of How to Change the World; former Head of UCL STEaPP; adjunct professor'}, {'from': 'startup', 'quote': 'Access to specialized equipment and process expertise remains a bottleneck.'}]","[{'objective': 1, 'alignment': 0.2, 'why': 'No clear materials science or ESD testing expertise evident'}, {'objective': 2, 'alignment': 0.35, 'why': 'Policy and advisory background may help identify strategic partners indirectly'}, {'objective': 3, 'alignment': 0.3, 'why': 'Investment operations tag suggests some fundraising familiarity but not investor document preparation'}]","[""Mentor's specific experience with materials science or manufacturing scale-up unclear"", 'No evidence of direct fundraising support or investor relations expertise', 'Unclear how quantum/systems engineering relates to biofoam development challenges']"
startup_015,MENTOR_006,0.42,0.65,"The mentor has strong ESG and cleantech commercial development expertise relevant to Intace's sustainability positioning and fundraising narrative. However, there is no evidence of technical materials science, semiconductor packaging, or laboratory validation expertise needed for Objective 1 (technical validation report) or addressing batch variability challenges. The mentor could provide moderate help with investor readiness (Objective 3) and strategic partner engagement framing (Objective 2), but lacks direct technical or manufacturing scale-up experience critical to current bottlenecks.","[{'from': 'mentor', 'quote': 'Sustainability Strategy; Cleantech Commercial Development; Responsible Innovation'}, {'from': 'startup', 'quote': 'Access to specialized equipment and process expertise remains a bottleneck.'}]","[{'objective': 1, 'alignment': 0.15, 'why': 'No materials science or lab validation expertise evident'}, {'objective': 2, 'alignment': 0.55, 'why': 'Cleantech commercial development experience could help structure partnership strategy'}, {'objective': 3, 'alignment': 0.65, 'why': 'ESG strategy and work with major corporates relevant to investor positioning'}]","['No evidence of materials science or semiconductor packaging expertise', 'No evidence of manufacturing scale-up or process engineering experience', 'Unclear if mentor has direct fundraising experience or investor network in deep tech']"
startup_015,MENTOR_007,0.68,0.75,"The mentor has strong materials science expertise (PhD) and startup scaling experience (Kurion CTO, $350M exit), directly relevant to objectives 2 and 3. However, the mentor's background in nuclear waste management and aerospace applications does not directly address the specific technical challenges in conductive biofoam development, batch variability, or ESD packaging standards (objective 1).","[{'from': 'mentor', 'quote': 'Co-founder & CTO of Kurion; Fukushima deployment; acquired by Veolia for $350M; PhD Materials Science'}, {'from': 'startup', 'quote': 'Current variability across batches in density, elasticity, and resistivity affects reproducibility and scalability.'}]","[{'objective': 1, 'alignment': 0.55, 'why': 'Materials science PhD relevant but no specific ESD/electronics packaging expertise evident'}, {'objective': 2, 'alignment': 0.75, 'why': 'Strong CTO experience scaling materials tech and securing strategic partnerships at Kurion'}, {'objective': 3, 'alignment': 0.75, 'why': 'Managing Director at BEV Europe with investment expertise and successful exit experience'}]","['No evidence of specific expertise in ESD packaging, electronics materials, or cleanroom standards', 'Unclear if mentor has experience with biopolymers or sustainable materials specifically']"
startup_015,MENTOR_008,0.48,0.7,"Mentor has strong investor advisory experience and sustainability focus relevant to objective 3 (fundraise preparation) and general strategic guidance. However, lacks direct technical expertise for objective 1 (technical validation of conductivity, shock absorption, cleanroom compatibility) and limited evidence of partnership development experience for objective 2. No specific materials science, semiconductor packaging, or manufacturing scale-up expertise evident.","[{'from': 'mentor', 'quote': 'advises European green tech investors'}, {'from': 'startup', 'quote': 'Prepare all investor-ready documents (deck, model, data room) for the £1-£2M GBP fundraise.'}]","[{'objective': 1, 'alignment': 0.15, 'why': 'No technical validation or materials testing expertise evident'}, {'objective': 2, 'alignment': 0.45, 'why': 'Consulting background may help partnership strategy, but no direct evidence'}, {'objective': 3, 'alignment': 0.85, 'why': 'Strong investor advisory experience directly applicable to fundraise preparation'}]","['No evidence of technical expertise in materials science, conductivity testing, or semiconductor packaging', ""Limited detail on mentor's specific experience with partnership development or strategic alliances"", ""No information on mentor's familiarity with manufacturing scale-up or process optimization challenges""]"
startup_015,MENTOR_009,0.42,0.65,"The mentor has relevant deep-tech startup program management experience and strategic IP management expertise that could help with investor readiness (objective 3) and potentially navigating partnership discussions (objective 2). However, there is no evidence of materials science, biofoam formulation, process engineering, or specialized equipment access expertise needed for the critical technical validation and batch reproducibility challenges (objective 1 and CEO updates on density reduction and variability).","[{'from': 'mentor', 'quote': 'Manages deep-tech startup programs at CEA-Liten'}, {'from': 'mentor', 'quote': 'Strategic IP Management'}]","[{'objective': 1, 'alignment': 0.15, 'why': 'No materials science or lab testing expertise evident'}, {'objective': 2, 'alignment': 0.55, 'why': 'Startup program experience may help structure partnership agreements'}, {'objective': 3, 'alignment': 0.7, 'why': 'Deep-tech startup program management directly relevant to investor readiness'}]","['No evidence of materials science or biofoam expertise', 'No evidence of process engineering or equipment access networks', 'No evidence of fundraising or investor relations experience', 'Mentor bio is empty, limiting assessment']"
startup_015,MENTOR_010,0.42,0.65,"The mentor has investment expertise and startup scaling experience relevant to Objective 3 (fundraise preparation) and potentially Objective 2 (strategic partnerships). However, there is no evidence of technical expertise in materials science, cleanroom standards, or ESD packaging that would help with Objective 1 (technical validation) or address the critical technical challenges around batch variability and density reduction.","[{'from': 'mentor', 'quote': 'Serial entrepreneur; sold ROOT in 2019; founded family office OMC Capital'}, {'from': 'mentor', 'quote': 'Startup Scaling; Investment'}]","[{'objective': 1, 'alignment': 0.15, 'why': 'No materials science or technical validation expertise evident'}, {'objective': 2, 'alignment': 0.55, 'why': 'Startup scaling experience may help structure partnership agreements'}, {'objective': 3, 'alignment': 0.75, 'why': 'Investment background and family office experience directly relevant to fundraise preparation'}]","[""No detail on mentor's technical domain expertise in materials or manufacturing"", ""No information on mentor's network in semiconductor/electronics packaging industry"", 'Unclear if mentor has experience with deep-tech or hardware startups specifically']"
startup_015,MENTOR_011,0.42,0.7,"The mentor has strong expertise in climate finance and investment, which is directly relevant to Objective 3 (preparing investor-ready documents for £1-£2M fundraise). However, the mentor lacks technical expertise in materials science, laboratory validation, or manufacturing process optimization needed for Objectives 1 and 2. The mentor's 25+ years in capital markets and ESG focus provide credible support for fundraising preparation, but limited help with technical validation or strategic partner engagement for product development.","[{'from': 'mentor', 'quote': '25+ years Canadian capital markets; B20 taskforce member; speaker at COP28; climate finance advisor'}, {'from': 'startup', 'quote': 'Prepare all investor-ready documents (deck, model, data room) for the £1-£2M GBP fundraise.'}]","[{'objective': 1, 'alignment': 0.1, 'why': 'No technical materials science or laboratory validation expertise evident'}, {'objective': 2, 'alignment': 0.25, 'why': 'ESG/decarbonization knowledge may help identify partners, but lacks product development expertise'}, {'objective': 3, 'alignment': 0.75, 'why': 'Strong capital markets experience and climate finance advisory directly support fundraising preparation'}]","[""Mentor's specific experience with early-stage deep tech or materials companies unclear"", ""No evidence of mentor's network in semiconductor/electronics packaging industry""]"
startup_015,MENTOR_012,0.42,0.7,"The mentor's 20+ years of public-private funding expertise and EU-funded project coordination experience can help with Objective 3 (investor-ready documents for £1-£2M fundraise). However, there is no evidence of technical validation expertise (Objective 1) or strategic partnership development in materials/electronics (Objective 2). The mentor's domain tags (Water Treatment, Climate Tech, SaaS) do not align with sustainable materials or semiconductor packaging.","[{'from': 'mentor', 'quote': '20+ years public-private funding expertise; advisor to EU governments and European Commission'}, {'from': 'startup', 'quote': 'Prepare all investor-ready documents (deck, model, data room) for the £1-£2M GBP fundraise.'}]","[{'objective': 1, 'alignment': 0.05, 'why': 'No technical validation or materials testing expertise evident'}, {'objective': 2, 'alignment': 0.25, 'why': 'EU project coordination may help structure partnerships, but no electronics/materials industry connections shown'}, {'objective': 3, 'alignment': 0.75, 'why': 'Strong fundraising expertise directly applicable to investor document preparation'}]","['No evidence of technical expertise in materials science or electronics packaging', 'No specific track record in deep tech hardware or materials startups', 'Unclear if fundraising experience extends to early-stage hardware/materials companies']"
startup_015,MENTOR_013,0.28,0.75,"The mentor's expertise in agri-tech, sustainable agriculture, and entomology does not directly address Intace's current technical objectives (conductivity validation, cleanroom compatibility, batch variability in biofoam production) or their need for semiconductor packaging partnerships. While the mentor has project management and investment experience that could provide generic support for objective 3 (fundraise preparation), there is no evidence of materials science, electronics packaging, or polymer engineering expertise needed for objectives 1 and 2.","[{'from': 'mentor', 'quote': 'Agri Tech; Sustainable Agriculture'}, {'from': 'startup', 'quote': 'Access to specialized equipment and process expertise remains a bottleneck.'}]","[{'objective': 1, 'alignment': 0.15, 'why': 'No materials science or ESD testing expertise evident'}, {'objective': 2, 'alignment': 0.25, 'why': 'Project management skills may help structure partnerships, but lacks semiconductor/packaging domain knowledge'}, {'objective': 3, 'alignment': 0.45, 'why': 'Investment and board governance experience could assist with fundraise preparation'}]","['No evidence of materials science, polymer engineering, or electronics packaging expertise', 'No indication of experience with technical validation, TRL advancement, or manufacturing scale-up', ""Mentor's sustainability focus is in agriculture, not industrial materials or electronics""]"
startup_015,MENTOR_014,0.22,0.75,"The mentor has startup scaling and investment experience, which provides generic relevance to objective 3 (fundraising preparation). However, there is no evidence of expertise in materials science, technical validation, semiconductor packaging, or manufacturing process optimization needed for objectives 1 and 2. The mentor's background in vertical farming, brand, and communications does not address the startup's critical technical bottlenecks (batch variability, density reduction, specialized equipment access).","[{'from': 'mentor', 'quote': 'Startup Scaling; Investment'}, {'from': 'startup', 'quote': 'Access to specialized equipment and process expertise remains a bottleneck.'}]","[{'objective': 1, 'alignment': 0.05, 'why': 'No technical validation or materials testing expertise evident'}, {'objective': 2, 'alignment': 0.15, 'why': 'General scaling experience but no semiconductor/manufacturing partnership expertise'}, {'objective': 3, 'alignment': 0.45, 'why': 'Investment experience relevant to fundraising preparation'}]","['No evidence of materials science or technical validation expertise', 'No evidence of semiconductor/electronics industry knowledge', 'No evidence of manufacturing process optimization or equipment expertise']"
startup_015,MENTOR_015,0.42,0.7,"The mentor's expertise in strategic IP management and patent law provides moderate value for Objective 3 (investor-ready documents) and supports the recent patent filing. However, the mentor lacks direct technical expertise in materials science, process engineering, or semiconductor packaging needed for Objectives 1 and 2 (technical validation, strategic partnerships, and resolving material performance bottlenecks).","[{'from': 'startup', 'quote': 'A patent was filed covering the conductive biofoam formulation and process.'}, {'from': 'mentor', 'quote': 'Strategic IP Management; Law'}]","[{'objective': 1, 'alignment': 0.15, 'why': 'No technical validation or materials testing expertise evident'}, {'objective': 2, 'alignment': 0.35, 'why': 'Limited relevance; strategic partnerships require technical/industry expertise not IP law'}, {'objective': 3, 'alignment': 0.75, 'why': 'IP strategy strengthens investor materials and data room preparation'}]","[""Mentor's experience with materials science or semiconductor industry partnerships"", ""Mentor's track record helping startups with technical validation or process optimization"", ""Mentor's involvement in fundraising beyond IP positioning""]"
startup_015,MENTOR_016,0.42,0.75,"The mentor has strong fundraising and investor-readiness expertise (70+ climate tech investments, venture partner experience) that directly supports objective 3 (preparing investor documents for £1-£2M raise). However, the mentor's technical background is in platform engineering and SaaS, not materials science, manufacturing scale-up, or semiconductor packaging, limiting ability to help with objectives 1-2 (technical validation, strategic partnerships, process optimization). The climate tech investment focus provides some domain context but insufficient technical depth for current material development challenges.","[{'from': 'mentor', 'quote': '70+ climate tech investments; venture partner at Point Nine'}, {'from': 'startup', 'quote': 'Access to specialized equipment and process expertise remains a bottleneck.'}]","[{'objective': 1, 'alignment': 0.15, 'why': 'No materials science or lab testing expertise evident'}, {'objective': 2, 'alignment': 0.45, 'why': 'Investment network may facilitate partner introductions but lacks technical domain depth'}, {'objective': 3, 'alignment': 0.85, 'why': 'Strong fundraising expertise with climate tech investment experience directly applicable'}]","[""Mentor's specific experience with materials/hardware startups unclear"", 'No evidence of manufacturing scale-up or process engineering expertise', 'Unclear if mentor has semiconductor/electronics industry connections']"
startup_015,MENTOR_017,0.28,0.75,"The mentor's expertise in ESG, sustainability strategy, and corporate innovation provides only generic value to Intace's current technical and fundraising objectives. While sustainability positioning could support investor conversations (objective 3), the mentor lacks direct expertise in materials science, technical validation, semiconductor packaging partnerships, or early-stage deep-tech fundraising that would address the startup's immediate needs around conductivity testing, TRL advancement, and securing strategic partners.","[{'from': 'startup', 'quote': 'Conduct a preliminary technical validation report from laboratory tests on foam samples to verify conductivity'}, {'from': 'mentor', 'quote': 'Vice President Global Sustainability'}]","[{'objective': 1, 'alignment': 0.05, 'why': 'No technical validation or materials testing expertise evident'}, {'objective': 2, 'alignment': 0.25, 'why': 'Corporate innovation experience may help identify partners, but lacks semiconductor/packaging domain knowledge'}, {'objective': 3, 'alignment': 0.55, 'why': 'ESG expertise could strengthen sustainability narrative for investors, though not core fundraising skills'}]","[""Mentor's specific experience with materials science or semiconductor industry partnerships"", ""Mentor's track record with early-stage deep-tech fundraising or investor introductions"", ""Mentor's technical background relevant to conductivity testing or manufacturing scale-up""]"
startup_015,MENTOR_018,0.42,0.65,"The mentor has deep tech scaling experience and operational expertise that could help with strategic partner engagement (objective 2) and investor readiness (objective 3). However, there is no evidence of materials science, semiconductor packaging, or technical validation expertise needed for objective 1, nor specific experience addressing manufacturing process bottlenecks like batch variability and specialized equipment access.","[{'from': 'mentor', 'quote': 'scaled fintech, agritech & deep tech startups'}, {'from': 'startup', 'quote': 'Access to specialized equipment and process expertise remains a bottleneck.'}]","[{'objective': 1, 'alignment': 0.15, 'why': 'No materials science or technical validation expertise evident'}, {'objective': 2, 'alignment': 0.65, 'why': 'Deep tech scaling and operations experience relevant to strategic partnerships'}, {'objective': 3, 'alignment': 0.7, 'why': 'Executive leadership and startup scaling experience applicable to fundraise preparation'}]","['No evidence of materials science or semiconductor packaging expertise', 'No specific experience with manufacturing process optimization or batch consistency', 'Unclear if mentor has direct investor network in sustainable materials or electronics sectors']"
startup_015,MENTOR_019,0.48,0.65,"The mentor has relevant expertise in fundraising and investor readiness that directly supports objective 3 (preparing investor-ready documents for the £1-£2M raise). However, the mentor lacks demonstrated technical expertise in materials science, laboratory validation, or semiconductor/electronics packaging needed for objective 1 (technical validation report) and objective 2 (securing strategic partner for TRL 6 advancement). The mentor's sustainability strategy background provides general domain alignment but insufficient depth for the startup's current technical bottlenecks.","[{'from': 'mentor', 'quote': 'Advises startups on sustainable growth, sales optimization, and investor readiness'}, {'from': 'startup', 'quote': 'Prepare all investor-ready documents (deck, model, data room) for the £1-£2M GBP fundraise.'}]","[{'objective': 1, 'alignment': 0.15, 'why': 'No technical validation or materials testing expertise evident'}, {'objective': 2, 'alignment': 0.35, 'why': 'General startup scaling experience but no semiconductor/electronics industry partnerships shown'}, {'objective': 3, 'alignment': 0.75, 'why': 'Direct fundraising and investor readiness expertise matches objective'}]","[""Mentor's specific experience with deep tech or materials science startups unclear"", 'No evidence of technical advisory capabilities for laboratory validation or TRL advancement', 'Unclear if mentor has network in semiconductor/electronics packaging industry for strategic partnerships']"
startup_015,MENTOR_020,0.48,0.65,"The mentor has semiconductors expertise and investment experience, which provides moderate relevance to Objective 3 (fundraise preparation) and potentially Objective 2 (strategic partner engagement). However, there is no evidence of technical validation expertise, materials science background, or process engineering knowledge needed for Objective 1 or addressing the critical technical bottlenecks (batch variability, density reduction, equipment access).","[{'from': 'mentor', 'quote': 'Semiconductors'}, {'from': 'mentor', 'quote': 'Investment'}]","[{'objective': 1, 'alignment': 0.15, 'why': 'No technical validation or materials testing expertise evident'}, {'objective': 2, 'alignment': 0.55, 'why': 'Semiconductors knowledge may help identify strategic partners in electronics packaging'}, {'objective': 3, 'alignment': 0.75, 'why': 'Investment expertise directly relevant to fundraise preparation and investor materials'}]","[""No details on mentor's specific semiconductor packaging experience"", 'No evidence of materials science or manufacturing process expertise', ""No information on mentor's network in ESD packaging or cleanroom industries"", ""Insufficient detail on mentor's investment thesis alignment with sustainable materials""]"
startup_015,MENTOR_021,0.28,0.75,"The mentor's expertise in climate tech and sustainability strategy provides general domain alignment with Intace's sustainable materials mission, but lacks direct technical expertise for the current critical objectives: laboratory validation of material properties, securing technical development partnerships, and preparing investor documents. The mentor's corporate innovation background may offer limited help with fundraising preparation, but cannot address the technical validation, batch variability, or specialized equipment access challenges.","[{'from': 'startup', 'quote': 'Access to specialized equipment and process expertise remains a bottleneck.'}, {'from': 'mentor', 'quote': '20+ years energy & utilities consulting'}]","[{'objective': 1, 'alignment': 0.15, 'why': 'No materials science or laboratory testing expertise evident'}, {'objective': 2, 'alignment': 0.25, 'why': 'Corporate innovation experience may help partnership strategy but not technical TRL advancement'}, {'objective': 3, 'alignment': 0.45, 'why': 'Climate tech and corporate background may inform investor positioning for sustainability angle'}]","[""Mentor's detailed bio is empty, limiting assessment of specific relevant experience"", 'No evidence of materials science, semiconductor packaging, or technical validation expertise', 'Unclear if mentor has fundraising or investor relations experience beyond corporate context']"
startup_015,MENTOR_022,0.28,0.72,"The mentor's expertise in biofuels, energy, and policy influence shows weak alignment with Intace's immediate technical needs (conductivity validation, batch reproducibility, specialized equipment access) and fundraising preparation. While the entrepreneurship/innovation director role may offer generic startup guidance, there is no evidence of relevant expertise in materials science, electronics packaging, semiconductor industry partnerships, or investor preparation for deep-tech materials companies.","[{'from': 'mentor', 'quote': 'Director of Entrepreneurship & Innovation at École Polytechnique'}, {'from': 'startup', 'quote': 'Access to specialized equipment and process expertise remains a bottleneck.'}]","[{'objective': 1, 'alignment': 0.15, 'why': 'No materials science or ESD testing expertise evident'}, {'objective': 2, 'alignment': 0.25, 'why': 'General partnership experience possible but no semiconductor/electronics industry connections shown'}, {'objective': 3, 'alignment': 0.45, 'why': 'Entrepreneurship director role suggests some fundraising guidance capability'}]","['No evidence of materials science or conductive materials expertise', 'No semiconductor or electronics packaging industry experience mentioned', 'No specific track record in deep-tech fundraising or investor preparation', 'No manufacturing scale-up or process engineering background evident']"
startup_015,MENTOR_023,0.28,0.75,"The mentor's finance and investor relations expertise may provide generic guidance on fundraising preparation (objective 3), but there is no evidence of technical validation, materials science, manufacturing scale-up, or strategic partnership development capabilities needed for objectives 1 and 2. The mentor's background in fintech, ESG, and institutional clients does not directly address the startup's current technical bottlenecks in material performance, batch variability, or equipment access.","[{'from': 'startup', 'quote': 'Prepare all investor-ready documents (deck, model, data room) for the £1-£2M GBP fundraise.'}, {'from': 'mentor', 'quote': '35 years global finance leadership; former Amundi Global Head of Sales'}]","[{'objective': 1, 'alignment': 0.05, 'why': 'No technical validation or materials testing expertise evident'}, {'objective': 2, 'alignment': 0.1, 'why': 'No strategic partnership development in materials or manufacturing sectors'}, {'objective': 3, 'alignment': 0.55, 'why': 'Finance leadership may help with investor materials preparation'}]","['No evidence of materials science or technical validation expertise', 'No evidence of manufacturing scale-up or process optimization experience', 'No evidence of strategic partnership development in hardware/materials sectors']"
startup_015,MENTOR_024,0.12,0.85,"Insufficient info. The mentor profile provides only a title (PhD Candidate) and affiliation (Carnegie Mellon University) with no details on domain expertise, technical skills, or operational experience. There is no evidence the mentor can help with technical validation, strategic partnerships, or fundraising preparation for a sustainable materials/biofoam company.","[{'from': 'mentor', 'quote': 'PhD Candidate'}, {'from': 'mentor', 'quote': 'Carnegie Mellon University'}]","[{'objective': 1, 'alignment': 0.1, 'why': 'No evidence of materials science or testing expertise'}, {'objective': 2, 'alignment': 0.15, 'why': 'No evidence of partnership development or industry connections'}, {'objective': 3, 'alignment': 0.1, 'why': 'No evidence of fundraising or investor relations experience'}]","[""Mentor's research area or technical expertise"", ""Mentor's industry experience or operational background"", ""Mentor's relevant skills in materials science, manufacturing, or cleantech"", ""Mentor's experience with fundraising or investor engagement"", ""Mentor's network in electronics, semiconductors, or sustainable materials""]"
startup_015,MENTOR_025,0.22,0.75,"The mentor's expertise in automotive leadership, joint venture management, and consulting offers generic strategic guidance, but lacks direct relevance to the startup's immediate technical needs (biofoam validation, cleanroom compatibility, material science) and specialized electronics/semiconductor packaging domain. The mentor's automotive/SDV focus does not align with ESD packaging for electronics supply chains.","[{'from': 'startup', 'quote': 'preliminary technical validation report from laboratory tests on foam samples to verify conductivity'}, {'from': 'mentor', 'quote': '30+ years automotive leadership; GM Canada & China; SDV transformation expert'}]","[{'objective': 1, 'alignment': 0.1, 'why': 'No materials science or cleanroom testing expertise evident'}, {'objective': 2, 'alignment': 0.35, 'why': 'Joint venture management experience may help partnership structuring'}, {'objective': 3, 'alignment': 0.25, 'why': 'General consulting background may assist fundraise preparation'}]","['No evidence of materials science or semiconductor packaging expertise', 'No indication of experience with technical validation or laboratory testing', 'Automotive domain does not overlap with electronics ESD packaging']"
startup_015,MENTOR_026,0.22,0.75,"The mentor's expertise in SaaS, robotics, and digital transformation shows minimal direct alignment with Intace's current technical objectives (material validation, density reduction, batch consistency) or fundraising preparation. While operations experience could offer generic business guidance, there is no evidence of materials science, manufacturing scale-up, cleanroom standards, or deep-tech investor relations expertise needed for the startup's immediate challenges.","[{'from': 'startup', 'quote': 'Access to specialized equipment and process expertise remains a bottleneck.'}, {'from': 'mentor', 'quote': 'SaaS; Robotics; Digital Transformation'}]","[{'objective': 1, 'alignment': 0.15, 'why': 'No materials testing or cleanroom expertise evident'}, {'objective': 2, 'alignment': 0.25, 'why': 'Operations tag suggests partnership structuring capability, but no materials/manufacturing domain fit'}, {'objective': 3, 'alignment': 0.3, 'why': 'Investment tag indicates fundraising experience, though no deep-tech or materials sector specificity shown'}]","['No evidence of materials science or manufacturing process expertise', 'No indication of cleanroom/semiconductor industry knowledge', 'No specifics on investment experience in deep-tech or sustainable materials sectors']"
startup_015,MENTOR_027,0.28,0.75,"The mentor's background in industrial automation and former Siemens executive experience may offer generic insights into manufacturing scalability and corporate partnerships, but there is no direct evidence of expertise in materials science, biofoams, conductivity testing, cleanroom standards, or semiconductor packaging—the core technical challenges Intace faces. The mentor's M&A and strategic operations experience could tangentially support objective 2 (partner engagement) but lacks specificity for the startup's immediate technical validation and fundraising needs.","[{'from': 'mentor', 'quote': 'Former Siemens Executive Committee'}, {'from': 'mentor', 'quote': 'Robotics; Industrial Automation; Space Tech'}]","[{'objective': 1, 'alignment': 0.15, 'why': 'No materials science or ESD testing expertise evident'}, {'objective': 2, 'alignment': 0.45, 'why': 'Corporate partnership experience from Siemens may help structuring agreements'}, {'objective': 3, 'alignment': 0.25, 'why': 'M&A background offers some fundraising context but not investor-ready materials preparation'}]","['No evidence of materials science or biofoam expertise', 'No evidence of semiconductor packaging or ESD standards knowledge', 'No evidence of cleanroom compatibility or technical validation experience', 'No evidence of early-stage fundraising or investor deck preparation experience']"
startup_015,MENTOR_028,0.42,0.65,"The mentor has investment expertise relevant to objective 3 (preparing investor-ready documents for fundraise) and general climate tech/deeptech experience that provides context for sustainable materials. However, there is no evidence of specific expertise in materials science, semiconductor packaging, process engineering, or technical validation that would directly address objectives 1 and 2 or the critical technical challenges around batch variability and equipment access.","[{'from': 'mentor', 'quote': 'DeepTech & climate venturing leader'}, {'from': 'startup', 'quote': 'Access to specialized equipment and process expertise remains a bottleneck.'}]","[{'objective': 1, 'alignment': 0.15, 'why': 'No evidence of technical validation or materials testing expertise'}, {'objective': 2, 'alignment': 0.35, 'why': 'General deeptech experience may help identify partners, but lacks domain specificity'}, {'objective': 3, 'alignment': 0.75, 'why': 'Investment and venturing background directly relevant to fundraise preparation'}]","['No evidence of materials science or process engineering expertise for technical challenges', 'No evidence of semiconductor/electronics packaging industry connections', 'No evidence of experience with manufacturing scale-up or batch consistency issues']"
startup_015,MENTOR_029,0.12,0.85,"The mentor's expertise in autonomous systems, safety assurance, and policy influence has minimal direct relevance to Intace's current objectives: technical validation of biofoam materials, securing strategic partnerships for product development in sustainable packaging, and preparing investor documents for a materials science fundraise. The mentor's background in AI, autonomy, and government advisory work does not credibly address the startup's immediate needs around material performance validation, batch reproducibility, specialized equipment access, or ESD packaging industry partnerships.","[{'from': 'startup', 'quote': 'Access to specialized equipment and process expertise remains a bottleneck.'}, {'from': 'mentor', 'quote': 'Autonomous Systems; Safety Assurance; EV; Mobility'}]","[{'objective': 1, 'alignment': 0.05, 'why': 'No materials testing or cleanroom validation expertise evident'}, {'objective': 2, 'alignment': 0.15, 'why': 'General partnership experience possible but not in sustainable materials or packaging'}, {'objective': 3, 'alignment': 0.2, 'why': 'May have general fundraising insights but not materials-specific investor connections'}]",[]
startup_015,MENTOR_030,0.28,0.75,"The mentor's expertise in M&A, investment, and corporate finance could provide generic support for fundraising preparation (objective 3), but there is no evidence of relevant technical knowledge in materials science, semiconductor packaging, or manufacturing process optimization needed for objectives 1 and 2. The mentor's background in fintech and data security shows no alignment with sustainable materials or ESD foam development.","[{'from': 'startup', 'quote': 'Prepare all investor-ready documents (deck, model, data room) for the £1-£2M GBP fundraise.'}, {'from': 'mentor', 'quote': 'Former Lazard & Goldman Sachs banker; ex-Citadel; Natixis executive'}]","[{'objective': 1, 'alignment': 0.05, 'why': 'No materials science or technical validation expertise evident'}, {'objective': 2, 'alignment': 0.15, 'why': 'M&A experience may help structure partnerships, but lacks domain knowledge'}, {'objective': 3, 'alignment': 0.65, 'why': 'Investment banking background directly relevant to fundraising preparation'}]","['No evidence of materials science or manufacturing expertise', 'No indication of experience in sustainable materials or cleantech sectors', 'Unclear if mentor has worked with hardware or deep-tech startups']"
startup_015,MENTOR_031,0.12,0.85,"The mentor's expertise in digital marketing, data-driven marketing, and UX does not align with the startup's current technical objectives (laboratory validation, technical partnerships for TRL 6, material performance optimization). While the mentor has investment and M&A operational experience, the startup's immediate needs are technical validation, process engineering, and strategic partnership development for product advancement, not marketing or investor communications at this stage.","[{'from': 'startup', 'quote': 'Conduct a preliminary technical validation report from laboratory tests on foam samples to verify conductivity'}, {'from': 'mentor', 'quote': '24+ years digital marketing; connected medical solutions specialist'}]","[{'objective': 1, 'alignment': 0.05, 'why': 'No technical validation or materials testing expertise evident'}, {'objective': 2, 'alignment': 0.08, 'why': 'No semiconductor/materials partnership or technical collaboration experience shown'}, {'objective': 3, 'alignment': 0.25, 'why': 'Investment operational tag suggests some fundraising familiarity, but not core expertise'}]",[]
startup_015,MENTOR_032,0.42,0.65,"The mentor has strong fundraising expertise (raised £2bn+) directly relevant to objective 3 (preparing investor-ready documents for £1-£2M raise). However, there is no evidence of technical materials science, laboratory validation, or manufacturing process expertise needed for objectives 1 and 2 (technical validation and strategic partner engagement for product development). The mentor's operational tags suggest scaling and investment focus rather than early-stage technical development support.","[{'from': 'mentor', 'quote': 'Raised £2bn+; founder of Torvius; serial entrepreneur'}, {'from': 'startup', 'quote': 'Prepare all investor-ready documents (deck, model, data room) for the £1-£2M GBP fundraise.'}]","[{'objective': 1, 'alignment': 0.15, 'why': 'No evidence of technical validation or materials testing expertise'}, {'objective': 2, 'alignment': 0.35, 'why': 'Startup scaling experience may help partnership strategy, but lacks technical product development background'}, {'objective': 3, 'alignment': 0.85, 'why': 'Strong fundraising track record directly applicable to investor document preparation'}]","[""No information about mentor's technical expertise in materials science or manufacturing"", ""No details about mentor's experience with early-stage technical validation or TRL advancement"", 'Limited detail in mentor profile about specific domain knowledge in sustainable materials or electronics packaging']"
startup_015,MENTOR_033,0.42,0.65,"The mentor has materials and clean tech expertise relevant to Intace's sustainable biofoam domain, and investor/advisor experience that could support objective 3 (fundraise preparation). However, there is no evidence of technical validation expertise for conductivity/shock absorption testing (objective 1), or strategic partnership development experience for advancing product development to TRL 6 (objective 2). The mentor's background in policy and analysis does not directly address the current technical bottlenecks around batch variability and specialized equipment access.","[{'from': 'mentor', 'quote': 'Materials; Clean Tech'}, {'from': 'mentor', 'quote': 'Investor and Advisor'}]","[{'objective': 1, 'alignment': 0.25, 'why': 'No evidence of technical validation or testing expertise'}, {'objective': 2, 'alignment': 0.35, 'why': 'Advisor role suggests partnership experience but lacks specificity for TRL advancement'}, {'objective': 3, 'alignment': 0.7, 'why': 'Investor role and ex-McKinsey background directly relevant to fundraise preparation'}]","[""No details on mentor's hands-on materials science or technical validation experience"", 'No evidence of strategic partnership development or manufacturing scale-up expertise', 'Unclear if mentor has experience addressing batch variability or process optimization challenges']"
startup_015,MENTOR_034,0.48,0.65,"The mentor has materials science expertise and experience in cleantech/decarbonization, which provides some credible linkage to Intace's technical validation needs (Objective 1) and material performance challenges. However, there is no evidence of specific expertise in conductive materials, ESD packaging, semiconductor applications, or fundraising/investor preparation (Objective 3). The mentor's background in DAC chemistry and VC science leadership offers general technical credibility but limited direct applicability to the startup's most pressing current needs around batch variability, density reduction, and investor-ready materials.","[{'from': 'mentor', 'quote': 'Head of Science at CDR-focused VC; former Climeworks DAC chemist; PhD EPFL'}, {'from': 'mentor', 'quote': 'Materials Science'}]","[{'objective': 1, 'alignment': 0.55, 'why': 'Materials science PhD may help with technical validation methodology, but no ESD/conductivity expertise evident'}, {'objective': 2, 'alignment': 0.5, 'why': 'VC science role suggests partnership evaluation skills, but no semiconductor/electronics industry connections shown'}, {'objective': 3, 'alignment': 0.4, 'why': 'VC experience provides some fundraising context, but no evidence of investor deck preparation or data room expertise'}]","['No evidence of expertise in conductive materials or ESD packaging', 'No evidence of semiconductor/electronics industry experience', 'No evidence of batch process optimization or manufacturing scale-up expertise', ""Limited detail on mentor's specific technical capabilities beyond general materials science""]"
startup_016,MENTOR_001,0.48,0.72,"The mentor's transactional and legal expertise in renewables offers moderate relevance to fundraising outreach (objective 2) and potentially structuring pilot partnerships, but provides limited direct help with the technology roadmap (objective 1) or building a detailed TEA model (objective 3). The mentor's investor network and deal experience are valuable for fundraising, but technical and financial modeling needs remain largely unaddressed.","[{'from': 'startup', 'quote': 'Initiate outreach and establish communication with a 20+ prospective investors to generate and track early indications of interest'}, {'from': 'mentor', 'quote': 'Global Head of Transactions at Lightsource bp; 17+ years in renewables'}]","[{'objective': 1, 'alignment': 0.25, 'why': 'Legal/transactional background does not directly address technology roadmap or pilot planning'}, {'objective': 2, 'alignment': 0.7, 'why': 'Extensive renewables network and transaction experience relevant to investor outreach and fundraising'}, {'objective': 3, 'alignment': 0.3, 'why': 'General commercial awareness but no explicit financial modeling or TEA expertise indicated'}]","['No evidence of technical expertise for technology roadmap development', 'No explicit financial modeling or techno-economic analysis experience mentioned', 'Unclear if mentor has direct experience with early-stage hardware/cleantech fundraising vs. large-scale project finance']"
startup_016,MENTOR_002,0.58,0.72,"The mentor's extensive industrial operations experience and sustainability leadership provide credible value for pilot planning and investor outreach (objectives 1 and 2), particularly given their board-level network and experience scaling complex industrial technologies. However, there is no direct evidence of expertise in techno-economic modeling, flow battery technology, or the specific technical challenges the startup faces with prototype development and specialized talent recruitment.","[{'from': 'mentor', 'quote': '27+ years at Schlumberger including Angola CEO'}, {'from': 'mentor', 'quote': 'former Chief Sustainability & Innovation Officer at Holcim'}]","[{'objective': 1, 'alignment': 0.65, 'why': 'Industrial operations experience relevant to pilot planning and dependencies'}, {'objective': 2, 'alignment': 0.72, 'why': 'Board-level network and sustainability investor connections highly relevant'}, {'objective': 3, 'alignment': 0.38, 'why': 'No direct evidence of TEA modeling or detailed cost structure expertise'}]","['No evidence of techno-economic analysis or financial modeling expertise', 'No indication of flow battery or electrochemical technology knowledge', 'Unclear if mentor has experience with early-stage hardware prototyping challenges', 'No evidence of technical recruiting expertise for specialized engineering roles']"
startup_016,MENTOR_003,0.48,0.55,"The mentor's expertise in business development, investment, and strategic partnerships provides moderate relevance to the fundraising objective (objective 2), but there is insufficient evidence of direct experience with technology roadmapping, pilot planning, or techno-economic modeling for clean-tech hardware. The mentor's sustainability and clean technology background offers general domain alignment, but specific capabilities to address the startup's current technical and operational bottlenecks remain unclear from the provided profile.","[{'from': 'mentor', 'quote': 'Business Development; Investment; Strategic Partnerships'}, {'from': 'mentor', 'quote': '20+ years developing sustainable innovation; sold 100+ employee startup to Screen Japan'}]","[{'objective': 1, 'alignment': 0.35, 'why': 'No explicit evidence of technology roadmap or pilot planning expertise'}, {'objective': 2, 'alignment': 0.7, 'why': 'Investment and business development experience directly relevant to investor outreach'}, {'objective': 3, 'alignment': 0.3, 'why': 'No evidence of techno-economic analysis or financial modeling capabilities'}]","[""Mentor's specific experience with hardware pilot programs or technology roadmapping"", ""Mentor's direct involvement in techno-economic modeling or cost structure analysis"", ""Mentor's network strength in clean-tech investment community"", ""Mentor's experience addressing technical talent recruitment challenges""]"
startup_016,MENTOR_004,0.68,0.72,"The mentor's financial services background (venture capital, investment banking) and role as Partnerships Development Director at BRITE Energy Innovators align strongly with Objective 2 (investor outreach for £4M-£6M round) and moderately with Objective 3 (TEA model development). However, there is limited evidence of technical expertise to support Objective 1 (technology roadmap/pilot plan) or address the technical staffing and prototype timeline challenges mentioned in the CEO update.","[{'from': 'mentor', 'quote': 'venture capital, hedge funds, investment banking'}, {'from': 'mentor', 'quote': 'Partnerships Development Director at BRITE Energy Innovators'}]","[{'objective': 1, 'alignment': 0.35, 'why': 'No clear technical or engineering expertise for roadmap/pilot planning'}, {'objective': 2, 'alignment': 0.85, 'why': 'Strong VC and investment banking background directly supports investor outreach'}, {'objective': 3, 'alignment': 0.65, 'why': 'Financial expertise relevant for cost structure and economic modeling'}]","[""Mentor's specific experience with energy storage or battery technology unclear"", ""No detail on mentor's track record with early-stage fundraising or pilot partnerships"", 'Unclear if mentor has technical depth to advise on prototype development challenges']"
startup_016,MENTOR_005,0.42,0.55,"The mentor has relevant climate tech domain experience and policy/government advisory expertise that could support pilot partner engagement and investor outreach. However, there is insufficient evidence of direct expertise in battery technology roadmapping, techno-economic modeling for energy storage, or flow battery-specific technical challenges. The mentor's investment and policy influence background provides moderate alignment with fundraising objectives.","[{'from': 'mentor', 'quote': 'Climate Tech'}, {'from': 'mentor', 'quote': 'Investment; Policy Influence; Government Advisory'}]","[{'objective': 1, 'alignment': 0.35, 'why': 'Systems design background but no clear flow battery or energy storage roadmap expertise'}, {'objective': 2, 'alignment': 0.6, 'why': 'Investment operations tag and founder experience suggest credible investor network access'}, {'objective': 3, 'alignment': 0.3, 'why': 'No explicit evidence of techno-economic modeling or cost structure analysis expertise'}]","['No evidence of energy storage or battery technology expertise', 'No explicit fundraising track record or investor network details', 'No techno-economic analysis or financial modeling experience mentioned', 'Insufficient detail on how policy/government advisory translates to pilot partner acquisition']"
startup_016,MENTOR_006,0.48,0.65,"The mentor's cleantech commercial development and renewable energy systems expertise offers moderate relevance to HalioGen's pilot planning and market engagement objectives. However, the profile lacks explicit evidence of fundraising support, techno-economic modeling capabilities, or flow battery technical depth needed to address the startup's most pressing current challenges around pilot partner acquisition and technical staffing.","[{'from': 'mentor', 'quote': 'Cleantech Commercial Development'}, {'from': 'startup', 'quote': 'Securing a pilot partner remains a significant bottleneck because many potential customers require a mature and fully validated technology'}]","[{'objective': 1, 'alignment': 0.45, 'why': 'Renewable energy experience may inform pilot planning but no explicit roadmap development expertise shown'}, {'objective': 2, 'alignment': 0.4, 'why': 'Work with major corporates suggests network but no direct investor outreach or fundraising track record stated'}, {'objective': 3, 'alignment': 0.35, 'why': 'ESG and sustainability strategy background but no evidence of techno-economic modeling or cost analysis capabilities'}]","['No evidence of fundraising or investor relations experience', 'No mention of techno-economic analysis or financial modeling skills', 'Unclear if mentor has pilot program design or customer validation expertise', 'No indication of flow battery or energy storage technical depth']"
startup_016,MENTOR_007,0.73,0.82,"The mentor's Managing Director role at Breakthrough Energy Ventures Europe directly addresses objective 2 (investor outreach for £4-6M round), and their startup scaling experience is relevant to objective 1 (pilot roadmap). Their climate tech investment expertise aligns well with the fundraising and validation challenges. However, there is limited evidence of direct techno-economic modeling expertise for objective 3.","[{'from': 'mentor', 'quote': 'Managing Director Breakthrough Energy Ventures Europe'}, {'from': 'mentor', 'quote': 'Startup Scaling; Investment'}]","[{'objective': 1, 'alignment': 0.68, 'why': 'Scaling experience from Kurion relevant to pilot planning and dependencies'}, {'objective': 2, 'alignment': 0.92, 'why': 'Direct climate tech investment role enables investor introductions and fundraising guidance'}, {'objective': 3, 'alignment': 0.55, 'why': 'Materials science background provides some technical context but no explicit TEA modeling expertise'}]","['No explicit evidence of techno-economic analysis or financial modeling expertise', ""Limited detail on mentor's specific network within energy storage investment community""]"
startup_016,MENTOR_008,0.58,0.72,"Mentor has strong investor advisory and sustainability credentials relevant to objective 2 (investor outreach) and general strategic guidance for clean-tech fundraising. However, lacks demonstrated technical expertise in battery technology roadmaps (objective 1) or techno-economic modeling (objective 3), and profile provides limited detail on hands-on pilot planning or TEA development experience.","[{'from': 'mentor', 'quote': 'advises European green tech investors'}, {'from': 'startup', 'quote': 'Initiate outreach and establish communication with a 20+ prospective investors'}]","[{'objective': 1, 'alignment': 0.35, 'why': 'No evidence of technical roadmap or pilot planning expertise in battery systems'}, {'objective': 2, 'alignment': 0.82, 'why': 'Strong investor advisory background and green tech focus directly supports fundraising outreach'}, {'objective': 3, 'alignment': 0.4, 'why': 'McKinsey consulting background suggests analytical capability but no explicit TEA modeling experience shown'}]","[""No detail on mentor's experience with technology roadmaps or pilot programs"", 'No evidence of techno-economic analysis or cost modeling expertise', ""Limited information on mentor's specific clean-tech investment network or track record""]"
startup_016,MENTOR_009,0.42,0.65,"The mentor has relevant experience managing deep-tech startup programs and strategic operations, which provides some credibility for helping with pilot planning (objective 1) and potentially investor outreach processes (objective 2). However, there is no evidence of expertise in techno-economic modeling, energy storage technology, or fundraising execution specific to clean-tech, limiting direct alignment with the startup's most pressing technical and financial needs.","[{'from': 'mentor', 'quote': 'Manages deep-tech startup programs at CEA-Liten'}, {'from': 'mentor', 'quote': 'Strategic IP Management'}]","[{'objective': 1, 'alignment': 0.55, 'why': 'Deep-tech program management experience may help with roadmap structure and dependencies'}, {'objective': 2, 'alignment': 0.45, 'why': 'Startup scaling experience provides general context but no evidence of investor network or fundraising execution'}, {'objective': 3, 'alignment': 0.25, 'why': 'No evidence of techno-economic modeling, cost analysis, or energy storage financial expertise'}]","['No evidence of energy storage or battery technology expertise', 'No evidence of fundraising execution or investor network in clean-tech', 'No evidence of techno-economic analysis or financial modeling capabilities', 'Limited detail on specific operational expertise beyond program management']"
startup_016,MENTOR_010,0.48,0.65,"The mentor has clean technology investment experience and startup scaling expertise relevant to HalioGen's fundraising objective (objective 2). However, there is insufficient evidence of specific technical expertise in flow batteries, pilot planning, or techno-economic modeling needed for objectives 1 and 3. The mentor's infrastructure and data center focus provides some context for energy storage applications but lacks direct alignment with the startup's immediate technical and pilot development challenges.","[{'from': 'mentor', 'quote': 'Clean Technology'}, {'from': 'mentor', 'quote': 'Startup Scaling; Investment'}]","[{'objective': 1, 'alignment': 0.25, 'why': 'No evidence of pilot planning or technology roadmap expertise'}, {'objective': 2, 'alignment': 0.75, 'why': 'Investment background and clean-tech focus directly support investor outreach'}, {'objective': 3, 'alignment': 0.3, 'why': 'Infrastructure experience may help but no specific TEA modeling expertise shown'}]","['No evidence of flow battery or energy storage technical expertise', 'No specific experience with pilot program development mentioned', 'No techno-economic analysis or cost modeling background provided', 'Insufficient detail on clean technology investment focus areas']"
startup_016,MENTOR_011,0.68,0.75,"The mentor's 25+ years in Canadian capital markets and climate finance expertise directly support objective 2 (investor outreach for £4M-£6M round). Their decarbonization and ESG focus aligns with clean-tech positioning, and COP28/B20 experience may help with pilot partner credibility (addressing the validation bottleneck). However, no direct evidence of technology roadmapping or TEA modeling expertise limits alignment with objectives 1 and 3.","[{'from': 'mentor', 'quote': '25+ years Canadian capital markets; B20 taskforce member; speaker at COP28; climate finance advisor'}, {'from': 'startup', 'quote': 'Initiate outreach and establish communication with a 20+ prospective investors to generate and track early indications of interest for the £4M to £6M GBP funding round.'}]","[{'objective': 1, 'alignment': 0.25, 'why': 'No evidence of technology roadmap or pilot planning expertise'}, {'objective': 2, 'alignment': 0.95, 'why': 'Strong capital markets experience and climate finance network directly support investor outreach'}, {'objective': 3, 'alignment': 0.3, 'why': 'ESG/risk assessment may inform TEA assumptions but no direct techno-economic modeling expertise shown'}]","['No evidence of technical battery/energy storage expertise for objective 1', 'No explicit track record in TEA or cost modeling for objective 3', 'Unclear if mentor has experience with UK/European fundraising (startup targets GBP round)']"
startup_016,MENTOR_012,0.58,0.72,"The mentor's 20+ years of public-private funding expertise and EU government advisory experience provide credible support for Objective 2 (investor outreach for £4M-£6M round). However, the mentor's tech tags (Water Treatment, Climate Tech, SaaS) and operational tags (EU-Funded Project Coordination, Policy Influence, B2B Sales) show limited direct alignment with battery technology roadmapping (Objective 1) or techno-economic modeling (Objective 3), resulting in a moderate overall fit.","[{'from': 'mentor', 'quote': '20+ years public-private funding expertise; advisor to EU governments and European Commission'}, {'from': 'startup', 'quote': 'Initiate outreach and establish communication with a 20+ prospective investors to generate and track early indications of interest'}]","[{'objective': 1, 'alignment': 0.35, 'why': 'No direct battery/flow battery technology roadmap expertise evident'}, {'objective': 2, 'alignment': 0.85, 'why': 'Strong fundraising and public-private funding expertise directly supports investor outreach'}, {'objective': 3, 'alignment': 0.3, 'why': 'No explicit techno-economic modeling or cost analysis expertise shown'}]","[""Mentor's specific experience with deep-tech hardware fundraising unclear"", 'No evidence of battery technology or energy storage domain knowledge', 'Unclear if mentor has experience with UK-based fundraising or UK investor networks']"
startup_016,MENTOR_013,0.28,0.75,"The mentor's expertise in agri-tech, sustainable agriculture, and insect ecology shows minimal direct relevance to HalioGen's immediate needs: developing a technology roadmap for a zinc-bromine battery pilot, initiating investor outreach for a £4M-£6M round, and building a techno-economic analysis model. While the mentor has project management and investment experience, there is no evidence of energy storage, battery technology, or clean-tech fundraising expertise that would directly address the startup's current technical and financial challenges.","[{'from': 'mentor', 'quote': 'Programme Leader at NIAB; PhD Imperial College; crop protection & insect ecology expert'}, {'from': 'startup', 'quote': 'Initiate outreach and establish communication with a 20+ prospective investors to generate and track early indications of interest for the £4M to £6M GBP funding round.'}]","[{'objective': 1, 'alignment': 0.25, 'why': 'Project management experience may offer generic planning support, but no battery/energy tech expertise evident'}, {'objective': 2, 'alignment': 0.35, 'why': 'Investment tag suggests some fundraising exposure, but no clean-tech or energy storage investor network indicated'}, {'objective': 3, 'alignment': 0.2, 'why': 'No evidence of techno-economic modeling, cost analysis, or energy storage domain knowledge'}]","['No evidence of energy storage or battery technology expertise', 'No indication of clean-tech or hardware fundraising experience', 'No demonstrated experience with techno-economic analysis or cost modeling for hardware/energy systems']"
startup_016,MENTOR_014,0.28,0.75,"The mentor's expertise in startup scaling and investment is generically relevant to fundraising objectives, but there is no evidence of clean-tech, energy storage, or technical domain knowledge needed for the technology roadmap and TEA model. The mentor's background in vertical farming and brand/communications does not directly address HalioGen's current technical challenges (battery design, pilot partnerships, flow battery expertise recruitment) or the specialized needs of energy storage commercialization.","[{'from': 'mentor', 'quote': 'Startup Scaling; Investment'}, {'from': 'startup', 'quote': 'Initiate outreach and establish communication with a 20+ prospective investors'}]","[{'objective': 1, 'alignment': 0.15, 'why': 'No evidence of technical roadmap or pilot planning expertise in energy storage'}, {'objective': 2, 'alignment': 0.45, 'why': 'Investment experience may help with investor outreach, though not energy-specific'}, {'objective': 3, 'alignment': 0.1, 'why': 'No evidence of TEA modeling, cost analysis, or energy economics expertise'}]","['No evidence of clean-tech or energy storage domain expertise', 'No evidence of technical or engineering background relevant to battery technology', 'No evidence of pilot program development or techno-economic analysis experience']"
startup_016,MENTOR_015,0.28,0.75,"The mentor's expertise in strategic IP management and patent law offers limited direct help with the startup's current priorities: developing a technology roadmap/pilot plan, investor outreach for £4-6M funding, and building a techno-economic analysis model. While IP strategy may become relevant as the technology matures, it does not address the immediate operational, fundraising, or technical-economic modeling needs now.","[{'from': 'startup', 'quote': 'Initiate outreach and establish communication with a 20+ prospective investors to generate and track early indications of interest for the £4M to £6M GBP funding round.'}, {'from': 'mentor', 'quote': 'Strategic IP Management; Law'}]","[{'objective': 1, 'alignment': 0.15, 'why': 'IP expertise does not directly inform pilot planning or technical roadmaps'}, {'objective': 2, 'alignment': 0.35, 'why': 'IP strategy may tangentially support investor conversations but not core fundraising execution'}, {'objective': 3, 'alignment': 0.1, 'why': 'Patent law does not address cost modeling or techno-economic analysis'}]","['No evidence of mentor experience in fundraising, investor relations, or techno-economic modeling', 'No indication of mentor expertise in pilot program design or operational planning for hardware/cleantech']"
startup_016,MENTOR_016,0.58,0.72,"Mentor has strong fundraising and investor network expertise (70+ climate tech investments) directly relevant to objective 2 (investor outreach for £4-6M round). However, limited evidence of technical expertise in battery technology, pilot planning, or techno-economic modeling for hardware/energy storage systems. Climate tech investment experience provides moderate help but lacks specificity for flow battery commercialization challenges.","[{'from': 'mentor', 'quote': '70+ climate tech investments'}, {'from': 'startup', 'quote': 'Initiate outreach and establish communication with a 20+ prospective investors to generate and track early indications of interest for the £4M to £6M GBP funding round.'}]","[{'objective': 1, 'alignment': 0.35, 'why': 'No evidence of hardware pilot planning or battery technology roadmap expertise'}, {'objective': 2, 'alignment': 0.85, 'why': 'Strong climate tech investor network and fundraising experience directly applicable'}, {'objective': 3, 'alignment': 0.25, 'why': 'SaaS/platform background; no evidence of TEA modeling for hardware or energy systems'}]","['No evidence of hardware/energy storage technical expertise for pilot planning', 'No evidence of techno-economic analysis experience for physical products', 'Unclear if climate tech investments include energy storage or flow battery companies']"
startup_016,MENTOR_017,0.28,0.7,"The mentor's expertise in ESG, sustainability strategy, and corporate innovation provides limited direct help with HalioGen's current technical and operational objectives (technology roadmap, pilot planning, TEA modeling, securing pilot partners, recruiting flow battery specialists). While sustainability credentials may support investor conversations tangentially, there is no evidence of expertise in energy storage technology development, techno-economic analysis, or cleantech fundraising mechanics.","[{'from': 'startup', 'quote': 'Develop a comprehensive technology roadmap Pilot plan that clearly defines the scope, dependencies, and expected timelines.'}, {'from': 'mentor', 'quote': 'Global ESG leader; CSRD & ESRS expert; AI-driven sustainability transformation'}]","[{'objective': 1, 'alignment': 0.15, 'why': 'No evidence of technology roadmap or pilot planning expertise for hardware/cleantech'}, {'objective': 2, 'alignment': 0.45, 'why': 'Sustainability credentials may help frame investor narrative but no fundraising expertise shown'}, {'objective': 3, 'alignment': 0.1, 'why': 'No evidence of techno-economic analysis or cost modeling capabilities for energy storage'}]","['No evidence of cleantech or energy storage technical expertise', 'No evidence of pilot partnership development or customer validation experience', 'No evidence of fundraising or investor relations experience', 'No evidence of techno-economic modeling capabilities']"
startup_016,MENTOR_018,0.42,0.65,"The mentor has relevant experience in scaling startups and operations, which could support pilot planning (Objective 1) and investor outreach (Objective 2). However, there is no evidence of specific expertise in techno-economic modeling, flow battery technology, or deep technical validation needed for Objective 3 and the current technical challenges around prototype timelines and pilot partner validation.","[{'from': 'mentor', 'quote': '35+ years executive leadership; scaled fintech, agritech & deep tech startups'}, {'from': 'startup', 'quote': 'Securing a pilot partner remains a significant bottleneck because many potential customers require a mature and fully validated technology'}]","[{'objective': 1, 'alignment': 0.55, 'why': 'Operations expertise may help structure pilot roadmap, but no specific technical validation experience shown'}, {'objective': 2, 'alignment': 0.65, 'why': 'Executive leadership and startup scaling experience relevant to investor outreach and fundraising strategy'}, {'objective': 3, 'alignment': 0.2, 'why': 'No evidence of techno-economic modeling, cost structure analysis, or energy storage financial modeling expertise'}]","['No specific experience in energy storage or flow battery technology mentioned', 'No evidence of techno-economic analysis or financial modeling capabilities', 'Unclear if mentor has experience with hardware prototype development timelines or technical validation processes']"
startup_016,MENTOR_019,0.58,0.65,"The mentor has relevant expertise in fundraising and startup scaling that aligns with objective 2 (investor outreach for £4M-£6M round) and can provide general guidance on investor readiness given the positive preliminary validation from three key investors. However, the mentor lacks demonstrated technical expertise in battery technology, pilot planning, or techno-economic modeling required for objectives 1 and 3, and shows no specific experience addressing the startup's critical challenges around pilot partner acquisition or technical recruitment in the flow battery domain.","[{'from': 'mentor', 'quote': 'Advises startups on sustainable growth, sales optimization, and investor readiness'}, {'from': 'startup', 'quote': 'Initiate outreach and establish communication with a 20+ prospective investors to generate and track early indications of interest for the £4M to £6M GBP funding round.'}]","[{'objective': 1, 'alignment': 0.25, 'why': 'No evidence of technical roadmap or pilot planning expertise for battery systems'}, {'objective': 2, 'alignment': 0.85, 'why': 'Strong match with fundraising and investor readiness expertise'}, {'objective': 3, 'alignment': 0.2, 'why': 'No demonstrated experience in techno-economic analysis or cost modeling for deep tech'}]","[""Mentor's specific experience with hardware/deep tech pilot programs"", ""Mentor's track record with techno-economic modeling or financial analysis"", ""Mentor's network or experience in energy storage or battery technology sectors""]"
startup_016,MENTOR_020,0.68,0.72,"The mentor's expertise in climate tech investment and board governance directly addresses objective 2 (investor outreach for £4-6M round) and can support objective 1 (pilot roadmap) through strategic guidance. However, the mentor lacks explicit flow battery technical expertise or TEA modeling experience needed for objective 3, and cannot directly solve the technical staffing or prototype timeline challenges mentioned in the CEO update.","[{'from': 'startup', 'quote': 'Initiate outreach and establish communication with a 20+ prospective investors to generate and track early indications of interest for the £4M to £6M GBP funding round.'}, {'from': 'mentor', 'quote': 'Deep-tech investor; former Swedish Technical Attaché; ex-Gartner VP'}]","[{'objective': 1, 'alignment': 0.65, 'why': 'Strategic guidance on pilot planning from deep-tech investment perspective'}, {'objective': 2, 'alignment': 0.85, 'why': 'Direct investor network access and fundraising expertise for climate tech'}, {'objective': 3, 'alignment': 0.45, 'why': 'Limited evidence of TEA modeling or detailed cost structure expertise'}]","['No explicit experience with techno-economic analysis or cost modeling', 'No specific flow battery or energy storage technical background mentioned', 'Unclear depth of climate tech investment portfolio or deal-making track record']"
startup_016,MENTOR_021,0.42,0.65,"The mentor's 20+ years in energy & utilities consulting and climate tech expertise provide general domain alignment with HalioGen's clean energy storage mission. However, the profile lacks specific evidence of expertise in technology roadmapping for hardware pilots, investor outreach/fundraising mechanics, or techno-economic modeling—the three explicit current objectives. The mentor may offer strategic sustainability framing but appears less equipped for the tactical execution needs now.","[{'from': 'mentor', 'quote': '20+ years energy & utilities consulting'}, {'from': 'startup', 'quote': 'Initiate outreach and establish communication with a 20+ prospective investors to generate and track early indications of interest'}]","[{'objective': 1, 'alignment': 0.35, 'why': 'No explicit pilot planning or hardware roadmap expertise shown'}, {'objective': 2, 'alignment': 0.45, 'why': 'Energy sector network likely helpful, but no fundraising/investor outreach track record stated'}, {'objective': 3, 'alignment': 0.4, 'why': 'Consulting background may support TEA framing, but no direct modeling or cost analysis expertise cited'}]","['No evidence of pilot program design or technology roadmapping experience', 'No stated experience in fundraising, investor relations, or capital raising', 'No mention of techno-economic analysis, cost modeling, or financial modeling skills', 'Mentor bio and profile_int fields are empty, limiting assessment depth']"
startup_016,MENTOR_022,0.42,0.65,"The mentor has energy sector experience and entrepreneurship/innovation leadership, which provides general context for clean-tech ventures. However, the profile lacks specific evidence of expertise in technology roadmapping, pilot planning, investor outreach for hardware/deep-tech fundraising, or techno-economic modeling—the three explicit objectives. The mentor's policy influence background may offer indirect value but does not directly address the startup's immediate technical and fundraising challenges.","[{'from': 'mentor', 'quote': 'Director of Entrepreneurship & Innovation at École Polytechnique'}, {'from': 'mentor', 'quote': 'energy policy expert'}]","[{'objective': 1, 'alignment': 0.35, 'why': 'Entrepreneurship leadership suggests general planning capability, but no evidence of technical roadmap or pilot expertise'}, {'objective': 2, 'alignment': 0.5, 'why': 'Innovation director role may include investor networks, but no explicit fundraising or deep-tech investor outreach experience cited'}, {'objective': 3, 'alignment': 0.3, 'why': 'Energy background provides domain context, but no evidence of techno-economic modeling or cost analysis expertise'}]","['No evidence of pilot planning or technology roadmap development experience', 'No explicit track record in deep-tech or hardware fundraising', 'No mention of techno-economic analysis, cost modeling, or financial modeling skills', 'Mentor bio is empty, limiting assessment of relevant accomplishments']"
startup_016,MENTOR_023,0.42,0.7,"The mentor's 35 years of global finance leadership and investor experience provides credible support for objective 2 (investor outreach for £4-6M round), but offers limited direct expertise for objectives 1 and 3, which require technical roadmapping and techno-economic modeling specific to energy storage technology. The mentor's institutional client experience may help with pilot partner engagement challenges.","[{'from': 'mentor', 'quote': '35 years global finance leadership; former Amundi Global Head of Sales'}, {'from': 'startup', 'quote': 'Initiate outreach and establish communication with a 20+ prospective investors to generate and track early indications of interest for the £4M to £6M GBP funding round.'}]","[{'objective': 1, 'alignment': 0.25, 'why': 'No evidence of technical roadmapping or pilot planning expertise for energy storage systems'}, {'objective': 2, 'alignment': 0.75, 'why': 'Strong investor network and sales leadership directly applicable to fundraising outreach'}, {'objective': 3, 'alignment': 0.2, 'why': 'Risk assessment background may help but lacks specific techno-economic modeling expertise for battery technology'}]","['No evidence of clean-tech or energy storage sector experience', 'No indication of technical due diligence or TEA modeling capabilities', ""Unclear if investor network includes clean-tech or infrastructure investors relevant to the startup's target round""]"
startup_016,MENTOR_024,0.12,0.85,"Insufficient info. The mentor profile provides only academic affiliation (PhD Candidate at Carnegie Mellon) and CDL fellowship status, with no information about expertise in energy storage, flow batteries, fundraising, techno-economic modeling, or pilot partnerships. Cannot assess ability to help with current objectives or challenges.","[{'from': 'mentor', 'quote': 'PhD Candidate'}, {'from': 'startup', 'quote': 'Securing a pilot partner remains a significant bottleneck because many potential customers require a mature and fully validated technology before committing.'}]","[{'objective': 1, 'alignment': 0.1, 'why': 'No evidence of technology roadmap or pilot planning expertise'}, {'objective': 2, 'alignment': 0.15, 'why': 'No evidence of investor relations or fundraising experience'}, {'objective': 3, 'alignment': 0.1, 'why': 'No evidence of techno-economic analysis or cost modeling expertise'}]","[""Mentor's research focus or technical expertise area"", ""Mentor's industry experience or operational background"", ""Mentor's relevant skills in energy storage, cleantech, fundraising, or business development"", ""Mentor's prior startup or commercialization experience""]"
startup_016,MENTOR_025,0.28,0.75,"The mentor's automotive and joint venture management experience offers limited direct relevance to HalioGen's immediate needs: developing a battery technology roadmap, investor outreach for cleantech funding, and building a techno-economic model for energy storage. While consulting and JV management may provide generic strategic guidance, there is no evidence of expertise in energy storage technology, cleantech fundraising, or techno-economic modeling for battery systems.","[{'from': 'mentor', 'quote': 'Joint Venture Management; Consulting'}, {'from': 'startup', 'quote': 'Initiate outreach and establish communication with a 20+ prospective investors to generate and track early indications of interest for the £4M to £6M GBP funding round.'}]","[{'objective': 1, 'alignment': 0.25, 'why': 'No evidence of battery technology or pilot planning expertise'}, {'objective': 2, 'alignment': 0.35, 'why': 'General consulting experience may help with investor strategy but lacks cleantech fundraising specificity'}, {'objective': 3, 'alignment': 0.2, 'why': 'No indication of techno-economic modeling or energy storage cost analysis capability'}]","['No evidence of energy storage or battery technology expertise', 'No indication of cleantech or renewable energy sector experience', 'No demonstrated experience with techno-economic analysis or cost modeling', 'Unclear if consulting background includes fundraising support for hardware/deeptech startups']"
startup_016,MENTOR_026,0.28,0.72,"The mentor's expertise in SaaS, robotics, and digital transformation shows minimal direct alignment with HalioGen's hardware-focused clean-tech objectives: developing a technology roadmap for a zinc-bromine battery pilot, fundraising for £4M-£6M, and building a techno-economic analysis model. While the mentor has investment operations experience, there is no evidence of energy storage, flow battery, or clean-tech domain knowledge critical to addressing the startup's technical pilot challenges and specialized fundraising needs.","[{'from': 'mentor', 'quote': 'SaaS; Robotics; Digital Transformation'}, {'from': 'mentor', 'quote': 'Operations; Investment'}]","[{'objective': 1, 'alignment': 0.25, 'why': 'No evidence of hardware pilot or battery technology roadmap experience'}, {'objective': 2, 'alignment': 0.4, 'why': 'Investment operations tag suggests some fundraising relevance, but no clean-tech investor network indicated'}, {'objective': 3, 'alignment': 0.2, 'why': 'No evidence of techno-economic modeling or energy storage cost analysis expertise'}]","['No clean-tech or energy storage domain expertise evident', 'No hardware or flow battery technology experience mentioned', 'No specific investor network or fundraising track record in deep-tech provided', 'Mentor bio and profile interview are empty, limiting assessment']"
startup_016,MENTOR_027,0.28,0.75,"The mentor's background in industrial automation and M&A may offer generic strategic guidance, but there is no evidence of expertise in energy storage, electrochemistry, flow batteries, or cleantech fundraising. The startup's immediate needs—pilot planning, investor outreach for a £4-6M round, and techno-economic modeling for battery systems—require domain-specific knowledge that is not demonstrated in the mentor's profile.","[{'from': 'startup', 'quote': 'Initiate outreach and establish communication with a 20+ prospective investors to generate and track early indications of interest for the £4M to £6M GBP funding round.'}, {'from': 'mentor', 'quote': 'Former Siemens Executive Committee; ex-McKinsey Global Director; PhD Nuclear Physics'}]","[{'objective': 1, 'alignment': 0.25, 'why': 'No evidence of energy storage or pilot deployment expertise'}, {'objective': 2, 'alignment': 0.35, 'why': 'M&A and executive experience may help with investor strategy, but no cleantech fundraising track record shown'}, {'objective': 3, 'alignment': 0.2, 'why': 'No demonstrated expertise in techno-economic modeling or battery cost structures'}]","[""Mentor's specific experience in energy storage or cleantech sectors"", ""Mentor's track record in early-stage fundraising or investor network in cleantech"", ""Mentor's familiarity with techno-economic analysis or battery technology commercialization""]"
startup_016,MENTOR_028,0.68,0.72,The mentor's climate tech investment expertise and deep tech venturing leadership directly address objective 2 (investor outreach for £4-6M round) and can inform objective 3 (TEA model for investment readiness). Limited evidence of technical roadmap/pilot planning expertise reduces alignment with objective 1.,"[{'from': 'mentor', 'quote': 'DeepTech & climate venturing leader'}, {'from': 'startup', 'quote': 'Initiate outreach and establish communication with a 20+ prospective investors to generate and track early indications of interest for the £4M to £6M GBP funding round.'}]","[{'objective': 1, 'alignment': 0.45, 'why': 'Former CIO/digital background may help with planning frameworks, but no direct pilot/technical roadmap expertise evident'}, {'objective': 2, 'alignment': 0.85, 'why': 'Climate tech investment and venturing leadership directly relevant to investor outreach and fundraising strategy'}, {'objective': 3, 'alignment': 0.75, 'why': 'Investment and consulting experience likely includes TEA model evaluation for due diligence and portfolio decisions'}]","['No specific evidence of flow battery or energy storage technical expertise for objective 1', ""Limited detail on mentor's specific investor network or fundraising track record"", ""No information on mentor's experience with pilot partner identification or customer validation challenges""]"
startup_016,MENTOR_029,0.12,0.85,"The mentor's expertise in autonomous systems, safety assurance, EV, and mobility does not align with HalioGen's current objectives focused on technology roadmap development for flow batteries, investor outreach for energy storage fundraising, and techno-economic analysis of battery systems. The mentor's government advisory experience and policy influence are not directly applicable to the startup's immediate technical and fundraising challenges in the energy storage domain.","[{'from': 'startup', 'quote': 'Initiate outreach and establish communication with a 20+ prospective investors to generate and track early indications of interest for the £4M to £6M GBP funding round.'}, {'from': 'mentor', 'quote': 'Autonomous Systems; Safety Assurance; EV; Mobility'}]","[{'objective': 1, 'alignment': 0.05, 'why': 'No flow battery or energy storage roadmap expertise evident'}, {'objective': 2, 'alignment': 0.15, 'why': 'Policy connections may tangentially help but no clean-tech investor network shown'}, {'objective': 3, 'alignment': 0.05, 'why': 'No techno-economic modeling or battery cost analysis expertise indicated'}]","['No evidence of energy storage or flow battery domain expertise', 'No indication of clean-tech investor network or fundraising experience', 'No techno-economic analysis or battery system modeling background']"
startup_016,MENTOR_030,0.42,0.7,"The mentor's M&A and investment banking background (Lazard, Goldman Sachs) provides credible support for Objective 2 (investor outreach for £4M-£6M round), but there is no evidence of clean-tech, energy storage, or technical roadmap expertise needed for Objectives 1 and 3. The mentor's fintech and data security focus does not align with flow battery technology or techno-economic modeling.","[{'from': 'mentor', 'quote': 'Former Lazard & Goldman Sachs banker'}, {'from': 'mentor', 'quote': 'M&A; Corporate Restructuring; Investment'}]","[{'objective': 1, 'alignment': 0.1, 'why': 'No evidence of technical roadmap or pilot planning expertise'}, {'objective': 2, 'alignment': 0.75, 'why': 'Strong investment banking background relevant to investor outreach and fundraising'}, {'objective': 3, 'alignment': 0.15, 'why': 'No evidence of techno-economic modeling or clean-tech cost analysis experience'}]","[""No information on mentor's clean-tech or energy storage sector experience"", 'No evidence of technical or engineering advisory capabilities', 'Unclear if mentor has experience with early-stage deep-tech fundraising versus traditional M&A']"
startup_016,MENTOR_031,0.22,0.75,"The mentor's expertise in digital marketing and investment operations offers only generic, tangential support for HalioGen's current objectives. While marketing experience could peripherally assist investor outreach (objective 2), the mentor lacks demonstrated expertise in technology roadmapping, pilot planning, techno-economic modeling, or cleantech/energy storage domains critical to objectives 1 and 3. The startup's immediate challenges—prototype development timelines, securing pilot partners, and recruiting specialized flow battery talent—require technical and sector-specific knowledge not evidenced in the mentor's profile.","[{'from': 'startup', 'quote': 'Initiate outreach and establish communication with a 20+ prospective investors'}, {'from': 'mentor', 'quote': '24+ years digital marketing; connected medical solutions specialist'}]","[{'objective': 1, 'alignment': 0.1, 'why': 'No evidence of technology roadmap or pilot planning expertise'}, {'objective': 2, 'alignment': 0.4, 'why': 'Investment operations tag suggests possible investor outreach support'}, {'objective': 3, 'alignment': 0.15, 'why': 'No evidence of techno-economic analysis or cost modeling capability'}]","[""Mentor's specific investment experience details (stage, sector, role)"", 'Evidence of cleantech, energy storage, or hardware technology experience', 'Demonstrated capability in technical roadmapping or TEA modeling']"
startup_016,MENTOR_032,0.68,0.72,"The mentor has strong fundraising expertise (raised £2bn+) directly relevant to objective 2 (investor outreach for £4M-£6M round) and the positive investor validation progress. Experience in startup scaling and climate tech provides credible support for pilot planning (objective 1) and addressing customer prototype timeline pressures. However, no evidence of specific techno-economic modeling expertise for objective 3, and limited indication of flow battery technical depth for recruitment challenges.","[{'from': 'mentor', 'quote': 'Raised £2bn+; founder of Torvius; serial entrepreneur'}, {'from': 'startup', 'quote': 'Initiate outreach and establish communication with a 20+ prospective investors to generate and track early indications of interest for the £4M to £6M GBP funding round.'}]","[{'objective': 1, 'alignment': 0.62, 'why': 'Startup scaling experience relevant to pilot roadmap; no specific technical planning expertise shown'}, {'objective': 2, 'alignment': 0.92, 'why': 'Exceptional fundraising track record (£2bn+) directly matches investor outreach and funding round needs'}, {'objective': 3, 'alignment': 0.35, 'why': 'No evidence of techno-economic modeling or detailed cost structure analysis expertise'}]","['No evidence of techno-economic analysis or financial modeling expertise', 'Limited detail on specific climate tech/energy storage domain experience', 'No indication of technical recruitment network or flow battery industry connections']"
startup_016,MENTOR_033,0.73,0.82,"The mentor's background as former Global Head of Analysis at BNEF and ex-McKinsey Partner directly supports building the TEA model (objective 3) and developing the technology roadmap (objective 1). Their UK energy policymaker experience and investor/advisor role provide credible support for investor outreach (objective 2) and addressing the pilot partner bottleneck, though specific flow battery or fundraising track record is not detailed.","[{'from': 'mentor', 'quote': 'Former Global Head of Analysis at BNEF; ex-McKinsey Partner; UK energy policymaker'}, {'from': 'startup', 'quote': 'Build a Techno-Economic Analysis (TEA) model that includes a detailed cost structure, performance assumptions, and sensitivity analysis.'}]","[{'objective': 1, 'alignment': 0.7, 'why': 'McKinsey and BNEF experience supports strategic roadmapping and dependency analysis'}, {'objective': 2, 'alignment': 0.72, 'why': 'Investor/advisor role and UK energy policy background aid investor outreach and credibility'}, {'objective': 3, 'alignment': 0.78, 'why': 'BNEF analysis leadership directly relevant to building TEA models with cost and sensitivity analysis'}]","['No specific evidence of fundraising track record or investor network depth', 'No explicit flow battery or redox chemistry technical expertise mentioned', 'Unclear if mentor has direct pilot partnership facilitation experience']"
startup_016,MENTOR_034,0.42,0.65,"The mentor has deep technical expertise in decarbonization and materials science from DAC chemistry work, which provides some credibility for advising on battery chemistry and clean-tech development. However, the profile lacks explicit evidence of flow battery expertise, pilot planning experience, fundraising guidance, or techno-economic modeling—the three specific objectives. The VC background offers potential value for investor outreach (objective 2), but insufficient detail limits confidence.","[{'from': 'mentor', 'quote': 'Head of Science at CDR-focused VC; former Climeworks DAC chemist'}, {'from': 'startup', 'quote': 'Initiate outreach and establish communication with a 20+ prospective investors to generate and track early indications of interest'}]","[{'objective': 1, 'alignment': 0.35, 'why': 'Materials science background may inform technical roadmap, but no pilot planning expertise evident'}, {'objective': 2, 'alignment': 0.6, 'why': 'VC role suggests investor network access and fundraising insight for clean-tech'}, {'objective': 3, 'alignment': 0.3, 'why': 'Scientific background provides technical grounding, but no explicit TEA or cost modeling experience shown'}]","['No evidence of flow battery or energy storage expertise', 'No explicit pilot program or commercialization experience mentioned', 'No techno-economic analysis or cost modeling background provided', 'Insufficient detail on VC investment focus areas or portfolio relevance']"
startup_017,MENTOR_001,0.22,0.75,"The mentor's expertise in legal, transactions, and renewables does not directly address PhaseTree's current objectives: securing royalty agreements in steels/alloys, finalizing SaaS pricing, or growing an open-source community. While transactional and legal experience could tangentially support royalty structuring, there is no evidence of materials science, B2B SaaS pricing, or community-building expertise relevant to the startup's immediate needs.","[{'from': 'startup', 'quote': 'Achieve royalty agreement with a customer in the steels/alloys space'}, {'from': 'mentor', 'quote': 'General Counsel for EMEA and Global Head of Transactions at Lightsource bp'}]","[{'objective': 1, 'alignment': 0.3, 'why': 'Transactional experience may help structure royalty deals, but no steels/alloys domain knowledge'}, {'objective': 2, 'alignment': 0.15, 'why': 'No evidence of SaaS pricing or B2B software business model expertise'}, {'objective': 3, 'alignment': 0.1, 'why': 'No evidence of open-source community building or developer engagement experience'}]","['No evidence of materials science or steels/alloys industry experience', 'No evidence of SaaS pricing or software business model expertise', 'No evidence of open-source community building or developer engagement experience']"
startup_017,MENTOR_002,0.58,0.72,"Mentor has deep industrial materials experience (Anglo American board, Holcim sustainability/innovation leadership) relevant to PhaseTree's alloys/steels customer objectives and business model design challenges. However, profile lacks explicit SaaS pricing, open-source community building, or royalty-structuring expertise for materials tech startups, limiting direct actionability on objectives 2 and 3.","[{'from': 'startup', 'quote': 'Achieve royalty agreement with a customer in the steels/alloys space'}, {'from': 'mentor', 'quote': 'Board member of Anglo American and Capitals Coalition; former Chief Sustainability & Innovation Officer at Holcim'}]","[{'objective': 1, 'alignment': 0.75, 'why': 'Anglo American/Holcim connections provide direct access to alloys/materials industry decision-makers and royalty deal structuring context'}, {'objective': 2, 'alignment': 0.38, 'why': 'Industrial innovation experience may inform pricing strategy, but no explicit SaaS or tech platform pricing expertise evident'}, {'objective': 3, 'alignment': 0.25, 'why': 'No evidence of open-source community building or developer engagement experience in profile'}]","[""Mentor's specific experience with royalty agreements in materials/tech sectors"", ""Mentor's familiarity with SaaS business models or pricing frameworks"", ""Mentor's involvement in developer communities or open-source ecosystems""]"
startup_017,MENTOR_003,0.48,0.65,"The mentor has relevant business development and strategic partnerships expertise that could help with converting customers to royalty agreements and designing scalable business models. However, the profile lacks specific evidence of materials science industry experience, SaaS pricing expertise, or community-building experience needed for objectives 2 and 3. The industrial technology background provides some domain context but insufficient detail on steel/alloys sector knowledge.","[{'from': 'mentor', 'quote': 'Business Development; Investment; Strategic Partnerships'}, {'from': 'startup', 'quote': 'Converting services customers into higher value, more consistent and more scalable royalty-based and/or SaaS platform customers'}]","[{'objective': 1, 'alignment': 0.55, 'why': 'Business development and strategic partnerships experience could support royalty agreement negotiations, though no specific steel/alloys sector evidence'}, {'objective': 2, 'alignment': 0.35, 'why': 'No explicit SaaS pricing or framework design expertise mentioned in profile'}, {'objective': 3, 'alignment': 0.25, 'why': 'No evidence of open-source community building or developer community management experience'}]","['No specific materials science or steel/alloys industry experience mentioned', 'No SaaS pricing or business model design expertise detailed', 'No community building or open-source ecosystem experience', 'Limited detail on types of strategic partnerships developed', 'No evidence of royalty-based business model experience']"
startup_017,MENTOR_004,0.42,0.55,"The mentor's financial services and investment background provides some relevance to designing scalable business models and royalty/SaaS frameworks (objectives 2 and challenge 3), but lacks direct materials science, technical sales, or community-building expertise needed for objectives 1 and 3. Climate tech experience offers general sector context but insufficient specificity for steels/alloys customer conversion or open-source community growth.","[{'from': 'startup', 'quote': 'Designing a scalable, long-term business model that balances royalty and SaaS revenue streams'}, {'from': 'mentor', 'quote': 'Financial services executive; venture capital, hedge funds, investment banking'}]","[{'objective': 1, 'alignment': 0.25, 'why': 'No demonstrated expertise in steels/alloys sector sales or technical customer conversion'}, {'objective': 2, 'alignment': 0.65, 'why': 'Financial and investment background relevant to SaaS pricing frameworks and business model design'}, {'objective': 3, 'alignment': 0.2, 'why': 'No evidence of open-source community building or developer engagement experience'}]","['Specific experience with B2B SaaS pricing in technical/scientific domains', 'Track record in materials/manufacturing sector customer relationships', 'Community building or developer relations expertise']"
startup_017,MENTOR_005,0.28,0.65,"The mentor's expertise in policy influence and government advisory offers limited direct help with PhaseTree's immediate objectives: securing royalty agreements in steels/alloys, finalizing SaaS pricing, and growing an open-source community. While quantum and climate tech tags suggest some domain adjacency to materials science, there is no evidence of commercial pricing expertise, B2B sales in materials/alloys, or community-building experience that would directly address the stated needs now.","[{'from': 'mentor', 'quote': 'Policy Influence; Government Advisory'}, {'from': 'startup', 'quote': 'Achieve royalty agreement with a customer in the steels/alloys space'}]","[{'objective': 1, 'alignment': 0.25, 'why': 'No evidence of B2B sales or alloys-sector customer expertise'}, {'objective': 2, 'alignment': 0.2, 'why': 'No evidence of SaaS pricing or commercial framework design experience'}, {'objective': 3, 'alignment': 0.4, 'why': 'Possible indirect help via policy/academic networks, but no community-building evidence'}]","['No evidence of commercial pricing or SaaS business model expertise', 'No evidence of B2B sales or customer conversion experience in materials/alloys sector', 'No evidence of open-source community building or developer engagement experience', 'Mentor profile lacks detail on operational or go-to-market capabilities']"
startup_017,MENTOR_006,0.28,0.65,"The mentor's expertise in cleantech commercial development and sustainability strategy offers generic relevance to PhaseTree's materials discovery platform, but there is no direct evidence of experience with royalty agreements, SaaS pricing frameworks, or open-source community building—the three specific objectives. The mentor's background in ESG and renewable energy does not clearly translate to actionable help with converting services customers to royalty models or designing dual-revenue business models in the materials science sector.","[{'from': 'mentor', 'quote': 'Cleantech Commercial Development'}, {'from': 'startup', 'quote': 'Converting services customers into higher value, more consistent and more scalable royalty-based and/or SaaS platform customers'}]","[{'objective': 1, 'alignment': 0.25, 'why': 'No evidence of royalty agreement expertise in steels/alloys'}, {'objective': 2, 'alignment': 0.3, 'why': 'Cleantech commercial development may offer generic SaaS insights'}, {'objective': 3, 'alignment': 0.15, 'why': 'No evidence of open-source community building experience'}]","['No evidence of royalty or licensing agreement structuring experience', 'No evidence of SaaS pricing or business model design expertise', 'No evidence of open-source community development or developer engagement', 'No evidence of materials science or industrial sector go-to-market experience']"
startup_017,MENTOR_007,0.68,0.72,"Mentor has strong materials science expertise and startup scaling experience relevant to PhaseTree's transition from services to scalable revenue models. Direct experience with high-value exits and investment perspective aligns well with objectives around royalty agreements and SaaS pricing. However, limited evidence of specific expertise in open-source community building or steel/alloys sector.","[{'from': 'mentor', 'quote': 'Co-founder & CTO of Kurion; acquired by Veolia for $350M'}, {'from': 'startup', 'quote': 'Designing a scalable, long-term business model that balances royalty and SaaS revenue streams'}]","[{'objective': 1, 'alignment': 0.65, 'why': 'Materials science PhD and scaling experience relevant to customer conversion strategy'}, {'objective': 2, 'alignment': 0.75, 'why': 'Investment and scaling expertise directly applicable to SaaS pricing framework design'}, {'objective': 3, 'alignment': 0.35, 'why': 'No evidence of open-source community building or developer engagement experience'}]","['No specific experience mentioned in steel/alloys sector', 'No evidence of open-source community building expertise', ""Limited detail on mentor's specific advisory or pricing strategy experience""]"
startup_017,MENTOR_008,0.58,0.72,"The mentor's 27 years as McKinsey Senior Partner with sustainability and industrial focus provides relevant strategic consulting experience for PhaseTree's business model challenges (objective 3's bad point) and customer conversion issues (objective 1's bad point). However, there is no direct evidence of expertise in SaaS pricing frameworks, open-source community building, or materials science sector go-to-market strategies, limiting alignment with objectives 2 and 3.","[{'from': 'mentor', 'quote': '27 years McKinsey Senior Partner; sustainability & industrial focus; advises European green tech investors'}, {'from': 'startup', 'quote': 'Designing a scalable, long-term business model that balances royalty and SaaS revenue streams'}]","[{'objective': 1, 'alignment': 0.62, 'why': 'Industrial focus and M&A experience relevant to royalty deal structuring in alloys space'}, {'objective': 2, 'alignment': 0.45, 'why': 'General consulting background but no specific SaaS pricing expertise evident'}, {'objective': 3, 'alignment': 0.35, 'why': 'No evidence of open-source community building or developer engagement experience'}]","['No specific experience with SaaS pricing models mentioned', 'No evidence of open-source community or developer ecosystem experience', 'Unclear if mentor has direct materials science or deep-tech sector sales experience']"
startup_017,MENTOR_009,0.42,0.65,"The mentor has experience managing deep-tech startup programs and strategic IP management, which provides some general relevance to PhaseTree's business model challenges around converting service customers to scalable revenue models. However, there is no direct evidence of expertise in materials science commercialization, SaaS pricing for technical platforms, royalty agreement structuring in the alloys/steels sector, or community-building for open-source technical tools.","[{'from': 'mentor', 'quote': 'Manages deep-tech startup programs at CEA-Liten'}, {'from': 'mentor', 'quote': 'Strategic IP Management'}]","[{'objective': 1, 'alignment': 0.35, 'why': 'No evidence of steels/alloys sector or royalty deal expertise'}, {'objective': 2, 'alignment': 0.5, 'why': 'Deep-tech startup experience may inform SaaS pricing, but no direct evidence'}, {'objective': 3, 'alignment': 0.25, 'why': 'No evidence of open-source community building or technical community management'}]","['No evidence of materials science or alloys sector commercialization experience', 'No evidence of SaaS pricing or business model design expertise', 'No evidence of open-source community building or developer engagement experience', 'No evidence of royalty agreement structuring in technical sectors']"
startup_017,MENTOR_010,0.42,0.65,"The mentor has startup scaling and investment expertise that could help with business model design and customer conversion strategy (objectives 1 and 2). However, there is no evidence of domain expertise in materials science, SaaS pricing for technical products, or community building for open-source scientific software, limiting direct actionability for the startup's specific current needs.","[{'from': 'mentor', 'quote': 'Startup Scaling; Investment'}, {'from': 'startup', 'quote': 'Designing a scalable, long-term business model that balances royalty and SaaS revenue streams'}]","[{'objective': 1, 'alignment': 0.5, 'why': 'Investment and scaling experience may help structure royalty agreements, but no materials/alloys sector expertise evident'}, {'objective': 2, 'alignment': 0.55, 'why': 'Startup scaling background could inform SaaS pricing strategy, though no specific SaaS or technical product pricing expertise shown'}, {'objective': 3, 'alignment': 0.2, 'why': 'No evidence of open-source community building or developer community engagement experience'}]","['No evidence of materials science or alloys industry knowledge', 'No specific SaaS pricing or technical product commercialization experience mentioned', 'No open-source community building or developer engagement expertise evident', ""Limited detail on mentor's operational expertise beyond high-level 'startup scaling'""]"
startup_017,MENTOR_011,0.42,0.65,"The mentor has capital markets and climate finance expertise relevant to PhaseTree's green steel/decarbonization market positioning, but lacks direct experience in materials science commercialization, SaaS pricing models, or open-source community building. The mentor could provide some strategic guidance on engaging climate-focused customers and structuring royalty agreements in the decarbonization space, but cannot directly address the technical go-to-market challenges PhaseTree faces.","[{'from': 'startup', 'quote': 'Achieve royalty agreement with a customer in the steels/alloys space'}, {'from': 'mentor', 'quote': '25+ years Canadian capital markets; climate finance advisor'}]","[{'objective': 1, 'alignment': 0.55, 'why': 'Climate finance background may help structure royalty deals in green steel sector'}, {'objective': 2, 'alignment': 0.25, 'why': 'No evident SaaS pricing or B2B software commercialization expertise'}, {'objective': 3, 'alignment': 0.15, 'why': 'No demonstrated experience building open-source technical communities'}]","[""Mentor's specific experience with B2B SaaS pricing models"", ""Mentor's track record in materials/industrial tech commercialization"", ""Mentor's experience with developer community building or open-source strategies""]"
startup_017,MENTOR_012,0.42,0.65,"The mentor's B2B sales and SaaS expertise offers some relevance to Objective 2 (SaaS pricing framework) and the challenge of converting service customers to scalable models. However, there is no evidence of materials science, alloys/steels domain knowledge, or open-source community building experience, which limits direct help with Objectives 1 and 3. The mentor's funding expertise is not a current priority.","[{'from': 'mentor', 'quote': 'B2B Sales'}, {'from': 'mentor', 'quote': 'SaaS'}]","[{'objective': 1, 'alignment': 0.25, 'why': 'No steels/alloys domain expertise evident'}, {'objective': 2, 'alignment': 0.7, 'why': 'SaaS and B2B sales experience directly relevant'}, {'objective': 3, 'alignment': 0.15, 'why': 'No open-source community building experience shown'}]","['No evidence of materials science or alloys/steels industry experience', 'No evidence of open-source community building or developer engagement', 'Mentor bio is empty, limiting assessment depth']"
startup_017,MENTOR_013,0.12,0.85,"The mentor's expertise in agri-tech, entomology, and crop protection has no credible linkage to PhaseTree's current objectives around materials discovery, steels/alloys royalty agreements, SaaS pricing for computational materials platforms, or building open-source communities in computational physics. Insufficient overlap between agricultural science and advanced materials simulation.","[{'from': 'startup', 'quote': 'Achieve royalty agreement with a customer in the steels/alloys space'}, {'from': 'mentor', 'quote': 'Entomologist; crop protection & insect ecology expert'}]","[{'objective': 1, 'alignment': 0.05, 'why': 'No expertise in steels, alloys, or materials commercialization'}, {'objective': 2, 'alignment': 0.15, 'why': 'Generic project management may offer minimal SaaS pricing insight'}, {'objective': 3, 'alignment': 0.1, 'why': 'No demonstrated experience with computational physics or open-source tech communities'}]",[]
startup_017,MENTOR_014,0.22,0.75,"The mentor's expertise in brand/communications and startup scaling offers only generic value to PhaseTree's current objectives, which center on royalty agreements in steels/alloys, SaaS pricing frameworks, and growing an open-source technical community. There is no evidence of materials science, B2B enterprise sales, pricing strategy, or technical community-building experience relevant to the stated needs.","[{'from': 'mentor', 'quote': 'leads brand and communications'}, {'from': 'mentor', 'quote': 'background in film and journalism'}]","[{'objective': 1, 'alignment': 0.15, 'why': 'No steels/alloys or royalty negotiation expertise evident'}, {'objective': 2, 'alignment': 0.25, 'why': 'Generic startup scaling may tangentially help, but no SaaS pricing expertise shown'}, {'objective': 3, 'alignment': 0.28, 'why': 'Brand/communications experience could help community launch, but lacks technical community-building specifics'}]","['No evidence of B2B enterprise sales or royalty agreement experience', 'No SaaS pricing or monetization strategy expertise mentioned', 'No technical community building or open-source ecosystem experience', 'No materials science or industrial sector knowledge']"
startup_017,MENTOR_015,0.28,0.75,"The mentor's expertise in strategic IP management and patent law offers generic value but shows weak direct linkage to PhaseTree's current priorities: converting customers to royalty agreements, finalizing SaaS pricing, and building open-source community engagement. IP strategy may support long-term value capture but is not the immediate bottleneck described in objectives or CEO challenges.","[{'from': 'startup', 'quote': 'Converting services customers into higher value, more consistent and more scalable royalty-based and/or SaaS platform customers'}, {'from': 'mentor', 'quote': 'Strategic IP Management; Law'}]","[{'objective': 1, 'alignment': 0.35, 'why': 'IP strategy may indirectly support royalty negotiations but not core sales/conversion expertise needed'}, {'objective': 2, 'alignment': 0.15, 'why': 'No evident expertise in SaaS pricing frameworks or go-to-market strategy'}, {'objective': 3, 'alignment': 0.1, 'why': 'No demonstrated experience in open-source community building or developer engagement'}]","[""Mentor's experience with royalty-based business models or licensing negotiations"", ""Mentor's involvement in SaaS or software commercialization"", ""Mentor's track record in materials science or deep-tech customer acquisition""]"
startup_017,MENTOR_016,0.72,0.78,"Mentor has strong SaaS expertise and climate tech investment experience directly relevant to objectives 2 and 3, plus scaling experience applicable to objective 1's royalty conversion challenge. Platform engineering background aligns well with PhaseTree's simulation platform business model transition needs.","[{'from': 'mentor', 'quote': 'Co-founder & ex-CTO Eventbrite'}, {'from': 'mentor', 'quote': '70+ climate tech investments'}]","[{'objective': 1, 'alignment': 0.65, 'why': 'Scaling and investment expertise relevant to structuring royalty agreements, though not materials-specific'}, {'objective': 2, 'alignment': 0.85, 'why': 'Direct SaaS and platform engineering experience highly applicable to pricing framework design'}, {'objective': 3, 'alignment': 0.68, 'why': 'Eventbrite community-building experience and marketplace tech background relevant to open-source community growth'}]","['No evidence of materials science or alloys industry domain expertise', 'Unclear depth of experience with royalty-based business models specifically']"
startup_017,MENTOR_017,0.28,0.65,"The mentor's expertise in ESG, sustainability strategy, and corporate innovation provides only tangential relevance to PhaseTree's immediate objectives around royalty agreements in steels/alloys, SaaS pricing frameworks, and open-source community growth. While sustainability themes may align with green steel markets mentioned in challenges, the mentor lacks demonstrated expertise in materials science commercialization, B2B SaaS pricing, or technical community building that would directly address current needs.","[{'from': 'startup', 'quote': 'Achieve royalty agreement with a customer in the steels/alloys space'}, {'from': 'mentor', 'quote': 'Global ESG leader; CSRD & ESRS expert; AI-driven sustainability transformation'}]","[{'objective': 1, 'alignment': 0.25, 'why': 'No direct expertise in royalty deal structuring or alloys sector sales'}, {'objective': 2, 'alignment': 0.2, 'why': 'No demonstrated SaaS pricing or B2B software monetization experience'}, {'objective': 3, 'alignment': 0.15, 'why': 'No evidence of open-source community building or technical developer engagement'}]","['Mentor profile lacks detail on commercial deal structuring experience', 'No information on B2B software pricing or monetization expertise', 'No evidence of technical community building or developer relations experience']"
startup_017,MENTOR_018,0.48,0.65,"The mentor has relevant expertise in SaaS and GTM strategy that could help with Objective 2 (SaaS pricing framework) and partially address the challenge of building scalable engagement channels. However, there is no evidence of materials science, alloys/steels industry experience, or open-source community building expertise needed for Objectives 1 and 3. The mentor's operational scaling experience is generic and not clearly tied to the specific technical domain or royalty-based business model challenges PhaseTree faces.","[{'from': 'mentor', 'quote': 'SaaS; Digital Transformation'}, {'from': 'mentor', 'quote': 'Startup Scaling; Operations; GTM Strategy'}]","[{'objective': 1, 'alignment': 0.25, 'why': 'No steels/alloys industry or royalty agreement expertise evident'}, {'objective': 2, 'alignment': 0.75, 'why': 'SaaS and GTM strategy experience directly relevant to pricing framework'}, {'objective': 3, 'alignment': 0.2, 'why': 'No open-source community building or developer engagement experience shown'}]","['No evidence of materials science or alloys/steels industry knowledge', 'No demonstrated experience with royalty-based business models', 'No open-source community building or developer engagement experience', 'Unclear if GTM experience extends to technical B2B materials innovation buyers']"
startup_017,MENTOR_019,0.42,0.65,"The mentor offers relevant expertise in data-driven sales and startup scaling that could help with converting service customers to royalty/SaaS models and designing scalable business models. However, there is no evidence of domain-specific experience in materials science, B2B enterprise sales in industrial sectors (steels/alloys), or community-building for technical open-source platforms, limiting direct applicability to the startup's most pressing current objectives.","[{'from': 'mentor', 'quote': 'Data-Driven Sales'}, {'from': 'mentor', 'quote': 'Advises startups on sustainable growth, sales optimization, and investor readiness'}]","[{'objective': 1, 'alignment': 0.35, 'why': 'Sales optimization relevant but no steels/alloys or royalty-deal expertise shown'}, {'objective': 2, 'alignment': 0.55, 'why': 'Data-driven sales and scaling experience applicable to SaaS pricing framework design'}, {'objective': 3, 'alignment': 0.25, 'why': 'No evidence of open-source community building or technical community platform experience'}]","['No evidence of materials science or industrial B2B sector experience', 'No evidence of royalty-based business model expertise', 'No evidence of open-source community building or technical platform launch experience']"
startup_017,MENTOR_020,0.42,0.65,"The mentor has deep-tech investment experience and industrial tech focus, which provides some credibility for advising on business model design (objective 3's royalty/SaaS balance) and potentially customer conversion strategies. However, there is no explicit evidence of expertise in materials science commercialization, SaaS pricing frameworks, or community-building for open-source technical platforms, limiting direct alignment with the startup's most immediate tactical needs.","[{'from': 'mentor', 'quote': 'Deep-tech investor'}, {'from': 'mentor', 'quote': 'Industrial Tech'}]","[{'objective': 1, 'alignment': 0.45, 'why': 'Investment experience may help structure royalty deals, but no direct alloys/materials sector evidence'}, {'objective': 2, 'alignment': 0.35, 'why': 'No explicit SaaS pricing or go-to-market expertise mentioned'}, {'objective': 3, 'alignment': 0.25, 'why': 'No evidence of open-source community building or developer engagement experience'}]","['No evidence of materials science or alloys sector experience', 'No explicit SaaS pricing or commercialization expertise', 'No community-building or open-source platform experience', 'Mentor profile lacks sufficient detail on operational advisory capabilities']"
startup_017,MENTOR_021,0.28,0.65,"The mentor's climate tech and sustainability strategy expertise provides only tangential relevance to PhaseTree's immediate needs. While materials discovery connects to climate applications, the mentor lacks demonstrated experience in B2B SaaS pricing, royalty-based business models in materials/alloys sectors, or building technical open-source communities—the three core objectives. The consulting background may offer generic go-to-market insights but shows no direct materials industry or similar business model experience.","[{'from': 'startup', 'quote': 'Finalize SaaS pricing framework, and expose it to prospective customers to gather initial feedback.'}, {'from': 'mentor', 'quote': '20+ years energy & utilities consulting'}]","[{'objective': 1, 'alignment': 0.25, 'why': 'No demonstrated alloys/steels sector or royalty agreement experience'}, {'objective': 2, 'alignment': 0.35, 'why': 'General consulting background may help with pricing, but no SaaS-specific expertise shown'}, {'objective': 3, 'alignment': 0.15, 'why': 'No evidence of open-source community building or developer engagement experience'}]","[""Mentor's specific experience with B2B SaaS pricing models"", ""Mentor's track record with royalty-based business models"", ""Mentor's experience in materials science, alloys, or steels industries"", ""Mentor's involvement in open-source community development""]"
startup_017,MENTOR_022,0.28,0.65,"The mentor has entrepreneurship/innovation leadership experience and policy expertise, which could provide generic business model guidance. However, there is no evidence of expertise in materials science, B2B SaaS pricing, royalty agreements in industrial sectors, or community building for technical open-source projects. The mentor's domain focus (biofuels/energy) does not directly address PhaseTree's current objectives in steels/alloys commercialization, SaaS framework design, or open-source community growth.","[{'from': 'mentor', 'quote': 'Director of Entrepreneurship & Innovation at École Polytechnique'}, {'from': 'startup', 'quote': 'Converting services customers into higher value, more consistent and more scalable royalty-based and/or SaaS platform customers'}]","[{'objective': 1, 'alignment': 0.25, 'why': 'No evidence of steels/alloys sector or royalty deal expertise'}, {'objective': 2, 'alignment': 0.35, 'why': 'General entrepreneurship background may help with pricing frameworks generically'}, {'objective': 3, 'alignment': 0.15, 'why': 'No evidence of open-source community building or technical community management'}]","[""Mentor's specific experience with B2B SaaS pricing models"", ""Mentor's experience with royalty-based business models in industrial sectors"", ""Mentor's experience with open-source community building"", ""Mentor's knowledge of materials science or advanced manufacturing sectors""]"
startup_017,MENTOR_023,0.12,0.85,"Insufficient info and weak alignment. The mentor's expertise in global finance, institutional sales, and fintech does not credibly address PhaseTree's current objectives: securing royalty agreements in steels/alloys, finalizing SaaS pricing for materials simulation software, or growing an open-source computational materials community. The startup's challenges center on converting technical services customers and reaching materials-innovation decision-makers, which require domain-specific go-to-market and pricing expertise in B2B SaaS or materials/industrial sectors—not institutional finance or ESG risk assessment.","[{'from': 'mentor', 'quote': '35 years global finance leadership; former Amundi Global Head of Sales; ex-CEO SGAM Asia'}, {'from': 'startup', 'quote': 'Achieve royalty agreement with a customer in the steels/alloys space'}]","[{'objective': 1, 'alignment': 0.1, 'why': 'No steels/alloys or materials industry experience evident'}, {'objective': 2, 'alignment': 0.15, 'why': 'Finance background may offer generic pricing insight, but no SaaS or technical software pricing expertise shown'}, {'objective': 3, 'alignment': 0.05, 'why': 'No open-source community building or developer engagement experience evident'}]","['Mentor bio is empty; no detailed expertise or case examples provided', 'No evidence of B2B SaaS, materials industry, or technical community-building experience', 'No indication of go-to-market strategy for industrial/technical software customers']"
startup_017,MENTOR_024,0.12,0.85,"Insufficient info to assess fit. The mentor profile provides only academic affiliation (PhD Candidate at Carnegie Mellon) and CDL fellowship status, with no expertise areas, operational experience, or domain knowledge described. Cannot determine ability to help with royalty agreements, SaaS pricing, or community building for materials science software.","[{'from': 'mentor', 'quote': 'PhD Candidate'}, {'from': 'startup', 'quote': 'Achieve royalty agreement with a customer in the steels/alloys space'}]","[{'objective': 1, 'alignment': 0.1, 'why': 'No evidence of commercial deal-making or metals industry expertise'}, {'objective': 2, 'alignment': 0.15, 'why': 'No evidence of SaaS pricing or business model design experience'}, {'objective': 3, 'alignment': 0.12, 'why': 'No evidence of open-source community building or developer engagement experience'}]","[""Mentor's domain expertise and technical focus areas"", ""Mentor's operational or commercial experience"", ""Mentor's relevant industry connections or background"", ""Mentor's experience with SaaS business models or pricing"", ""Mentor's experience with community building or developer relations""]"
startup_017,MENTOR_025,0.28,0.65,"The mentor's automotive industry experience provides limited generic relevance to PhaseTree's materials discovery business. While automotive is one target sector mentioned, the mentor's expertise in SDV transformation and joint ventures does not directly address the startup's immediate needs: converting customers to royalty agreements, finalizing SaaS pricing, or building open-source community engagement in computational materials science.","[{'from': 'startup', 'quote': 'Converting services customers into higher value, more consistent and more scalable royalty-based and/or SaaS platform customers'}, {'from': 'mentor', 'quote': '30+ years automotive leadership; GM Canada & China; SDV transformation expert'}]","[{'objective': 1, 'alignment': 0.25, 'why': 'No direct steels/alloys or royalty negotiation expertise evident'}, {'objective': 2, 'alignment': 0.35, 'why': 'General business experience but no SaaS pricing specialization shown'}, {'objective': 3, 'alignment': 0.15, 'why': 'No open-source community building or technical community engagement expertise'}]","[""Mentor's specific experience with B2B SaaS pricing models"", ""Mentor's knowledge of materials science industry dynamics"", ""Mentor's track record with royalty-based business model negotiations""]"
startup_017,MENTOR_026,0.42,0.65,"The mentor has SaaS expertise relevant to Objective 2 (finalizing SaaS pricing framework) and general operations experience that could support business model design. However, there is no evidence of materials science, alloys/steels domain knowledge, or community-building experience needed for Objectives 1 and 3. The match is partial and generic.","[{'from': 'mentor', 'quote': 'SaaS'}, {'from': 'mentor', 'quote': 'Operations'}]","[{'objective': 1, 'alignment': 0.15, 'why': 'No steels/alloys or materials industry expertise evident'}, {'objective': 2, 'alignment': 0.7, 'why': 'SaaS experience directly relevant to pricing framework design'}, {'objective': 3, 'alignment': 0.2, 'why': 'No evidence of open-source community building or developer engagement'}]","['No materials science or alloys/steels industry experience mentioned', 'No evidence of open-source community building or developer engagement expertise', 'Limited detail on SaaS pricing or business model design experience']"
startup_017,MENTOR_027,0.28,0.75,"The mentor's background in industrial automation and M&A may offer generic strategic guidance, but there is no direct evidence of expertise in materials science, SaaS pricing for technical platforms, royalty-based business models in the materials sector, or community-building for open-source scientific software. The startup's current objectives require domain-specific knowledge in materials commercialization and technical community engagement that the mentor's profile does not demonstrate.","[{'from': 'mentor', 'quote': 'Former Siemens Executive Committee; ex-McKinsey Global Director'}, {'from': 'startup', 'quote': 'Designing a scalable, long-term business model that balances royalty and SaaS revenue streams'}]","[{'objective': 1, 'alignment': 0.25, 'why': 'No materials/alloys sector expertise evident; generic industrial experience only'}, {'objective': 2, 'alignment': 0.35, 'why': 'McKinsey background may help with pricing frameworks generically, but no SaaS-specific evidence'}, {'objective': 3, 'alignment': 0.15, 'why': 'No evidence of open-source community building or scientific software engagement'}]","['No evidence of materials science or alloys industry experience', 'No demonstrated expertise in SaaS pricing for technical/scientific platforms', 'No background in open-source community development or scientific software ecosystems', 'No specific experience with royalty-based business models in materials or deep-tech sectors']"
startup_017,MENTOR_028,0.42,0.65,"The mentor has deep experience in investment and consulting for DeepTech and climate ventures, which provides some credible value for business model design (objective 3's challenge) and potentially converting customers to scalable revenue models. However, there is no direct evidence of expertise in materials science commercialization, SaaS pricing frameworks, royalty agreements in metals/alloys, or community-building for open-source technical platforms. The fit is moderate but not strongly aligned with the startup's most immediate tactical needs.","[{'from': 'mentor', 'quote': 'DeepTech & climate venturing leader'}, {'from': 'startup', 'quote': 'Designing a scalable, long-term business model that balances royalty and SaaS revenue streams'}]","[{'objective': 1, 'alignment': 0.35, 'why': 'No direct alloys/steels or royalty negotiation expertise evident'}, {'objective': 2, 'alignment': 0.4, 'why': 'Investment background may inform SaaS pricing, but no explicit SaaS expertise shown'}, {'objective': 3, 'alignment': 0.25, 'why': 'No evidence of open-source community building or technical community engagement'}]","['No specific experience in materials science or metals/alloys sector commercialization', 'No evidence of SaaS pricing or go-to-market expertise', 'No track record in open-source community building or developer engagement']"
startup_017,MENTOR_029,0.12,0.85,"The mentor's expertise in autonomous systems, safety assurance, and government advisory work shows no credible linkage to PhaseTree's current objectives: securing royalty agreements in steels/alloys, finalizing SaaS pricing for materials simulation, or growing an open-source computational materials community. The mentor cannot meaningfully help with materials discovery commercialization or the specific technical/business challenges stated.","[{'from': 'startup', 'quote': 'Achieve royalty agreement with a customer in the steels/alloys space'}, {'from': 'mentor', 'quote': 'Autonomous Systems; Safety Assurance; EV; Mobility'}]","[{'objective': 1, 'alignment': 0.05, 'why': 'No expertise in materials, steels, alloys, or royalty negotiations in this domain'}, {'objective': 2, 'alignment': 0.15, 'why': 'Generic SaaS pricing knowledge possible but no materials-specific platform experience evident'}, {'objective': 3, 'alignment': 0.08, 'why': 'No demonstrated experience with computational materials science communities or open-source growth'}]",[]
startup_017,MENTOR_030,0.28,0.75,"The mentor's M&A and investment expertise could provide generic strategic guidance on business model design and customer conversion, but there is no evidence of domain knowledge in materials science, SaaS pricing for technical products, or community building for open-source scientific software. The fintech and data security background does not align with PhaseTree's current objectives in steels/alloys royalty agreements or growing a computational materials science community.","[{'from': 'mentor', 'quote': 'M&A; Corporate Restructuring; Investment'}, {'from': 'startup', 'quote': 'Designing a scalable, long-term business model that balances royalty and SaaS revenue streams'}]","[{'objective': 1, 'alignment': 0.15, 'why': 'No materials/alloys industry experience evident'}, {'objective': 2, 'alignment': 0.35, 'why': 'Generic business strategy may help but lacks SaaS pricing expertise'}, {'objective': 3, 'alignment': 0.1, 'why': 'No community building or open-source experience shown'}]","['No evidence of materials science or technical domain expertise', 'No demonstrated experience with SaaS pricing models', 'No background in open-source community development or scientific software', 'Unclear if mentor has worked with royalty-based business models in technical sectors']"
startup_017,MENTOR_031,0.42,0.65,"The mentor has deep digital marketing expertise that could help PhaseTree build scalable engagement channels to reach materials-innovation decision-makers (objective 2 challenge). However, the mentor lacks domain knowledge in B2B SaaS pricing, royalty agreements in industrial sectors, or open-source community building, limiting direct applicability to objectives 1 and 3.","[{'from': 'startup', 'quote': 'Building scalable engagement channels to reach materials-innovation decision-makers across green steel, automotive, electrical steel, advanced alloys, magnets, and batteries.'}, {'from': 'mentor', 'quote': '24+ years digital marketing'}]","[{'objective': 1, 'alignment': 0.25, 'why': 'No evidence of expertise in royalty agreements or steels/alloys sector sales'}, {'objective': 2, 'alignment': 0.45, 'why': 'Marketing experience may inform customer feedback gathering, but no SaaS pricing expertise evident'}, {'objective': 3, 'alignment': 0.55, 'why': 'Digital marketing and data-driven marketing skills could support community platform launch and member acquisition'}]","['No evidence of B2B SaaS pricing experience', 'No evidence of industrial/materials sector go-to-market experience', 'No evidence of open-source community building experience']"
startup_017,MENTOR_032,0.42,0.65,"The mentor has strong fundraising and scaling expertise that could help with business model design and customer conversion strategy (objectives 1 and 2). However, there is no evidence of materials science, SaaS pricing, or community-building experience specific to the technical domain and objective 3. Climate Tech tag provides weak domain overlap but insufficient detail for current needs.","[{'from': 'mentor', 'quote': 'Raised £2bn+; founder of Torvius; serial entrepreneur'}, {'from': 'startup', 'quote': 'Designing a scalable, long-term business model that balances royalty and SaaS revenue streams'}]","[{'objective': 1, 'alignment': 0.55, 'why': 'Fundraising/scaling experience may help structure royalty agreements, but no direct alloys/materials sector expertise shown'}, {'objective': 2, 'alignment': 0.5, 'why': 'General startup scaling and business model expertise applicable, but no specific SaaS pricing framework experience mentioned'}, {'objective': 3, 'alignment': 0.2, 'why': 'No evidence of open-source community building or developer community engagement experience'}]","['No evidence of materials science or alloys sector experience', 'No specific SaaS pricing or go-to-market strategy details', 'No community building or open-source platform experience mentioned', 'Climate Tech tag too broad to assess relevance to materials discovery']"
startup_017,MENTOR_033,0.68,0.72,"Mentor has strong strategic and business model expertise from McKinsey and BNEF leadership that directly addresses PhaseTree's challenge of designing scalable royalty/SaaS revenue models. Materials tech tag and clean tech experience provide domain context. However, lacks specific evidence of SaaS pricing expertise or open-source community building experience needed for objectives 2 and 3.","[{'from': 'startup', 'quote': 'Designing a scalable, long-term business model that balances royalty and SaaS revenue streams'}, {'from': 'mentor', 'quote': 'Former Global Head of Analysis at BNEF; ex-McKinsey Partner'}]","[{'objective': 1, 'alignment': 0.7, 'why': 'McKinsey partnership experience and materials sector knowledge support royalty deal structuring'}, {'objective': 2, 'alignment': 0.65, 'why': 'Strategic business model expertise from BNEF/McKinsey applicable to pricing frameworks, though not SaaS-specific'}, {'objective': 3, 'alignment': 0.45, 'why': 'No evidence of open-source community building or developer engagement experience'}]","['No evidence of SaaS pricing or software business model expertise', 'No evidence of open-source community building experience', 'Limited detail on specific materials sector customer engagement experience']"
startup_017,MENTOR_034,0.42,0.65,"Mentor has materials science expertise and decarbonization focus relevant to PhaseTree's green steel/alloys target market, but lacks direct evidence of commercial model design, SaaS pricing, or community-building experience. The VC background may offer some insight into converting service customers to scalable models, but connection to specific objectives is indirect.","[{'from': 'mentor', 'quote': 'Head of Science at CDR-focused VC; former Climeworks DAC chemist; PhD EPFL'}, {'from': 'startup', 'quote': 'Converting services customers into higher value, more consistent and more scalable royalty-based and/or SaaS platform customers'}]","[{'objective': 1, 'alignment': 0.5, 'why': 'Materials science background relevant to steels/alloys domain; VC experience may inform commercial negotiations'}, {'objective': 2, 'alignment': 0.25, 'why': 'No direct evidence of SaaS pricing or business model design expertise'}, {'objective': 3, 'alignment': 0.15, 'why': 'No evidence of open-source community building or developer engagement experience'}]","['No evidence of SaaS/pricing framework expertise', 'No evidence of community building or open-source engagement experience', 'Limited detail on commercial model design capabilities', 'Unclear if mentor has experience converting service contracts to royalty agreements']"
startup_018,MENTOR_001,0.42,0.75,"The mentor has strong legal and transactional expertise relevant to objective 3 (IP strategy) and some experience with complex supply agreements that could inform objective 2 (supplier agreements). However, there is no evidence of expertise in hiring/recruitment strategy (objective 1) or in biomaterials/construction sectors, limiting direct applicability to the startup's most pressing operational challenges.","[{'from': 'mentor', 'quote': 'General Counsel for EMEA and Global Head of Transactions at Lightsource bp'}, {'from': 'startup', 'quote': ""Structure comprehensive intellectual property strategy that protects the core technology, supports the company's targeted market share""}]","[{'objective': 1, 'alignment': 0.15, 'why': 'No evidence of HR or recruitment expertise'}, {'objective': 2, 'alignment': 0.5, 'why': 'Transactional experience may help structure supplier agreements'}, {'objective': 3, 'alignment': 0.75, 'why': 'Strong legal background directly relevant to IP strategy development'}]","[""No information on mentor's experience with hiring or talent acquisition"", ""No evidence of mentor's familiarity with biomaterials, construction, or manufacturing sectors"", 'Unclear if mentor has worked on IP strategies for hardware/materials companies versus energy services']"
startup_018,MENTOR_002,0.73,0.82,"Mentor has strong relevant experience for objectives 2 and 3, with deep operations management background and sustainability strategy expertise in construction materials. The 27+ years at Schlumberger and leadership at Holcim provide direct insight into supply chain management at scale and navigating IP in industrial partnerships. However, specific HR/recruitment expertise for objective 1 is not evident in the profile.","[{'from': 'mentor', 'quote': 'former Chief Sustainability & Innovation Officer at Holcim'}, {'from': 'mentor', 'quote': 'Operations Management; Sustainability Strategy'}]","[{'objective': 1, 'alignment': 0.45, 'why': 'Operations experience may inform hiring strategy, but no explicit HR expertise shown'}, {'objective': 2, 'alignment': 0.85, 'why': 'Extensive operations management and industrial scale-up experience directly applicable to supply chain'}, {'objective': 3, 'alignment': 0.88, 'why': 'Innovation officer role and industrial partnerships experience highly relevant to IP strategy and co-manufacturing'}]","['No explicit HR or talent acquisition experience mentioned for objective 1', 'Specific experience with biomass or agricultural supply chains not detailed']"
startup_018,MENTOR_003,0.42,0.55,"Mentor has relevant sustainability and industrial technology experience that provides general context for Mykor's biomaterials business. However, the profile lacks specific evidence of expertise in hiring/recruitment strategy (Objective 1), raw material supply chain management for agricultural inputs like hay/hemp (Objective 2), or IP strategy for co-manufacturing models (Objective 3). The business development and strategic partnerships background offers moderate relevance but insufficient depth for the current operational challenges.","[{'from': 'mentor', 'quote': '20+ years developing sustainable innovation'}, {'from': 'startup', 'quote': 'Securing reliable hay and hemp supply for projected industrial production and preserving healthy gross margins.'}]","[{'objective': 1, 'alignment': 0.35, 'why': 'Sold 100+ employee startup suggests hiring experience but no explicit recruitment strategy expertise'}, {'objective': 2, 'alignment': 0.45, 'why': 'Industrial technology background may help but no evidence of agricultural supply chain expertise'}, {'objective': 3, 'alignment': 0.4, 'why': 'Business development experience relevant but no specific IP strategy or co-manufacturing model expertise shown'}]","['No evidence of recruitment/hiring strategy expertise', 'No evidence of agricultural raw material supply chain experience', 'No evidence of IP strategy expertise, especially for co-manufacturing models', 'Limited detail on specific operational scale-up experience']"
startup_018,MENTOR_004,0.42,0.55,"The mentor has relevant experience in startup scaling and climate tech, which provides general context for Mykor's growth challenges. However, the profile lacks specific evidence of expertise in hiring strategy development, raw material supply chain management for biomass/agricultural inputs, or IP strategy for biotechnology/materials science. The financial and investment background may offer indirect value for operational planning but does not directly address the three stated objectives.","[{'from': 'mentor', 'quote': 'venture capital, hedge funds, investment banking'}, {'from': 'mentor', 'quote': 'Startup Scaling'}]","[{'objective': 1, 'alignment': 0.35, 'why': 'Scaling experience may inform hiring strategy indirectly, but no HR/recruitment expertise shown'}, {'objective': 2, 'alignment': 0.4, 'why': 'Financial background could help supplier negotiations, but no agricultural supply chain expertise evident'}, {'objective': 3, 'alignment': 0.5, 'why': 'Investment experience may inform IP commercialization strategy, but no biotech/materials IP expertise shown'}]","['No evidence of HR/talent acquisition expertise for objective 1', 'No evidence of agricultural/biomass supply chain experience for objective 2', 'No evidence of IP strategy expertise in biotechnology or materials science for objective 3', 'Mentor bio and profile interview fields are empty, limiting assessment depth']"
startup_018,MENTOR_005,0.28,0.65,"Insufficient info. The mentor profile provides only high-level descriptors (Founder, policy influence, government advisory, quantum/climate tech) without specific operational expertise in hiring strategy, supply chain management for biomass materials, or IP strategy for biotechnology/materials science. The stated objectives require domain-specific competencies not evidenced in the provided mentor text.","[{'from': 'mentor', 'quote': 'Founder of How to Change the World; former Head of UCL STEaPP; adjunct professor; 12+ patents; 100+ publications'}, {'from': 'startup', 'quote': 'Develop a hiring strategy to recruit the key roles required for operational scale-up'}]","[{'objective': 1, 'alignment': 0.35, 'why': 'Founder experience may offer generic hiring insights, but no evidence of operational scale-up recruitment expertise'}, {'objective': 2, 'alignment': 0.15, 'why': 'No evidence of supply chain or biomass sourcing expertise in mentor profile'}, {'objective': 3, 'alignment': 0.35, 'why': '12+ patents suggest IP experience, but no specifics on biotechnology IP strategy or co-manufacturing models'}]","[""Mentor's specific experience in operational hiring/recruitment for scale-up"", ""Mentor's expertise in agricultural/biomass supply chain management"", ""Mentor's detailed IP strategy experience in materials science or biotechnology sectors"", ""Mentor's track record addressing manufacturing scale-up challenges""]"
startup_018,MENTOR_006,0.42,0.65,"The mentor has strong sustainability and cleantech commercial development expertise relevant to Mykor's domain, but lacks direct evidence of experience in hiring strategy, raw material supply chain management, or IP strategy—the three specific objectives. The mentor's ESG and cleantech background provides general context but insufficient actionable expertise for the current operational challenges.","[{'from': 'mentor', 'quote': 'Cleantech Commercial Development'}, {'from': 'startup', 'quote': 'Securing reliable hay and hemp supply for projected industrial production and preserving healthy gross margins.'}]","[{'objective': 1, 'alignment': 0.25, 'why': 'No evidence of HR or recruitment expertise in mentor profile'}, {'objective': 2, 'alignment': 0.5, 'why': 'Cleantech commercial development may inform supplier negotiations but no direct supply chain experience stated'}, {'objective': 3, 'alignment': 0.35, 'why': 'No explicit IP strategy expertise; responsible innovation may tangentially relate'}]","['No evidence of hiring/recruitment strategy expertise', 'No evidence of supply chain or raw material sourcing experience', 'No evidence of intellectual property strategy experience', 'Mentor profile lacks operational scale-up details']"
startup_018,MENTOR_007,0.48,0.65,"The mentor has strong materials science credentials and startup scaling experience (Kurion CTO, acquired for $350M), which provides some credibility for advising on operational scale-up and IP strategy. However, there is no direct evidence of expertise in hiring strategy development, agricultural supply chain management (hay/hemp sourcing), or mycelium/bio-based materials specifically. The fit is moderate due to general scaling experience but lacks specific domain alignment with current objectives.","[{'from': 'mentor', 'quote': 'Co-founder & CTO of Kurion; Fukushima deployment; acquired by Veolia for $350M'}, {'from': 'mentor', 'quote': 'PhD Materials Science; MBA MIT Sloan'}]","[{'objective': 1, 'alignment': 0.45, 'why': 'Scaling experience from Kurion provides general hiring insights, but no specific recruitment expertise shown'}, {'objective': 2, 'alignment': 0.25, 'why': 'No evidence of agricultural supply chain or biomass sourcing experience'}, {'objective': 3, 'alignment': 0.65, 'why': 'Materials science PhD and CTO experience suggest credible IP strategy knowledge for technical innovations'}]","['No evidence of hiring/recruitment strategy expertise', 'No agricultural or biomass supply chain experience mentioned', 'No specific bio-materials or mycelium technology background', ""Limited detail on mentor's operational scaling methodologies""]"
startup_018,MENTOR_008,0.48,0.65,"The mentor's 27 years as McKinsey Senior Partner with sustainability and industrial focus provides relevant strategic consulting experience that could help with hiring strategy (objective 1) and IP strategy (objective 3). However, there is no evidence of specific expertise in supply chain management for biomass materials (objective 2), operational scale-up execution, or mycelium/biotech manufacturing, which are the startup's most pressing current needs.","[{'from': 'mentor', 'quote': '27 years McKinsey Senior Partner; sustainability & industrial focus'}, {'from': 'startup', 'quote': 'Securing reliable hay and hemp supply for projected industrial production and preserving healthy gross margins.'}]","[{'objective': 1, 'alignment': 0.65, 'why': 'McKinsey consulting background relevant for organizational design and hiring strategy'}, {'objective': 2, 'alignment': 0.25, 'why': 'No evidence of biomass supply chain or agricultural sourcing expertise'}, {'objective': 3, 'alignment': 0.55, 'why': 'Strategic consulting experience applicable to IP strategy, though no specific IP expertise mentioned'}]","['No evidence of operational scale-up experience in manufacturing', 'No specific expertise in supply chain management for agricultural/biomass materials', 'No demonstrated IP strategy development experience', ""Limited detail on mentor's specific industrial sector experience beyond 'industrial focus'""]"
startup_018,MENTOR_009,0.68,0.75,"The mentor has strong expertise in strategic IP management, directly addressing objective 3 and the CEO's challenge of developing an IP strategy for co-manufacturing. Experience managing deep-tech startup programs provides relevant insight for hiring strategy (objective 1) and operational scale-up challenges. However, no demonstrated expertise in supply chain management for biomass materials (objective 2) or agricultural commodity sourcing.","[{'from': 'mentor', 'quote': 'Strategic IP Management'}, {'from': 'mentor', 'quote': 'Manages deep-tech startup programs at CEA-Liten'}]","[{'objective': 1, 'alignment': 0.65, 'why': 'Deep-tech startup program management provides relevant hiring and scaling insights'}, {'objective': 2, 'alignment': 0.25, 'why': 'No evident expertise in agricultural supply chain or biomass sourcing'}, {'objective': 3, 'alignment': 0.95, 'why': 'Strategic IP Management directly matches IP strategy needs for co-manufacturing model'}]","[""Mentor's specific experience with supply chain development or raw material sourcing"", ""Details on mentor's hiring strategy methodologies for operational scale-up"", ""Mentor's experience with co-manufacturing business models""]"
startup_018,MENTOR_010,0.28,0.65,"The mentor has startup scaling and investment experience, which provides generic value for operational scale-up and strategic planning. However, there is no evidence of expertise in biomaterials supply chain management, mycelium biotechnology IP strategy, or construction materials sector knowledge needed to address the startup's specific current objectives around hay/hemp supplier agreements and biotech IP protection in co-manufacturing contexts.","[{'from': 'mentor', 'quote': 'Startup Scaling; Investment'}, {'from': 'startup', 'quote': 'Securing reliable hay and hemp supply for projected industrial production and preserving healthy gross margins.'}]","[{'objective': 1, 'alignment': 0.45, 'why': 'Generic scaling experience applicable to hiring strategy development'}, {'objective': 2, 'alignment': 0.15, 'why': 'No evidence of biomass supply chain or agricultural supplier expertise'}, {'objective': 3, 'alignment': 0.25, 'why': 'Investment background may inform IP strategy but lacks biotech/materials IP specialization'}]","['No evidence of construction materials or biomaterials sector experience', 'No indication of supply chain management expertise for agricultural inputs', 'No biotechnology or materials science IP strategy experience mentioned', ""Insufficient detail on mentor's operational scaling methodologies""]"
startup_018,MENTOR_011,0.28,0.72,"The mentor's expertise in climate finance, capital markets, and ESG may provide general strategic context for a sustainable materials company, but there is no evidence of direct capability to help with the three current objectives: hiring strategy for operational scale-up, securing raw material suppliers (hay/hemp), or structuring IP strategy for co-manufacturing. The mentor's background is in investment and policy influence, not operational execution, supply chain management, or intellectual property law.","[{'from': 'startup', 'quote': 'Develop a hiring strategy to recruit the key roles required for operational scale-up'}, {'from': 'mentor', 'quote': '25+ years Canadian capital markets; B20 taskforce member; speaker at COP28; climate finance advisor'}]","[{'objective': 1, 'alignment': 0.15, 'why': 'No evidence of HR or operational hiring expertise'}, {'objective': 2, 'alignment': 0.2, 'why': 'No evidence of supply chain or agricultural sourcing experience'}, {'objective': 3, 'alignment': 0.25, 'why': 'No evidence of IP strategy or legal expertise; finance background may inform commercialization context only'}]","['Mentor profile lacks detail on operational expertise, supply chain management, HR/talent acquisition, or IP strategy experience', 'No evidence mentor has worked with biomaterials, construction materials, or manufacturing scale-up', 'Mentor bio is empty; mentor_profile_int is empty']"
startup_018,MENTOR_012,0.28,0.72,"The mentor's expertise in EU-funded project coordination and public-private funding could provide generic strategic guidance, but there is no evidence of direct experience with hiring strategy, raw material supply chain management, or IP strategy development—the three specific objectives. The mentor's background in fundraising and policy is tangential to the startup's current operational challenges around scaling production, securing suppliers, and protecting technology.","[{'from': 'mentor', 'quote': '20+ years public-private funding expertise; advisor to EU governments and European Commission'}, {'from': 'startup', 'quote': 'Develop a hiring strategy to recruit the key roles required for operational scale-up'}]","[{'objective': 1, 'alignment': 0.15, 'why': 'No evidence of HR or hiring strategy expertise'}, {'objective': 2, 'alignment': 0.25, 'why': 'No demonstrated supply chain or raw material sourcing experience'}, {'objective': 3, 'alignment': 0.2, 'why': 'No stated IP strategy or legal/technology protection background'}]","['Mentor profile lacks detail on operational expertise (hiring, supply chain, IP)', 'No evidence of experience in manufacturing scale-up or biomaterials sector', 'Mentor bio field is empty, limiting assessment of relevant experience']"
startup_018,MENTOR_013,0.42,0.65,"The mentor has agri-tech and sustainable agriculture expertise relevant to Objective 2 (securing hay and hemp suppliers), and project management skills that could support Objective 1 (hiring strategy). However, there is no evident expertise in IP strategy (Objective 3), which is a critical current need. The mentor's background in crop protection and insect ecology provides limited direct applicability to mycelium-based construction materials.","[{'from': 'startup', 'quote': 'Securing reliable hay and hemp supply for projected industrial production and preserving healthy gross margins.'}, {'from': 'mentor', 'quote': 'Agri Tech; Sustainable Agriculture'}]","[{'objective': 1, 'alignment': 0.35, 'why': 'Project management experience may help with recruitment planning but no HR/talent expertise evident'}, {'objective': 2, 'alignment': 0.65, 'why': 'Agri-tech and sustainable agriculture background directly relevant to hay/hemp supplier sourcing and quality specs'}, {'objective': 3, 'alignment': 0.15, 'why': 'No IP strategy, patent, or legal expertise evident in mentor profile'}]","['No evidence of IP strategy expertise for Objective 3', ""Limited detail on mentor's specific experience with agricultural supply chain management at industrial scale"", ""No information on mentor's experience with biomass or mycelium-related materials""]"
startup_018,MENTOR_014,0.42,0.65,"The mentor has relevant experience in startup scaling and sustainable agriculture operations (Infarm), which provides some credibility for advising on supply chain challenges (Objective 2) and operational scale-up hiring (Objective 1). However, the mentor's background in brand/communications and film/journalism offers limited direct expertise for IP strategy development (Objective 3) or the technical complexities of mass production scale-up mentioned in the CEO update.","[{'from': 'startup', 'quote': 'Securing reliable hay and hemp supply for projected industrial production and preserving healthy gross margins.'}, {'from': 'mentor', 'quote': 'Co-founder of Infarm; leads brand and communications; background in film and journalism'}]","[{'objective': 1, 'alignment': 0.5, 'why': 'Startup scaling experience at Infarm provides general hiring insights, but no specific HR/recruitment expertise indicated'}, {'objective': 2, 'alignment': 0.65, 'why': 'Agri-tech and sustainable agriculture background suggests familiarity with agricultural supply chains and supplier relationships'}, {'objective': 3, 'alignment': 0.25, 'why': 'No IP strategy, legal, or technology protection expertise evident in profile'}]","[""Mentor's specific involvement in Infarm's supply chain or operations unclear"", 'No evidence of IP strategy or legal expertise', 'Unclear if mentor has experience with co-manufacturing business models']"
startup_018,MENTOR_015,0.72,0.85,"The mentor is a Partner at Mathys & Squire with expertise in Strategic IP Management and Law, directly addressing Objective 3 (IP strategy) and the CEO's challenge of developing an IP strategy for co-manufacturing. The mentor's EPO litigation background and patent law expertise provide actionable guidance for protecting core technology while enabling information sharing. However, the mentor offers limited direct help for Objectives 1 (hiring strategy) and 2 (raw material supplier agreements).","[{'from': 'startup', 'quote': ""Structure comprehensive intellectual property strategy that protects the core technology, supports the company's targeted market share""}, {'from': 'mentor', 'quote': 'Strategic IP Management; Law; EPO litigation specialist; General Editor of Encyclopedia of UK & European Patent Law'}]","[{'objective': 1, 'alignment': 0.15, 'why': 'No evidence of hiring or HR expertise'}, {'objective': 2, 'alignment': 0.1, 'why': 'No evidence of supply chain or procurement expertise'}, {'objective': 3, 'alignment': 0.95, 'why': 'Direct IP strategy and patent law expertise; highly relevant to protecting technology and enabling co-manufacturing model'}]",[]
startup_018,MENTOR_016,0.28,0.75,"The mentor's expertise in startup scaling and climate tech investment provides general strategic value, but lacks direct operational experience in manufacturing scale-up, supply chain management for physical materials, or IP strategy for biotechnology/materials science. The current objectives require hands-on expertise in industrial operations, raw material procurement, and biotech IP protection—areas not evidenced in the mentor's software/SaaS-focused background.","[{'from': 'mentor', 'quote': '70+ climate tech investments'}, {'from': 'mentor', 'quote': 'Platform Engineering; SaaS; Marketplace Tech; Climate Tech'}]","[{'objective': 1, 'alignment': 0.35, 'why': 'Scaling experience exists but in software context, not manufacturing hiring'}, {'objective': 2, 'alignment': 0.15, 'why': 'No evidence of physical supply chain or raw material procurement expertise'}, {'objective': 3, 'alignment': 0.25, 'why': 'General startup experience but no biotech/materials IP strategy background shown'}]","['No evidence of manufacturing operations experience', 'No evidence of physical supply chain or procurement expertise', 'No evidence of biotechnology or materials science IP strategy experience', 'Tech tags focus on software (SaaS, Platform, Marketplace) rather than hardware/biotech']"
startup_018,MENTOR_017,0.28,0.72,"The mentor's expertise in ESG, sustainability strategy, and corporate innovation provides only generic strategic context but lacks direct operational experience in hiring for manufacturing scale-up, industrial supply chain management for biomass materials, or IP strategy for biotechnology/materials science. The alignment is weak for all three current objectives.","[{'from': 'startup', 'quote': 'Develop a hiring strategy to recruit the key roles required for operational scale-up'}, {'from': 'mentor', 'quote': 'Global ESG leader; CSRD & ESRS expert; AI-driven sustainability transformation'}]","[{'objective': 1, 'alignment': 0.25, 'why': 'No demonstrated HR/talent acquisition expertise for manufacturing roles'}, {'objective': 2, 'alignment': 0.2, 'why': 'No evidence of supply chain management for agricultural/industrial biomass'}, {'objective': 3, 'alignment': 0.4, 'why': 'Corporate innovation experience may offer general IP strategy context but lacks biotech/materials IP specificity'}]","[""Mentor's detailed bio is empty, limiting assessment of hands-on operational experience"", ""No evidence of mentor's experience with manufacturing scale-up or industrial operations"", 'No indication of supply chain or procurement expertise in biomass/agricultural materials', 'No specific IP strategy experience mentioned for materials science or biotechnology sectors']"
startup_018,MENTOR_018,0.58,0.65,"The mentor's expertise in startup scaling, operations, and agritech provides credible support for objectives 1 (hiring strategy for scale-up) and 2 (securing raw material suppliers for hay/hemp). However, there is no evidence of IP strategy expertise needed for objective 3, and the mentor profile lacks specific detail on recruitment planning or supply chain management depth.","[{'from': 'startup', 'quote': 'Develop a hiring strategy to recruit the key roles required for operational scale-up'}, {'from': 'mentor', 'quote': '35+ years executive leadership; scaled fintech, agritech & deep tech startups'}]","[{'objective': 1, 'alignment': 0.65, 'why': 'Scaling experience relevant to hiring for operational scale-up'}, {'objective': 2, 'alignment': 0.7, 'why': 'Agritech background applicable to hay/hemp supply chain challenges'}, {'objective': 3, 'alignment': 0.25, 'why': 'No evidence of IP strategy expertise in profile'}]","['No specific IP strategy or legal expertise mentioned', 'Limited detail on recruitment planning methodologies', 'No explicit supply chain management credentials provided']"
startup_018,MENTOR_019,0.42,0.65,"The mentor has relevant expertise in startup scaling and sustainability strategy that could support operational scale-up and general growth challenges. However, there is no evidence of specific expertise in hiring strategy development, raw material supply chain management for biomass materials, or intellectual property strategy formulation—the three core objectives. The fit is generic rather than targeted to current needs.","[{'from': 'mentor', 'quote': 'Startup Scaling'}, {'from': 'mentor', 'quote': 'Advises startups on sustainable growth, sales optimization, and investor readiness'}]","[{'objective': 1, 'alignment': 0.35, 'why': 'General scaling advice may help but no specific hiring/recruitment expertise shown'}, {'objective': 2, 'alignment': 0.25, 'why': 'No evidence of supply chain or raw material sourcing expertise'}, {'objective': 3, 'alignment': 0.2, 'why': 'No intellectual property strategy expertise indicated in profile'}]","['No evidence of hiring strategy or HR expertise', 'No supply chain or raw material procurement experience mentioned', 'No intellectual property or legal strategy background provided', 'Mentor bio field is empty, limiting assessment depth']"
startup_018,MENTOR_020,0.28,0.65,"The mentor's expertise in deep-tech investment and board governance provides generic strategic value, but lacks direct relevance to Mykor's immediate operational needs: hiring strategy for scale-up, securing raw material suppliers (hay/hemp), and developing IP strategy for co-manufacturing. No evidence of experience in biomaterials supply chains, HR/recruitment planning, or IP structuring for manufacturing partnerships.","[{'from': 'mentor', 'quote': 'Deep-tech investor; former Swedish Technical Attaché; ex-Gartner VP'}, {'from': 'startup', 'quote': 'Develop a hiring strategy to recruit the key roles required for operational scale-up'}]","[{'objective': 1, 'alignment': 0.25, 'why': 'No demonstrated HR/recruitment expertise for operational roles'}, {'objective': 2, 'alignment': 0.15, 'why': 'No evidence of agricultural supply chain or biomass sourcing experience'}, {'objective': 3, 'alignment': 0.45, 'why': 'Investment/board experience may offer general IP strategy insights, but no specific co-manufacturing IP expertise shown'}]","['No specific expertise in operational hiring/recruitment strategy', 'No demonstrated experience with agricultural/biomass supply chain management', 'No explicit IP strategy experience, particularly for co-manufacturing models', 'Mentor profile lacks detailed background beyond high-level titles and tech tags']"
startup_018,MENTOR_021,0.28,0.65,"The mentor's climate tech and sustainability strategy expertise provides general domain alignment with Mykor's sustainable construction materials, but lacks direct evidence of capability in the three critical current needs: hiring/recruitment strategy, raw material supply chain agreements (hay/hemp), and IP strategy for co-manufacturing models. Insufficient info on operational scale-up, supply chain procurement, or IP protection experience.","[{'from': 'mentor', 'quote': 'Global Head Climate Tech'}, {'from': 'mentor', 'quote': '20+ years energy & utilities consulting'}]","[{'objective': 1, 'alignment': 0.25, 'why': 'No evidence of HR/recruitment expertise for operational scale-up'}, {'objective': 2, 'alignment': 0.2, 'why': ""Energy/utilities background doesn't indicate agricultural supply chain experience""}, {'objective': 3, 'alignment': 0.35, 'why': 'Corporate innovation experience may touch IP, but no specific IP strategy evidence'}]","['No evidence of hiring/recruitment strategy expertise', 'No evidence of agricultural supply chain or raw material procurement experience', 'No evidence of IP strategy development, particularly for co-manufacturing models', 'Mentor profile lacks detail on specific operational or legal capabilities']"
startup_018,MENTOR_022,0.28,0.65,"The mentor's expertise in energy policy and entrepreneurship provides limited direct help for Mykor's immediate operational needs: hiring strategy for scale-up, securing raw material suppliers (hay/hemp), and developing IP strategy for co-manufacturing. While the mentor has innovation leadership experience, there is insufficient evidence of expertise in supply chain management, HR/recruitment planning, or IP strategy specific to biotechnology manufacturing.","[{'from': 'mentor', 'quote': 'Director of Entrepreneurship & Innovation at École Polytechnique'}, {'from': 'startup', 'quote': 'Securing reliable hay and hemp supply for projected industrial production and preserving healthy gross margins.'}]","[{'objective': 1, 'alignment': 0.35, 'why': 'General entrepreneurship experience but no specific HR/recruitment expertise shown'}, {'objective': 2, 'alignment': 0.15, 'why': 'No evidence of supply chain or agricultural commodity sourcing expertise'}, {'objective': 3, 'alignment': 0.35, 'why': 'Innovation leadership may provide general IP awareness but no specific biotech IP strategy expertise'}]","['No evidence of supply chain management or raw material sourcing experience', 'No evidence of HR/recruitment strategy expertise for manufacturing scale-up', 'No evidence of IP strategy experience in biotechnology or co-manufacturing models', ""Limited detail on mentor's specific operational or manufacturing experience""]"
startup_018,MENTOR_023,0.28,0.72,"The mentor's finance and institutional client expertise offers limited direct help with the startup's immediate operational needs: hiring for scale-up, securing raw material suppliers (hay/hemp), and developing IP strategy for co-manufacturing. While financial acumen may tangentially support budgeting and supplier negotiations, there is no evidence of operational scale-up, supply chain management, or IP strategy experience relevant to biotech manufacturing.","[{'from': 'startup', 'quote': 'Develop a hiring strategy to recruit the key roles required for operational scale-up'}, {'from': 'mentor', 'quote': '35 years global finance leadership; former Amundi Global Head of Sales'}]","[{'objective': 1, 'alignment': 0.25, 'why': 'Finance background may help with budget planning but lacks operational hiring expertise'}, {'objective': 2, 'alignment': 0.35, 'why': 'Institutional client experience could inform supplier negotiations but no supply chain evidence'}, {'objective': 3, 'alignment': 0.2, 'why': 'No demonstrated IP strategy or biotech/manufacturing technology protection experience'}]","['No evidence of operational scale-up or hiring strategy experience', 'No supply chain or raw material sourcing expertise mentioned', 'No IP strategy or technology protection background evident', 'Limited mentor bio/profile detail provided']"
startup_018,MENTOR_024,0.12,0.85,"Insufficient information to assess fit. The mentor profile provides only academic affiliation (PhD Candidate at Carnegie Mellon) and CDL Fellow status, with no details about domain expertise, operational experience, supply chain knowledge, IP strategy capabilities, or hiring/scaling experience needed for Mykor's current objectives around recruitment strategy, raw material supplier agreements, and IP protection.","[{'from': 'mentor', 'quote': 'PhD Candidate'}, {'from': 'startup', 'quote': 'Develop a hiring strategy to recruit the key roles required for operational scale-up'}]","[{'objective': 1, 'alignment': 0.1, 'why': 'No evidence of hiring or HR strategy expertise'}, {'objective': 2, 'alignment': 0.15, 'why': 'No evidence of supply chain or procurement experience'}, {'objective': 3, 'alignment': 0.12, 'why': 'No evidence of IP strategy or legal expertise'}]","[""Mentor's domain expertise and technical specialization"", ""Mentor's operational or scaling experience"", ""Mentor's supply chain or procurement background"", ""Mentor's IP strategy or legal capabilities"", ""Mentor's hiring or organizational development experience"", ""Mentor's industry experience in construction, materials, or biotech""]"
startup_018,MENTOR_025,0.28,0.72,"The mentor's automotive and joint venture management expertise offers limited direct applicability to Mykor's current needs: hiring for biotech manufacturing scale-up, securing agricultural raw material suppliers (hay/hemp), and developing IP strategy for mycelium-based construction materials. While joint venture experience may provide generic partnership insights given Mykor's recent JV with Cordeel, the mentor lacks demonstrated expertise in biotechnology, sustainable materials, construction industry supply chains, or IP strategy for novel biomaterials.","[{'from': 'startup', 'quote': 'Secure agreements with raw material suppliers for hay and hemp capable of delivering high-volume supply'}, {'from': 'mentor', 'quote': '30+ years automotive leadership; GM Canada & China; SDV transformation expert'}]","[{'objective': 1, 'alignment': 0.25, 'why': 'Automotive hiring differs significantly from biotech manufacturing talent acquisition'}, {'objective': 2, 'alignment': 0.15, 'why': 'No demonstrated experience with agricultural supply chains or biomass sourcing'}, {'objective': 3, 'alignment': 0.2, 'why': 'Automotive IP strategy differs from biomaterials; co-manufacturing model is domain-specific'}]","['No evidence of biotech or sustainable materials expertise', 'No construction industry or building materials experience', 'No agricultural supply chain or biomass sourcing background']"
startup_018,MENTOR_026,0.28,0.72,"The mentor's expertise in digital transformation, SaaS, and operations provides only generic relevance to Mykor's current needs. There is no evidence of specific experience in hiring strategy for biotech/manufacturing scale-up, raw material supply chain management for agricultural inputs (hay/hemp), or IP strategy for biotechnology. The mentor's background lacks direct alignment with the startup's immediate operational challenges.","[{'from': 'mentor', 'quote': 'Digital transformation leader; Blockchain & Circular Economy Committee President'}, {'from': 'mentor', 'quote': 'SaaS; Robotics; Digital Transformation'}]","[{'objective': 1, 'alignment': 0.25, 'why': 'Operations tag suggests general hiring knowledge, but no biotech/manufacturing recruitment expertise evident'}, {'objective': 2, 'alignment': 0.15, 'why': 'No evidence of agricultural supply chain or raw material sourcing experience'}, {'objective': 3, 'alignment': 0.2, 'why': 'No IP strategy expertise shown; tech focus is SaaS/digital, not biotechnology patents'}]","['No evidence of biotech or materials science expertise', 'No demonstrated experience in agricultural supply chain management', 'No IP strategy experience mentioned, particularly for biotechnology', 'No manufacturing scale-up or operations management detail in profile']"
startup_018,MENTOR_027,0.28,0.75,"The mentor's expertise in industrial automation and M&A may offer generic insights into operational scale-up and process management, but there is no direct evidence of experience with biomaterials, construction materials, supply chain for agricultural inputs (hay/hemp), or IP strategy for biotechnology. The current objectives require domain-specific knowledge that is not demonstrated in the mentor profile.","[{'from': 'mentor', 'quote': 'Robotics; Industrial Automation; Space Tech'}, {'from': 'startup', 'quote': 'Securing reliable hay and hemp supply for projected industrial production and preserving healthy gross margins.'}]","[{'objective': 1, 'alignment': 0.35, 'why': 'Generic M&A and executive experience may inform hiring strategy, but no HR/recruitment specialization shown'}, {'objective': 2, 'alignment': 0.15, 'why': 'No evidence of agricultural supply chain, biomass sourcing, or construction materials procurement expertise'}, {'objective': 3, 'alignment': 0.2, 'why': 'No demonstrated IP strategy experience in biotechnology or materials science; physics PhD is distant domain'}]","['No evidence of biomaterials or construction industry experience', 'No demonstrated expertise in agricultural supply chain or biomass sourcing', 'No IP strategy experience in biotechnology or materials science', 'No specific HR/talent acquisition expertise for biotech scale-ups']"
startup_018,MENTOR_028,0.42,0.55,"The mentor has climate tech and biotechnology expertise relevant to Mykor's domain, but the profile lacks specific evidence of operational scale-up, supply chain management, or IP strategy experience that directly addresses the startup's three current objectives. The generic 'Investment; Consulting' operations tags and former CIO/VP Digital Science background suggest strategic advisory capability but insufficient detail to confirm hands-on help with hiring strategy, raw material supplier agreements, or IP structuring for co-manufacturing models.","[{'from': 'mentor', 'quote': 'Biotechnology; Climate Tech'}, {'from': 'startup', 'quote': 'Develop a hiring strategy to recruit the key roles required for operational scale-up'}]","[{'objective': 1, 'alignment': 0.35, 'why': 'No explicit HR or hiring strategy expertise shown'}, {'objective': 2, 'alignment': 0.4, 'why': 'No supply chain or raw material sourcing experience evident'}, {'objective': 3, 'alignment': 0.5, 'why': 'DeepTech background may inform IP strategy but no direct IP expertise stated'}]","['No evidence of operational scale-up or hiring strategy experience', 'No supply chain management or raw material procurement expertise mentioned', 'No explicit IP strategy or legal/licensing experience for co-manufacturing models', 'Consulting and investment tags too generic to assess actionable help for current objectives']"
startup_018,MENTOR_029,0.12,0.85,"The mentor's expertise in autonomous systems, safety assurance, and government advisory work shows no credible linkage to Mykor's current objectives around hiring strategy, raw material supply chain, or IP strategy for mycelium-based construction materials. The mentor's domain (AI, autonomy, mobility) is fundamentally misaligned with the startup's immediate operational and legal needs in sustainable construction biotechnology.","[{'from': 'mentor', 'quote': 'Autonomous Systems; Safety Assurance; EV; Mobility'}, {'from': 'startup', 'quote': 'Develop a hiring strategy to recruit the key roles required for operational scale-up'}]","[{'objective': 1, 'alignment': 0.05, 'why': 'No evidence of HR or biotech hiring expertise'}, {'objective': 2, 'alignment': 0.08, 'why': 'No supply chain experience in agricultural or biomass materials'}, {'objective': 3, 'alignment': 0.15, 'why': 'General IP awareness possible but no biotech or materials IP expertise shown'}]",[]
startup_018,MENTOR_030,0.22,0.75,"The mentor's expertise in M&A, corporate restructuring, and investment banking may provide generic strategic guidance, but there is no demonstrated expertise in operational scale-up, supply chain management for biomaterials, or IP strategy for biotechnology. The current objectives require domain-specific knowledge in manufacturing operations, agricultural supply chains, and biotech IP protection that is not evident in the mentor's profile.","[{'from': 'startup', 'quote': 'Develop a hiring strategy to recruit the key roles required for operational scale-up'}, {'from': 'mentor', 'quote': 'Former Lazard & Goldman Sachs banker; ex-Citadel; Natixis executive'}]","[{'objective': 1, 'alignment': 0.25, 'why': 'Financial services background offers limited insight into manufacturing hiring needs'}, {'objective': 2, 'alignment': 0.15, 'why': 'No evidence of agricultural supply chain or biomaterial sourcing expertise'}, {'objective': 3, 'alignment': 0.28, 'why': 'M&A experience may touch on IP due diligence but not biotech IP strategy development'}]","['No evidence of operational scale-up experience in manufacturing', 'No demonstrated expertise in supply chain management for industrial biomaterials', 'No biotechnology or materials science IP strategy experience indicated', 'Tech tags (Fintech, Data Security) are unrelated to construction materials or biotechnology']"
startup_018,MENTOR_031,0.12,0.85,"The mentor's expertise in digital marketing, data-driven marketing, and UX does not align with the startup's current critical needs: hiring for operational scale-up, securing raw material suppliers (hay/hemp), and developing IP strategy for mycelium-based construction materials. There is no evidence the mentor can help with supply chain logistics, manufacturing recruitment, or biotechnology IP protection.","[{'from': 'startup', 'quote': 'Secure agreements with raw material suppliers for hay and hemp capable of delivering high-volume supply'}, {'from': 'mentor', 'quote': '24+ years digital marketing; connected medical solutions specialist'}]","[{'objective': 1, 'alignment': 0.05, 'why': 'No evidence of operational hiring or manufacturing recruitment expertise'}, {'objective': 2, 'alignment': 0.02, 'why': 'No supply chain, agriculture, or industrial sourcing background shown'}, {'objective': 3, 'alignment': 0.08, 'why': 'No biotechnology or materials science IP strategy experience evident'}]","['Mentor profile lacks detail on operational expertise, supply chain management, or IP strategy capabilities', 'No evidence of experience in construction materials, biotechnology, or manufacturing scale-up']"
startup_018,MENTOR_032,0.42,0.55,"The mentor has strong startup scaling and fundraising expertise, which could help with operational scale-up planning and strategic growth. However, there is no evidence of specific expertise in supply chain management for biomass materials, IP strategy for biotechnology, or hiring for manufacturing operations. The match is generic rather than targeted to Mykor's immediate technical and operational challenges.","[{'from': 'mentor', 'quote': 'Raised £2bn+; founder of Torvius; serial entrepreneur'}, {'from': 'mentor', 'quote': 'Startup Scaling'}]","[{'objective': 1, 'alignment': 0.45, 'why': 'Scaling experience relevant but no specific hiring/recruitment expertise shown'}, {'objective': 2, 'alignment': 0.25, 'why': 'No evidence of supply chain or biomass sourcing expertise'}, {'objective': 3, 'alignment': 0.35, 'why': 'General startup experience but no demonstrated IP strategy expertise'}]","['No evidence of supply chain or raw material sourcing experience', 'No demonstrated expertise in IP strategy for biotechnology or materials science', 'No specific experience in manufacturing operations or hiring for production scale-up', ""Limited detail on mentor's operational expertise beyond fundraising""]"
startup_018,MENTOR_033,0.42,0.65,"The mentor's background as ex-McKinsey Partner and former Global Head of Analysis at BNEF suggests strategic and analytical capabilities that could support hiring strategy development (Objective 1) and potentially IP strategy structuring (Objective 3). However, there is no direct evidence of expertise in supply chain management for biomass materials (Objective 2), operational scale-up in manufacturing, or mycelium-based biotechnology. The mentor's focus on energy policy and clean tech provides general domain alignment but lacks specific actionable expertise for the startup's most pressing operational challenges around raw material sourcing and production scale-up.","[{'from': 'mentor', 'quote': 'ex-McKinsey Partner'}, {'from': 'mentor', 'quote': 'Former Global Head of Analysis at BNEF'}]","[{'objective': 1, 'alignment': 0.55, 'why': 'McKinsey background suggests strategic hiring and organizational design experience'}, {'objective': 2, 'alignment': 0.25, 'why': 'No evidence of biomass supply chain or agricultural sourcing expertise'}, {'objective': 3, 'alignment': 0.45, 'why': 'Strategic consulting experience may help IP strategy structuring, but no direct IP expertise shown'}]","['No evidence of manufacturing scale-up experience', 'No evidence of supply chain management for agricultural/biomass materials', 'No evidence of IP strategy development experience', 'No evidence of construction materials or mycelium biotechnology domain knowledge']"
startup_018,MENTOR_034,0.42,0.65,"The mentor has materials science expertise and decarbonization focus relevant to Mykor's biomaterial technology context, but lacks direct evidence of operational scale-up, supply chain management, or IP strategy experience needed for the three stated objectives. The mentor's background in DAC chemistry and VC science leadership provides some transferable knowledge for technical feasibility challenges but limited actionable guidance for hiring strategy, supplier agreements, or IP structuring.","[{'from': 'mentor', 'quote': 'Materials Science'}, {'from': 'startup', 'quote': 'Ensuring that production remains both technically feasible and financially viable at higher volumes'}]","[{'objective': 1, 'alignment': 0.25, 'why': 'No evidence of hiring or HR strategy expertise'}, {'objective': 2, 'alignment': 0.35, 'why': 'Materials science background may inform quality specs but no supply chain experience shown'}, {'objective': 3, 'alignment': 0.5, 'why': 'VC science role may provide IP awareness but no direct IP strategy experience evident'}]","['No evidence of operational scale-up or manufacturing experience', 'No demonstrated supply chain or procurement expertise', 'No explicit IP strategy or patent portfolio management experience', 'No hiring or talent acquisition background mentioned']"
